model,fold,mae,rmse,mape,r2,price_mae,price_rmse,price_mape,price_r2
cnn1d,0,0.0149482638894771,0.0168629511595934,100.92687355949396,-0.6853048275454714,32.126678862654195,36.2865745854992,1.4851215179496102,-0.6920458064835988
cnn1d,1,0.0474535301731298,0.0517159322301377,103.5504601854743,-5.764005428732053,97.33215076414156,105.68013935758718,4.882011211177887,-6.069528624972904
cnn1d,2,0.0166620699597587,0.0208826238149789,91.11854849445302,-0.189747920345874,31.96171371777249,39.906982387466435,1.6844784480947532,-0.1821413171956856
cnn1d,3,0.0781693937591633,0.0840498696509902,92.3950967558963,-4.8390308016296855,157.58720543776852,170.22747984130584,7.474912457331313,-4.6039628032563265
cnn1d,4,0.0284254249835289,0.0316393198868322,100.15345625525455,-1.4617111588729794,62.64205466986211,69.95835427302066,2.796250848039671,-1.4655459519645977
cnn1d,5,0.0130461683605598,0.0168190439057338,144.28640010314285,-1.028700456211927,30.221676989769456,39.037780078063605,1.290857398802,-1.0268623209626888
cnn1d,6,0.0225159143689253,0.0260375386474506,98.94457889723456,-0.7363462172642055,50.61123981807375,58.42712049692949,2.27969662398281,-0.7205107159155679
cnn1d,7,0.0222260822426843,0.0275816571442183,108.19961730542563,-0.4772746001743397,52.94520978300354,65.96216779363151,2.1909136236136844,-0.4832333266520145
cnn1d,8,0.015316538090297,0.0173756153974859,408.2716696085905,-0.6292707028717579,36.528313103793856,41.42148453333944,1.5386647680977326,-0.6295689874713679
cnn1d,9,0.0125017611513489,0.0151260782089772,105.61917527928996,-0.730671499564354,30.767915686893957,37.263475585196794,1.24152191671376,-0.7380087854748976
cnn1d,10,0.0305938773337521,0.0330511600529091,132.26866051038803,-5.306832083170572,76.6754214407382,82.93172731313872,3.0054717339650794,-5.232810287716264
cnn1d,11,0.0198525748250782,0.023217444596048,155.75124867964396,-0.2900032642792838,49.15835530501922,57.64887199692566,1.9751710942227263,-0.2917908233849882
cnn1d,12,0.0205123316156918,0.0255840847057296,99.08809869959296,-0.6209346992617097,51.40590645004088,63.79869189550624,2.0842423870298155,-0.6255263972824467
cnn1d,13,0.0244584867931644,0.0345759696013707,86.44781552180595,-0.5735210020679096,57.35088112577216,80.62537054135562,2.505357586002241,-0.5746731586631539
cnn1d,14,0.0190171127953124,0.0227995360851919,101.07408905102535,-0.0421601877669717,44.63665143802041,53.33921811348504,1.922531466531812,-0.0295690881254737
cnn1d,15,0.0187215324695685,0.0216664546700823,195.4289760341738,-2.251062381373679,43.15022311541823,50.0636940890044,1.8489082554797844,-2.213151438365942
cnn1d,16,0.0184727143108911,0.023472304662986,89.65811258160974,-0.341075321684918,41.25410472193314,52.00608537213029,1.871833371088882,-0.3415573876908819
cnn1d,17,0.0481550121305122,0.053067197325028,105.91519946543002,-5.132120462185357,106.04715531106538,117.25151081927984,4.6777134306414965,-4.925364688040129
cnn1d,18,0.0225172856489951,0.0306718966247918,161.72006112559347,-0.7915513799891101,50.883630105102746,69.6825167542816,2.207982459666089,-0.7841107669941794
cnn1d,19,0.0615879267350376,0.0746061966265812,121.01152094212462,-2.885068761727554,150.61281651963023,183.5089662205956,5.889905161620418,-2.7403375115328643
cnn1d,20,0.0357718480496429,0.0488948180354149,184.2144240906682,-1.437062656867465,94.0283389912176,129.27471213940004,3.467000823226083,-1.3992520016978367
cnn1d,21,0.046856048158101,0.0622873195570882,98.19088149343628,-0.9267037075816824,123.93604077448472,163.4512623681851,4.883735152758737,-0.9413870601318066
cnn1d,22,0.0554999720551803,0.0572060190997525,102.7178353206179,-15.741823003404756,150.93837526830592,155.77263826391797,5.389667593867112,-15.107833224518824
cnn1d,23,0.0115730630398322,0.0138542106825503,137.27325991937187,-0.1357293948135198,31.93625850654171,38.19116318109625,1.1639138624696046,-0.1304826876878266
cnn1d,24,0.0389188094206467,0.0437610678218275,106.35334164799076,-3.1790657395054076,108.49988411825862,122.18546352579324,3.7986850655810422,-3.1571020145115476
cnn1d,25,0.0362632551094165,0.0398921900375483,189.9123912757571,-6.386432354602844,105.32624298065949,116.05717655240468,3.54805108522339,-6.217123434896557
cnn1d,26,0.0469876539641483,0.0538068748021068,106.55875292543772,-3.2892359098553916,137.085443323471,156.6112548464242,4.846564800190058,-3.355854045908613
cnn1d,27,0.0099059883744763,0.0112217443223323,122.56106176736058,-0.6286951887758037,28.12417647330501,31.83176690145651,0.994000064124676,-0.6268708050634924
cnn1d,28,0.0338781129584095,0.04056900726511,143.23215692132905,-2.9342984019239564,98.93053508981616,118.68004310777208,3.3073583317137443,-2.8832130540632965
cnn1d,29,0.0155948037814779,0.0186339512222394,214.8968830785905,-1.7304494838762126,46.517593969169226,55.472262182609406,1.5767601552404875,-1.746694720091032
cnn1d,30,0.0694983570098646,0.0768610627344975,106.8471278757351,-5.197210195762842,213.03898644470692,236.53745289519335,6.663463227656886,-4.941451575118623
cnn1d,31,0.0256904140075719,0.0324944317872893,127.83057467162315,-2.244160282975112,85.3547061417923,108.18522896618522,2.5174555849322338,-2.2058697757307772
cnn1d,32,0.0212428381632338,0.0280824207888372,102.83305980079,-1.189099243938851,71.84464126095861,94.57697149409135,2.163734936757523,-1.204784692724036
cnn1d,33,0.0152520699613322,0.0201660433463372,122.44927979156807,0.0788400111534847,50.96686478527611,68.06516810859858,1.5096258059466052,0.0769412761073199
cnn1d,34,0.0196625098830055,0.0238616943255643,115.09182875188912,-0.8426643011783075,70.32402331209587,85.59522085656009,1.9388730415419184,-0.8457264489460548
cnn1d,35,0.0121963727499066,0.0146216608328983,125.56809677702527,0.0775143949416201,44.15413321947972,53.020448609119654,1.2147544189768846,0.0723005487324258
cnn1d,36,0.0135319478248516,0.0166608181271317,197.9245310122413,-0.363745332716638,49.275164342641006,60.69035265613011,1.3541227040354546,-0.36335360561327
cnn1d,37,0.0034273939365184,0.0034273939365184,82.3272294732653,,12.625469345312922,12.625469345312922,0.3421527126457535,
cnn_lstm,0,0.0171587899720244,0.0190983961532775,131.0567192947312,-1.1617481481853358,36.85039143650986,41.0490908000777,1.7051423814753193,-1.1653457616569138
cnn_lstm,1,0.0461331761847012,0.0500194707870669,101.2191072222516,-5.327518406652551,94.55008045440576,102.12370015379672,4.741023079763099,-5.601715223115834
cnn_lstm,2,0.0170522324879252,0.0211881051954069,102.3366408619248,-0.2248109635067474,32.71847758270515,40.50463754451378,1.7232443074864627,-0.2178144376743076
cnn_lstm,3,0.0857454927025107,0.0926166170676066,100.50559351766006,-6.089971760212454,172.12122586823818,186.70426156264733,8.160729696869316,-5.74131105378193
cnn_lstm,4,0.029469436343998,0.0328308444987773,124.29009074592076,-1.650616662320009,64.86364431713882,72.42293597853862,2.894605546432815,-1.6423247093843911
cnn_lstm,5,0.0124086524995509,0.0156372419986043,125.20443098129076,-0.7536205768872322,28.75986850352019,36.31863141656609,1.2297891803725518,-0.7543367965145631
cnn_lstm,6,0.024703093841672,0.028565808128568,111.30657175222612,-1.0899192184570925,55.59664463829527,64.17869894706314,2.505516992088383,-1.0759181826460726
cnn_lstm,7,0.0250192072776897,0.031637089963777,107.88509499094803,-0.94362993127853,59.47428931817867,75.46236110707922,2.45702265928687,-0.9412452862566548
cnn_lstm,8,0.017767729344249,0.0210345933484565,164.23670613533682,-1.3877073644237523,42.454611675049435,50.16729714160955,1.7982248579413835,-1.3903573855746632
cnn_lstm,9,0.0161950800638455,0.0186091630833842,102.02304256213009,-1.6194833508723678,39.773560499737485,45.77409407952877,1.6036887009565854,-1.6225559636695324
cnn_lstm,10,0.0357297660416637,0.0382242337334675,165.04733340365595,-7.435589348814226,89.25949872879914,95.58912423773133,3.5009801628561177,-7.280555104417019
cnn_lstm,11,0.0194073089550718,0.0220495997603882,131.41155149602207,-0.1634919822039175,48.07636685401735,54.7058523970524,1.9382391076449097,-0.1632636192741137
cnn_lstm,12,0.0227220522444182,0.0295679074298842,98.645078338297,-1.1650450145261368,57.030189445871656,73.91044752345906,2.3164855186561617,-1.1816352488512665
cnn_lstm,13,0.0255650591988101,0.0359064777955514,92.4918842988865,-0.6969514593424235,60.01034876064273,83.82779216582139,2.621361135035407,-0.7022487873881245
cnn_lstm,14,0.0213553578403976,0.0255049315699922,105.41066842625769,-0.3041597218540584,50.1812968399041,59.73535594570294,2.163398376916921,-0.2912939497216269
cnn_lstm,15,0.0148001774767991,0.0186306083111069,96.81377771813852,-1.4038295432429275,34.218080035536765,43.179418527109654,1.4628565982315762,-1.39022612992239
cnn_lstm,16,0.0203589933276055,0.0257587511984657,94.5322506305773,-0.6150698591377515,45.524962586507606,57.16232139858382,2.0672564832489577,-0.6207672067156502
cnn_lstm,17,0.048571759168597,0.0534527376562659,107.04113455328256,-5.221545489918089,106.93817828900649,118.07233681578889,4.717392769830955,-5.00861679497339
cnn_lstm,18,0.0210535326904747,0.0290359984822702,113.49401389781588,-0.6055414948011242,47.63805117833745,66.0570166665314,2.0673907586737172,-0.6032899486461962
cnn_lstm,19,0.0587611038590132,0.0724167087261666,109.62736693720548,-2.6603825308665856,143.97854999414906,178.4241231553329,5.622655757368964,-2.5359275488024267
cnn_lstm,20,0.0262111976556595,0.037026073442892,108.03035362719766,-0.397514565813255,69.50573740716516,98.81224404684232,2.565224248544555,-0.4017489249237713
cnn_lstm,21,0.0413169875346852,0.0557110491798994,99.37896747213397,-0.541339555184253,108.758770528808,145.3198890353439,4.288321081008791,-0.5345664095063125
cnn_lstm,22,0.0583605730702935,0.0603029052773814,107.6628146674778,-17.60354738875202,158.47332354677377,163.93277063978107,5.658113283244457,-16.839650076883544
cnn_lstm,23,0.012073212478121,0.0143181604428051,131.20013200077773,-0.2130696581331228,33.319386234750844,39.46400701895868,1.2146308125008018,-0.2070923670351321
cnn_lstm,24,0.0380340693367144,0.0426803318557559,104.34511039580406,-2.9751997513527777,106.09357504361223,119.24481705762608,3.714777460696266,-2.9594113526129284
cnn_lstm,25,0.0304611038456608,0.0340013366734926,121.13923206012132,-4.366003448396348,88.80136885756981,99.30048395733834,2.989107809505842,-4.283513990124549
cnn_lstm,26,0.0377612513334002,0.0433971532057676,85.79344237269689,-1.7901456809427292,109.50183636006766,125.46344804139508,3.871352284338953,-1.7955149434940751
cnn_lstm,27,0.0103410744710392,0.012456755058873,107.1156859327662,-1.0069147472453213,29.375431854253407,35.34222649893667,1.0417990348270192,-1.00548484979817
cnn_lstm,28,0.0309499237397819,0.037197498290838,118.6077988922236,-2.3075468186105095,90.56951901705987,109.0654189152197,3.027390640320118,-2.279517643996997
cnn_lstm,29,0.014379357249123,0.0175034715061276,154.38117220299674,-1.409198706106631,42.851158062777266,52.051727651387594,1.4531406549170522,-1.418404466810546
cnn_lstm,30,0.064378165725446,0.0710785050572082,97.6742507785674,-4.299806661688282,197.9555845041683,219.49690893648577,6.192323449201695,-4.116223961841244
cnn_lstm,31,0.0244101869613783,0.0307788987895738,124.81342568308224,-1.9106538769497223,81.18677559313512,102.60178716993158,2.394598559124899,-1.8834989072048216
cnn_lstm,32,0.0216303932071136,0.0286178260849266,106.26991715154507,-1.2733674946120974,73.18098626551924,96.42284289362024,2.2041016755985052,-1.2916866913666691
cnn_lstm,33,0.0241839743081645,0.0323299861226629,116.71390792940052,-1.3675802556225831,80.20213235912414,107.98243679293068,2.367140377340049,-1.3231953823041112
cnn_lstm,34,0.0192203568134401,0.0232856557410289,93.31466235573218,-0.754771657255175,68.7676924580256,83.56890667477133,1.8968701488810211,-0.7593722700319254
cnn_lstm,35,0.014463315268114,0.0173527351135529,97.06572500464426,-0.2992779297203936,52.316773702777894,62.904946983702274,1.436329415526506,-0.3058404131831946
cnn_lstm,36,0.0144579790669618,0.0173458358639546,98.76452121206198,-0.4781928429928761,52.605568703786865,63.30069917215904,1.4335419311284872,-0.4831538476828201
cnn_lstm,37,0.0036388627356986,0.0036388627356986,87.40678574225717,,13.403039219418131,13.403039219418131,0.3632250097952835,
dnfs,0,0.0159482112012154,0.0179003176603665,111.81737009798668,-0.8990341587002058,34.25833065847955,38.49083860197211,1.5841774799003696,-0.9038595900310868
dnfs,1,0.0464437312553186,0.0505179225520885,101.68821101579834,-5.454256156226773,95.20334396443188,103.1608826692494,4.774690449092351,-5.736492048984408
dnfs,2,0.0202319852138284,0.0259275505399751,107.09401593235204,-0.8340357765820741,38.90898376835544,49.70958895036458,2.0540638555472595,-0.8342222693390053
dnfs,3,0.076257738953489,0.0817861995909456,90.56501373069356,-4.528747217236624,153.88855474529825,165.81978635766603,7.301593361175904,-4.317513574718684
dnfs,4,0.0337945795131353,0.0379731186742021,123.10338073070628,-2.5459723805806695,74.22683893281562,83.62624124889409,3.310762725932491,-2.5230522668964066
dnfs,5,0.0123145725727012,0.0150850339233178,165.43826970168544,-0.6319539530343679,28.54343511791349,35.036991851150965,1.2218065342422872,-0.6327047166713766
dnfs,6,0.024460754073222,0.0282734191045266,117.54549155580972,-1.0473548983633871,55.04226195792064,63.48030079552013,2.4835094158745905,-1.030983370133597
dnfs,7,0.0192301480762142,0.0229221032590953,149.1108923715667,-0.0203036697280285,45.8826685927811,54.92336717270197,1.9061170345259937,-0.0283334058309399
dnfs,8,0.0173000602495025,0.0207376437526425,111.96567359820678,-1.320767730811601,41.3307136991438,49.47914776326741,1.7489703466992783,-1.325229652444953
dnfs,9,0.0163752641233511,0.0186558173713895,112.28938026275104,-1.6326342189895722,40.21082716479052,45.88768649138961,1.62134460195767,-1.6355883173898045
dnfs,10,0.0289366979594961,0.0312792332923489,123.92074961761044,-4.648720055993727,72.59310350570789,78.56535435194654,2.845345894732914,-4.593770360226865
dnfs,11,0.0192640739515594,0.0216762433147195,128.18342038081715,-0.1244237447370517,47.72678016198338,53.752317173136525,1.9266281417682625,-0.1230651442011934
dnfs,12,0.0249263251195947,0.031993814497492,105.68853154980174,-1.5348822799857105,62.679292649602374,80.14390872436164,2.544654335687441,-1.5651426258131127
dnfs,13,0.0258788072440988,0.0357883939694576,105.48024207634592,-0.6858084545509997,60.76574925241853,83.54697420768137,2.652419710579181,-0.690863032278416
dnfs,14,0.0223710306156833,0.0276606756246116,99.20590909435786,-0.5339387737429968,52.608265178556714,64.86876366815325,2.274098317278623,-0.5227669628985128
dnfs,15,0.013628088840452,0.0174781555701956,109.10436866037952,-1.1156352715998934,31.536454137937607,40.55478101246945,1.347959123831191,-1.1084802229825566
dnfs,16,0.0211296284088405,0.0264657904333554,94.88758708913583,-0.7049491950376439,47.27780719402058,58.77963543964464,2.146779227267916,-0.7137785483846202
dnfs,17,0.0459331548103248,0.0512425583588862,99.2036099116398,-4.717681814354027,101.2879764567668,113.36762759215806,4.464800014008595,-4.539318116949502
dnfs,18,0.0193403484277448,0.0262955027082845,115.6749715728442,-0.3167731429911684,43.82615347046492,59.954481358293975,1.9028683366731505,-0.320740389687405
dnfs,19,0.058233068922739,0.0698719224532633,118.05200671401326,-2.4076446011724357,142.76046513258743,172.41081787059676,5.586894710714331,-2.3016059574373373
dnfs,20,0.0264306836679959,0.0373713979945471,109.01719680207871,-0.4237040327336043,70.07514479027274,99.70493881887988,2.586204700329625,-0.4271908401954365
dnfs,21,0.0725870340851776,0.0907427072504384,263.8371645929678,-3.0892071645424446,196.22704466850283,243.958607215912,7.68807456366119,-3.324818269639147
dnfs,22,0.0629596816653449,0.0659883433088999,115.0869184978682,-21.276848074690974,170.44651173574715,178.7180355325582,6.083490599020189,-20.202718018971904
dnfs,23,0.0130880195529589,0.0153641721764712,130.17746517644875,-0.3967851900686132,36.13066452676346,42.35511860317959,1.3170828006540578,-0.3904326225044869
dnfs,24,0.0374969700196772,0.0420247661953458,103.70451152950346,-2.854020259395265,104.63017374096918,117.45788324524185,3.6637340132509792,-2.8416335954718863
dnfs,25,0.0296974014110247,0.0329660269618673,108.41485639162664,-4.044198693907776,86.61562835971752,96.31890252954176,2.916114042262922,-3.9709933547662
dnfs,26,0.0234992111843228,0.0279196621411449,86.38467020486786,-0.154847700620081,67.63358850403145,79.99837361425185,2.387062555417401,-0.1365530087734845
dnfs,27,0.0118626655749076,0.0140727219394097,226.2466872703333,-1.5613875116330993,33.600089620505194,39.87651170431421,1.1815858038355669,-1.553088647481761
dnfs,28,0.0448951930270436,0.0532893112075176,276.55327460332285,-5.788264391009211,130.07912768494435,154.5525095910181,4.350889173330297,-5.585487822783195
dnfs,29,0.0286323669901376,0.0328421496178945,816.9918909635277,-7.481787507314806,86.26234766668021,98.93271346925914,2.9179191395138737,-7.736520099579138
dnfs,30,0.0664107862465602,0.0735749514591625,101.19898047977958,-4.678628073769176,203.95434249676123,226.8828584488668,6.378346386647507,-4.466333196617023
dnfs,31,0.0186532484595973,0.0229547757003024,98.29642974616122,-0.6189391139091036,62.315810218751494,76.97065337794638,1.840810972596815,-0.6227823901859573
dnfs,32,0.0447762215933472,0.0540480850218767,373.4490534551881,-7.108807452370733,154.3302106549116,186.08060787509064,4.62776648877991,-7.534883767877512
dnfs,33,0.0147599498986489,0.0198565959508589,107.85127606252264,0.1068934580202607,49.34515440755992,67.06913622377917,1.459802531027067,0.1037587792193285
dnfs,34,0.0195448285762022,0.0223336337716698,240.759806494384,-0.6142189698513232,69.99015014185599,80.04837189943808,1.9490186115067376,-0.614259341969275
dnfs,35,0.0191435956943894,0.0222265868365761,469.47395897768746,-1.1316295876232605,70.12410723811328,81.55194295099854,1.9392442044041904,-1.1947705727098556
dnfs,36,0.0172707899881763,0.0215844354287786,325.4102437118512,-1.2888746923133714,63.149756953732506,78.80216120156155,1.743927132407867,-1.2985049630269372
dnfs,37,0.0023724498380782,0.0023724498380782,56.9870945245608,,8.743987213344553,8.743987213344553,0.236963780320475,
gru,0,0.0162181997355457,0.0181658587358657,105.2505497915298,-0.955794253594257,34.833097755133394,39.07350090442676,1.6092054204402118,-0.961935923312788
gru,1,0.0469544855339263,0.0510367195907609,102.74000675800605,-5.5875016408471465,96.2792844972046,104.25522757200852,4.828480804065446,-5.880173401539914
gru,2,0.0166625310058389,0.0206970789364374,101.81133925369306,-0.1686997099703988,31.963477746846937,39.55613728143333,1.6830818598766832,-0.16144692611633
gru,3,0.0808687386117898,0.0868735926127867,95.66669101101375,-5.237955058352836,162.77832315120182,175.65751496037677,7.721847701704461,-4.967183230551406
gru,4,0.0218970990104549,0.0245912570372507,75.54083389334838,-0.4871140403617437,48.42702170141111,54.59703286212956,2.1636245902149005,-0.5016613901100049
gru,5,0.0110319080859874,0.0132651529054129,145.49076517333427,-0.2619432909605159,25.595200108946415,30.841043607691233,1.0969710754635775,-0.2650630000310938
gru,6,0.023942271970271,0.0277343637466267,107.39291735732289,-0.9700302029504804,53.86092763752333,62.26681092103929,2.4287631328919628,-0.954076950929645
gru,7,0.0227902589239134,0.028801465088663,96.13716425730934,-0.6108298913157713,54.265500183815035,68.8386744658068,2.242371841829869,-0.6154169421715632
gru,8,0.0243086277111333,0.0275998344706685,249.41570265600365,-3.1107949360694693,58.35309268294725,66.13568760334762,2.4693997087608888,-3.1542552533059567
gru,9,0.02017076433945,0.0225611027764729,157.02288361913864,-2.8501939441624127,49.41303410553844,55.35061495364968,1.992587140437716,-2.834689015253995
gru,10,0.0274843241536243,0.0300711838424075,112.28553346168462,-4.220822224491402,69.01624448512621,75.59969836600679,2.703767872942018,-4.179437675895024
gru,11,0.0221445870721438,0.0266561748489643,184.23828199471143,-0.7004255834502009,54.77008881827735,66.10863014249846,2.1960976199327407,-0.6987398833274268
gru,12,0.0213372711326382,0.0276628572860569,97.19953093945956,-0.895046290898514,53.492504594959016,69.04693590404852,2.172321637033084,-0.9039664852349872
gru,13,0.0261379219283645,0.03186547328536,249.6352251921477,-0.3364864345934626,61.26923949163897,74.23616189458316,2.64700832981981,-0.3349899550888477
gru,14,0.0238767563328176,0.0287502886968885,101.18721895119444,-0.6571692953171586,56.18857206454731,67.45025967425036,2.4256105714837597,-0.6463776295243411
gru,15,0.0208829201228316,0.0234266641714574,252.4009825364256,-2.8007604773835117,48.04636922138193,54.022306515378375,2.0611238108851215,-2.7413785837526783
gru,16,0.0186100957014304,0.0235928292242207,89.89644654752806,-0.3548828696723611,41.56565922114023,52.28050034726863,1.8859034651136624,-0.3557524460650507
gru,17,0.0564968225159073,0.0620052608138682,124.69391242627164,-7.37173459983288,123.78349473154356,136.2154893261773,5.462176862430225,-6.9970751988004
gru,18,0.0197757131908226,0.0273194638469458,116.5070640568589,-0.4213215736731661,44.79667601133726,62.24139274793324,1.9444777576164176,-0.4234190132529098
gru,19,0.0498876159092986,0.0613855552247296,93.67557441077562,-1.6301546510186733,123.05464303938022,152.42564429107549,4.805710837640014,-1.5805500953276947
gru,20,0.0239611314173237,0.0317061180044536,96.89897201665715,-0.024771809598729,63.64527737491926,84.74299346381633,2.3684968096904075,-0.0309944062038523
gru,21,0.0508867530168038,0.0668335374858771,128.9808281985977,-1.2182196425756575,135.0734643917846,176.0669639392921,5.318502604897052,-1.2526375709914208
gru,22,0.0620944131036443,0.0641766815550499,114.66938370537896,-20.07044978083633,168.26931887057998,174.08459278128424,6.0081826984102715,-19.11756648957375
gru,23,0.0106660973617612,0.012575476544289,181.71402781198057,0.0642492284376025,29.437291996536032,34.720083828028244,1.0691570689230652,0.065671332151033
gru,24,0.0418256227026173,0.047098838733687,114.063925497029,-3.840874014026848,116.38977689335206,131.24207185579633,4.074510413338389,-3.796205207054863
gru,25,0.0373358676458387,0.0411242294825141,200.30180656941093,-6.849726300021142,108.36478101812811,119.5427533044994,3.6504536347518672,-6.657140924167607
gru,26,0.034413419617641,0.0396592171285139,83.08992050426956,-1.3301971722318648,99.58449513195372,114.38580306973834,3.520398222431264,-1.3236549150485062
gru,27,0.0106411525720406,0.0126139769744247,186.96088166690768,-1.0578946699699086,30.170146006972914,35.7764241297029,1.0620128267718114,-1.0550643941465303
gru,28,0.0439175520976817,0.0517851933672414,270.97492469761926,-5.410468048781802,127.35935913735466,150.36700941609237,4.2607417613764165,-5.2336290216652674
gru,29,0.0093840555491214,0.0113017721143792,356.6934425621601,-0.0044245741120076,27.876110945984372,33.479028990173944,0.9421115655975568,-0.0004706339213875
gru,30,0.0752841175366794,0.0834237468962576,116.54836615371242,-6.300672054004678,229.9621230512932,255.72128675000567,7.191960546539603,-5.9442683034078225
gru,31,0.0142621238441154,0.0171338329469176,86.76187653720942,0.0980271494987647,47.769847521417,57.66831852322856,1.4137345925992508,0.0890710236336134
gru,32,0.0161980914616294,0.0200699315101776,129.04001895594098,-0.1181193071604236,54.57496747578691,67.26322435716132,1.6350957578113503,-0.1151948183003808
gru,33,0.0217772549124196,0.0297817959807562,100.40577122075528,-1.0090717246167809,72.37938200538413,99.73742118660324,2.1343380366069633,-0.9819639828711282
gru,34,0.0216872011630601,0.0266908151996605,155.28707019561455,-1.3055117656125708,77.45155571259536,95.54247469612118,2.1336176558282407,-1.2996475175850617
gru,35,0.0100760060989597,0.012300422537385,280.147306652186,0.3471607649856839,36.451211866778024,44.40896670238459,1.0108451622506072,0.3491785769281383
gru,36,0.0139985961598513,0.016380820556342,158.92101269522425,-0.3182929691961018,50.953716898157424,59.71961307897965,1.3955749400086384,-0.32008883973565
gru,37,0.0034218475141757,0.0034218475141757,82.19400242279555,,12.605072960971938,12.605072960971938,0.3415999666020571,
linear_regression,0,0.0173083000932987,0.0195938556994314,166.525904184431,-1.275365197687476,37.21777203004124,42.114917455038814,1.7279393268005263,-1.279250596738438
linear_regression,1,0.0455296530711619,0.050444157620188,98.74215688555012,-5.4354212497568835,93.28899070335724,102.9727448324614,4.683047668581751,-5.711943337889891
linear_regression,2,0.0216122639585923,0.0276506404489672,151.24408604492447,-1.0859083093253077,41.61028111616512,53.07502284522775,2.1992822906746623,-1.09099020076061
linear_regression,3,0.0811035143652512,0.0873811572689409,95.9679319920776,-5.311059316701445,163.22560193426733,176.65929627342075,7.74124548512565,-5.035439444886384
linear_regression,4,0.0284739596104115,0.0317103131570995,105.5487036583043,-1.4727708780882485,62.74433975981558,70.10847679380966,2.8013790235225593,-1.4761388571175695
linear_regression,5,0.012136307278036,0.0154628683722439,158.11802144085846,-0.7147287765027557,28.130365139432957,35.91403061395902,1.2024006404060144,-0.7154668105807127
linear_regression,6,0.022948465350822,0.0265881304930517,95.80771849997826,-0.8105564641067273,51.596701946025405,59.66679373102589,2.325576537554879,-0.7942948793212312
linear_regression,7,0.0126444097962182,0.0151995028963789,188.34339011592675,0.5513793209330329,30.12682565953305,36.21732968268478,1.2665448246605593,0.5528507691274833
linear_regression,8,0.0229574132182495,0.0263680990592075,148.62288545600967,-2.752066276909898,55.07138306100842,63.14544801999606,2.33089673519983,-2.78708915385949
linear_regression,9,0.0206302036561735,0.0227893640881542,171.6604055166138,-2.9284965165280794,50.52896029132462,55.905093160818744,2.0376315274687458,-2.911902300775549
linear_regression,10,0.0250260856892751,0.0278484519796773,100.1245410327611,-3.477545126649029,62.93459137269131,70.11157832083484,2.4647003806402337,-3.454736022870688
linear_regression,11,0.0209820456728588,0.0238076452674879,142.11320723680507,-0.3564221074162488,51.98368629609338,59.04865527392948,2.0975071932606686,-0.3552848722208011
linear_regression,12,0.0292661024000067,0.0361907868480225,150.63031054397095,-2.2435589967251603,73.84681231989839,90.97094961863284,2.993280964490179,-2.3050340222460286
linear_regression,13,0.0244469853068756,0.0340538043115053,95.91192236771556,-0.5263533372095375,57.32642358833359,79.3821325843107,2.5028442074205848,-0.5264848607331643
linear_regression,14,0.0227863588477609,0.0277045953610676,89.88075981989827,-0.5388138297922043,53.58696600397827,64.95891648755965,2.3135393434409437,-0.527002503162308
linear_regression,15,0.0134185575509291,0.0170325547545244,114.36317109407604,-1.0091353046068137,31.048877424827374,39.522162936146536,1.3278061547537583,-1.0024736916301138
linear_regression,16,0.0159202865951734,0.0214106850212007,83.37009851645777,-0.1158423199844018,35.492436895990295,47.403752718582126,1.6079888154471786,-0.1146188257653613
linear_regression,17,0.0421491223338223,0.0480985613377077,87.1034354655432,-4.037586862400054,93.15334205935024,106.63061613646056,4.101575057704464,-3.900518437140155
linear_regression,18,0.0214676304286382,0.029695882761197,202.5709136940967,-0.6793471598688874,48.55330507504743,67.53064448593604,2.1067944477037805,-0.6756215893451987
linear_regression,19,0.0500854943815905,0.0613213312633228,102.26509316661448,-1.6246539893276144,123.50092096540476,152.28748108486866,4.825954110845797,-1.5758740385050989
linear_regression,20,0.0236921987575593,0.0316795084596322,109.75249177004092,-0.0230524399374707,62.94208251628584,84.76538460188719,2.334748391370473,-0.0315393052445962
linear_regression,21,0.0425415488084016,0.0564939906926954,114.8609790475745,-0.5849667545064972,112.10686747951544,147.52199251124574,4.414226604948206,-0.5814268625996473
linear_regression,22,0.0554883703891023,0.0569615135355107,103.94748122980128,-15.599015622316552,150.87967862801764,155.0619972094872,5.38983829816499,-14.961199295309276
linear_regression,23,0.0158399709841004,0.0177688691360921,186.84474819197615,-0.8682322667567706,43.834658457087905,49.09538185821443,1.5988318354614486,-0.8681830561614303
linear_regression,24,0.040443626853128,0.0463999159434061,114.98318335105424,-3.6982678132058298,112.61458902361156,129.32589174458167,3.9420749537546143,-3.657175071014146
linear_regression,25,0.030773979580978,0.034499465371247,110.63901044012718,-4.52438193382595,89.69442887830182,100.72171589595294,3.018723144645013,-4.435836220231304
linear_regression,26,0.0366216378172295,0.0427005324022339,94.12722264877702,-1.7012885443401211,106.13568790831194,123.40113403989888,3.75371137356391,-1.7043673380238349
linear_regression,27,0.0104091057612283,0.0117800388915917,154.21966127244383,-0.7947853795283446,29.552073094167895,33.41868228271045,1.044097071867774,-0.7931235594244368
linear_regression,28,0.0307398999121705,0.0373748572399202,169.41698484158144,-2.3391630064821176,89.96294315042421,109.5772282856442,3.006697957681015,-2.3103693325086176
linear_regression,29,0.0096358052619441,0.0114695333176478,498.4557351089279,-0.0344648348886855,28.58134919418926,33.970793090351656,0.9645492592409288,-0.0300777610390956
linear_regression,30,0.0770611440851955,0.0854304897027743,126.04727155268398,-6.656129104749082,235.1298080217225,261.5474682037175,7.3536184903654975,-6.264299991680233
linear_regression,31,0.0266241727025671,0.0337486791278324,141.94102587743433,-2.4994353020834903,88.38503882928399,112.24176975180777,2.6065550344975765,-2.4507933418800474
linear_regression,32,0.0165561407938842,0.0196895553608794,143.03484415944175,-0.0761385357835937,55.823748976971366,66.11272047186537,1.6687763291534472,-0.0773713824340533
linear_regression,33,0.0293356753168598,0.0368250672652291,178.1281038326297,-2.0717139549620276,96.85457522539056,122.41897232092768,2.867131673834581,-1.9859116068626808
linear_regression,34,0.0281290638322899,0.033641135164425,247.34295687782648,-2.662561703399484,99.95110038746722,119.77550937809112,2.757167189693836,-2.614134867052464
linear_regression,35,0.0247760029424317,0.029779269139745,476.12372359020105,-2.8264342588127227,88.973319735898,107.06509091272002,2.4356474176586667,-2.7828252907380406
linear_regression,36,0.0314487011965038,0.0350600752786198,451.2826952836319,-5.039017924334524,112.63800096661495,125.53363418993824,3.084278967042515,-4.832965295432755
linear_regression,37,0.0012003968708066,0.0012003968708066,28.83396261775415,,4.426818967580402,4.426818967580402,0.119967668268238,
lstm,0,0.0153139011628617,0.0172660161631871,111.78142130318088,-0.7668333440421256,32.9104549639239,37.13816318201712,1.522527191149608,-0.7723970145935488
lstm,1,0.0500799847292822,0.0544645928537006,109.6066210720267,-6.502115653939124,102.88218439795304,111.4964237561145,5.159731492143136,-6.869109306610794
lstm,2,0.0118791400633934,0.0135879104226473,129.99165758514374,0.4962788635295203,22.783294108203584,26.090726231978586,1.186759256828131,0.4947062184366988
lstm,3,0.0827868983663706,0.0889863112199117,97.82652465236492,-5.54505177014052,166.4598055312636,179.72169454681028,7.896016828772715,-5.246502444933061
lstm,4,0.0263558484191852,0.0292178592812211,95.63286355309376,-1.0993246328806283,58.14860618655232,64.69144146724308,2.5962622877236163,-1.1082766019182198
lstm,5,0.012420494505122,0.0158833149412057,124.51034990855436,-0.8092459661873677,28.786593292261273,36.88803469961121,1.230192634434715,-0.8097769749194805
lstm,6,0.0230829655057488,0.0267694348119915,99.61381235558213,-0.8353330022028975,51.90201475747703,60.08312506133636,2.338968578004853,-0.8194220006769175
lstm,7,0.0246933769640962,0.0310805967488949,114.80105669829972,-0.875854791117227,58.71459527392676,74.1676573462698,2.4256858729554684,-0.8752050262929685
lstm,8,0.0186334200992239,0.0219727706900652,129.16822716925378,-1.605448569911716,44.54886242818272,52.43574819552547,1.8870911911452104,-1.6114178588434598
lstm,9,0.0197616423234647,0.0221475266457833,150.32761884589613,-2.710329030725786,48.42249743521488,54.35004928945711,1.952624105440963,-2.6973037674560407
lstm,10,0.0300443405244151,0.0324468098361695,130.08442057404994,-5.078296212959006,75.3232046225526,81.44493336292847,2.95246061832714,-5.011330843565067
lstm,11,0.0206606192343722,0.023734108492517,149.40832329180705,-0.3480556471786156,51.1628016834989,58.89693640051119,2.0592205054394266,-0.3483293156090068
lstm,12,0.0171147552971228,0.0223928312681561,98.35367409370464,-0.2417774413588826,42.75382463226392,55.65475849223652,1.7356405264590449,-0.2370153338984637
lstm,13,0.0247861202276122,0.0349796584340825,90.36197130899716,-0.6104785220536044,58.13762213944881,81.5957438656025,2.539554108437593,-0.612805476762541
lstm,14,0.0234961009951097,0.0281503307286992,106.76476137232088,-0.5887276757776134,55.27980608528419,66.02285657127065,2.385261467957881,-0.577432650919329
lstm,15,0.0168998151890025,0.020227276204937,149.6994844380733,-1.8335077663671424,39.00429126774488,46.80064923765957,1.669717255444894,-1.8079486806362524
lstm,16,0.0199383751218905,0.0251836016172625,93.33580255760393,-0.54375147235297,44.57179661560053,55.86458708159307,2.023472664040799,-0.5480112486253572
lstm,17,0.0514367974298741,0.0565980779920841,113.14994867509265,-5.9752815353274595,113.04657116655753,124.76840523032628,4.987145525682498,-5.709457993509009
lstm,18,0.0204613653657464,0.0282906971534753,114.83658826400338,-0.5241766483662393,46.322051226435136,64.40270162492932,2.010326079172424,-0.5239907473160508
lstm,19,0.0565254428096788,0.0683526675235833,111.24416525816412,-2.26106792363019,138.74300685944308,168.85027414236558,5.426179574031439,-2.166647745559594
lstm,20,0.0261329250994347,0.0368728383276997,107.5825075543418,-0.385971069493763,69.30295282670716,98.41319027414906,2.5581518039197735,-0.3904498458181327
lstm,21,0.0446303345711047,0.0598798361867471,89.34298326433655,-0.7806429974488125,117.8170269463487,156.78196611314232,4.645498709543435,-0.7861905412039076
lstm,22,0.0582366454043285,0.0601632691936531,107.45273965307084,-17.51749120722466,158.14803247868588,163.56637925892926,5.646533243398552,-16.759995598296207
lstm,23,0.0141551188327132,0.0168977582766326,97.03559232729808,-0.6895438867793133,39.10137253476705,46.59421741847747,1.4281690756873655,-0.682682538604759
lstm,24,0.0392149175612697,0.0440716821584517,107.19158702116336,-3.2386019734021927,109.30609462513372,123.03075844082768,3.826960726658995,-3.2148197195123904
lstm,25,0.0333097085620609,0.0368649143134223,152.9286455340819,-5.307909065857626,96.93140950438064,107.46605671568582,3.264040911199494,-5.188177443869443
lstm,26,0.0342549171739619,0.0394857495510023,83.25733979620922,-1.3098574034774333,99.11581352005264,113.87286365931958,3.503815420416008,-1.3028617440588284
lstm,27,0.0107959461677675,0.0128043452862555,200.86710321579267,-1.120478280519214,30.596324899327215,36.30871104983214,1.076206993409926,-1.1166704046349565
lstm,28,0.0376196339971058,0.0446012378347998,199.73350651233827,-3.7552391074871343,109.573897817813,130.1263586559948,3.66465522410565,-3.6683819608158768
lstm,29,0.0095315767193156,0.0116100366341916,349.38686635913473,-0.0599647377137055,28.31723087615983,34.39196259327625,0.9575238247280564,-0.0557778789375682
lstm,30,0.0693779132623421,0.0767302863143141,106.2640815373253,-5.176139462146105,212.68533890136095,236.15225535835415,6.652372293246647,-4.9221162099754086
lstm,31,0.024321563185323,0.0306865970769742,120.91181962527892,-1.89322274631472,80.89684020134186,102.30337707357596,2.3862240805351367,-1.8667503902610076
lstm,32,0.018381752049641,0.0236899046153824,103.70789148700614,-0.557840499323301,62.02139989528701,79.51586696684053,1.8647341700364677,-0.558486252678907
lstm,33,0.0224485518137751,0.030574808160751,104.35932963004775,-1.1174889598020057,74.56407645220433,102.31155474549723,2.1990774271862428,-1.085589621092982
lstm,34,0.0229210548266764,0.0279321556431357,179.10900621728635,-1.524948781270952,81.77565154311051,99.88090090295076,2.2535950954127473,-1.5132356053025262
lstm,35,0.0161988930979578,0.0192261827179245,144.3506714601413,-0.5949692598835228,58.53980266181645,69.64241282980313,1.6059027791841325,-0.6005458594729407
lstm,36,0.0141330468720765,0.0164600094932831,124.6137394646614,-0.3310696859888897,51.434451928882346,60.060145125809015,1.4050117068787304,-0.3351865334198249
lstm,37,0.0038500468797316,0.0038500468797316,92.47950449269618,,14.179398335185397,14.179398335185397,0.3842644951547439,
lstm_gru,0,0.0163904086003579,0.0185501045152687,96.53132164764872,-1.0394075475514004,35.19764740437959,39.9064147277787,1.6241332224871052,-1.0464709910298016
lstm_gru,1,0.0471772213089833,0.0513261602760442,103.11243259259612,-5.66243191225632,96.74901909591192,104.8626357837061,4.852291901419728,-5.960577001579982
lstm_gru,2,0.0185672589982847,0.0233913455428389,100.43345340423132,-0.4927780248470552,35.66055454616473,44.770962745725114,1.8805257031150824,-0.4878682793728377
lstm_gru,3,0.0837149693516433,0.0900234451390041,98.85361168974973,-5.69850577144695,168.23789589571828,181.71399887814044,7.980019483210252,-5.385761236674636
lstm_gru,4,0.0269511828979583,0.030022982056843,95.23659176004789,-1.2166160262473866,59.44378753185822,66.45191909372251,2.653774229892641,-1.2245849133663738
lstm_gru,5,0.012911806007975,0.0164135383237212,157.34719562236972,-0.9320561565636792,29.913858229587483,38.104072224921346,1.278349039146883,-0.931064617623062
lstm_gru,6,0.022846463767481,0.0264946033583847,98.4480781123652,-0.7978411415657045,51.363442595909035,59.458576658687186,2.3145567088816494,-0.7817937566979363
lstm_gru,7,0.0239827670452053,0.0302895632996733,102.18947065424965,-0.781584982888343,57.05516984021638,72.31731143355843,2.357496849240016,-0.7828063768989841
lstm_gru,8,0.0194032350582306,0.0228656008621815,97.4167927956031,-1.821487266185819,46.413851779172504,54.59844784901,1.966348309869676,-1.8312748060404047
lstm_gru,9,0.0206864621650509,0.0231630677651759,162.48418813486225,-3.058393130204978,50.65637498242827,56.79918598087447,2.0427434176834827,-3.038029357628016
lstm_gru,10,0.0277750517664332,0.0303679141498934,113.52412982648316,-4.3243645070222385,69.7341279486108,76.33208568682106,2.7319559765408536,-4.2802774678083555
lstm_gru,11,0.0205363853293633,0.0237902513227347,155.13522795781492,-0.3544408184498371,50.84915261210936,59.0483546104108,2.0447327700877227,-0.3552710705963884
lstm_gru,12,0.0146804343567198,0.0189896039862122,104.08081494728116,0.1069874412319686,36.609492926039934,47.096410925587186,1.4840755702569075,0.1141787337555846
lstm_gru,13,0.0248322074417426,0.0329644258343825,149.78921958337327,-0.4302594960723893,58.230046630742734,76.7829566442252,2.5333577875591806,-0.4281592597885828
lstm_gru,14,0.0210705001878576,0.0251465820771794,106.60107779968868,-0.2677697533124317,49.50490632221984,58.887498054599874,2.13384671576512,-0.2548979511191316
lstm_gru,15,0.0193558551965825,0.0221614481137442,211.99970351848697,-2.4013072796326007,44.58848533495925,51.17781543401072,1.9112676286165189,-2.3577541766891255
lstm_gru,16,0.0193178436644432,0.0245033520778966,91.84073646965096,-0.4614794200563303,43.16534124781951,54.32611733455561,1.9593225341902925,-0.4639230892945942
lstm_gru,17,0.0522282161538002,0.0574031349018826,115.0727114292229,-6.175127060638643,114.72987282666716,126.4742131397232,5.061843971688291,-5.894172764044327
lstm_gru,18,0.0238765515652356,0.03230565376822,185.39626833059765,-0.9874905516857132,53.89084440126696,73.29118787433353,2.338793462382905,-0.973684268957936
lstm_gru,19,0.0541441690037471,0.0669764003876552,100.5439395201582,-2.1310681072878603,133.12658613001736,165.6672557809496,5.197109130723902,-2.0483832889649736
lstm_gru,20,0.0260582034653442,0.0367220174090306,106.91361591169196,-0.374656186515468,69.1094629312945,98.01971516946736,2.551379267197739,-0.3793534942794547
lstm_gru,21,0.0431068243475073,0.0580847016948289,90.45463508631435,-0.6754797203103069,113.64370191777348,151.8318456746612,4.481998075849446,-0.6751793668932033
lstm_gru,22,0.0552126432803628,0.0570199371725852,101.85790588300368,-15.6330832633645,150.1806800171524,155.28881635659906,5.361977400922012,-15.007928390807422
lstm_gru,23,0.0126345884678294,0.0150872390269702,114.07086730748404,-0.3468859812638736,34.87656689157514,41.5825545297231,1.2727282434031495,-0.3401718015076382
lstm_gru,24,0.0401353333449995,0.0450846799397612,110.0398322052019,-3.4356918034379644,111.80773872404134,125.78266021580568,3.914537329558153,-3.4054791658240706
lstm_gru,25,0.0305274739266123,0.0341422009099758,121.8323288212172,-4.410557211122498,88.99010522919691,99.70462272379706,2.995279190703606,-4.326607797299754
lstm_gru,26,0.0360739384592098,0.0414972377997261,83.98436302444047,-1.5511898357076643,104.49886123720832,119.82802344151509,3.69425839072738,-1.5500234362031875
lstm_gru,27,0.0095715685351622,0.0110003635547545,102.30875364836696,-0.5650677832194895,27.176098193591905,31.186713045454237,0.9621442551964714,-0.5616035312168985
lstm_gru,28,0.0346639169865647,0.0413689894251455,159.61696792032416,-3.0909894477269555,101.17075184992764,120.95504323972088,3.3826978094679063,-3.0335160579417533
lstm_gru,29,0.0118123088568252,0.0147308350588556,145.20779816216418,-0.7063926465780208,35.13307716752522,43.70498702664241,1.1917044059131532,-0.7049852651526918
lstm_gru,30,0.0702733023989774,0.0777453225361735,107.94765662815414,-5.340623937048962,215.3130760930891,239.13126112342928,6.73443506208559,-5.072470846924407
lstm_gru,31,0.0230544986472816,0.0290732437049748,120.08302363014678,-1.596996632071051,76.76062094958536,97.0358051520137,2.263924834934324,-1.579134361005782
lstm_gru,32,0.0197250594393488,0.0257641362129209,99.85140741320475,-0.8425850324099518,66.62415008658579,86.60786338620325,2.0051217470207856,-0.8488855500550307
lstm_gru,33,0.024366504873584,0.0326445547147134,117.36202138484173,-1.4138771917354416,80.79336292560126,109.00359979082904,2.384402538017611,-1.3673429056656952
lstm_gru,34,0.0224681150783041,0.0275155840597227,172.4679870474325,-1.4501977559045032,80.18777818478824,98.4175710911196,2.209443056952815,-1.4401334990832717
lstm_gru,35,0.0190844313228286,0.0225220517650255,219.69211741084607,-1.1886791019396967,68.8417792733566,81.41894602418736,1.887064798964273,-1.187617837566044
lstm_gru,36,0.013826005808427,0.0161751084985664,158.72757560003848,-0.2853903499267636,50.3281420387161,58.97534915946166,1.3784344479603396,-0.2873902937463153
lstm_gru,37,0.0041577906121626,0.0041577906121626,99.87161912791728,,15.310438123201948,15.310438123201948,0.4149158967775918,
mlp,0,0.0152307182475244,0.0172061631281058,109.0380310033418,-0.7546050402854247,32.7318036513203,37.012674415818246,1.5139534550932303,-0.7604394955824156
mlp,1,0.0553969199163458,0.060163357248253,121.86603921399188,-8.154178104486885,114.18304507968358,123.63332594169964,5.725267599504997,-8.675530983511381
mlp,2,0.0214387780927814,0.027633968668971,109.22648031656564,-1.0833936970100542,41.27062145364762,53.05080786702417,2.1791487006324193,-1.0890826469266934
mlp,3,0.0813071705021708,0.0872941171766044,96.40056097478347,-5.298492726437056,163.61890584573126,176.46526300836416,7.762207685219426,-5.0221887083316
mlp,4,0.0344361659944982,0.0384668568823604,123.78231158031726,-2.6387835172560123,75.60524620871145,84.67351644697094,3.3732673597359137,-2.6118451671417655
mlp,5,0.0176750115496898,0.0217399409726016,341.5795960780707,-2.389471912815568,40.793772161910645,50.26351107997901,1.744129796698726,-2.3601577567113723
mlp,6,0.0304951324597939,0.0353674015248038,164.16203276114285,-2.2036331287094817,68.89874971421345,79.75990633482667,3.111860247446053,-2.2062522414447914
mlp,7,0.017582984503133,0.0209776569719659,121.3765484585572,0.1454559029767458,41.986079973712776,50.32363363138496,1.7439136299287068,0.1366962667207707
mlp,8,0.0151976563278679,0.0175947086450972,349.52712483803026,-0.6706174651949204,36.25345414243384,41.93086407909111,1.5297855437089452,-0.6698945815844848
mlp,9,0.0133768134953311,0.0158718109588926,97.73930596488144,-0.905526193760982,32.90481536654431,39.09273533765905,1.3272814883314463,-0.9128343731597176
mlp,10,0.0342077331121833,0.0364125940688905,163.1933029864476,-6.654927695101196,85.52527403253787,91.13844288471444,3.3553935403786164,-6.527412133831235
mlp,11,0.0190824623286756,0.0228806114307859,158.8853831213762,-0.2528446567184568,47.255157120705505,56.84887184876211,1.8954176219356844,-0.2561869241165302
mlp,12,0.0229488439931558,0.0293719762087381,99.02053419092964,-1.1364468164369996,57.61313389384297,73.43370168472762,2.338626170588732,-1.153581540061178
mlp,13,0.0248564161555271,0.03516813066439,87.23172467914885,-0.6278799611522756,58.30674730178434,82.04999705029987,2.5474377469596168,-0.6308128209245463
mlp,14,0.0264797924724587,0.0316457260257907,119.0974514633438,-1.0077636424072427,62.421543498862135,74.39127739586918,2.694204982633701,-1.0026554497226376
mlp,15,0.0153544693521762,0.0191203647813372,109.88058976776657,-1.5318731593526116,35.48387554244764,44.29469409720586,1.517353869929653,-1.5152944006851574
mlp,16,0.0201898030028198,0.0254408987426729,93.40625744545832,-0.5754571754056828,45.14267280644201,56.45066795036223,2.0494019289007395,-0.5806623036428826
mlp,17,0.0502161627834526,0.0554626684878718,109.87843246538938,-5.698227544025269,110.4461957602108,122.36365594866892,4.8712571656178065,-5.453318182241106
mlp,18,0.0166332221853097,0.0224314557280168,176.5456623762377,0.0417850954893485,37.77031309392892,51.28977447953965,1.6433572412741404,0.0334246011123864
mlp,19,0.0626111799516734,0.0753222570237419,125.43706738223352,-2.960003401782307,153.0107661602847,185.1618678284519,5.987054517044751,-2.8080208853740904
mlp,20,0.0440150659204375,0.0583024586697082,254.0066666300627,-2.465091970171813,114.87939354620336,152.95279962453915,4.240456522512818,-2.358640869242064
mlp,21,0.0427252309741119,0.0555776680010471,142.67811066118475,-0.5339679623901397,112.60769739052756,145.03155377872656,4.424800264712803,-0.5284828563021859
mlp,22,0.0428965530879901,0.0447309716714215,78.81107671833736,-9.236133873756197,117.41505133709946,122.5847212081052,4.191230966697966,-8.975334343909898
mlp,23,0.0103095472965764,0.0124658589766799,205.91836912132945,0.0804915812176322,28.462356989711203,34.44843171217467,1.0320376543916807,0.080234628648674
mlp,24,0.0167531991323941,0.018835535683783,60.36980715827755,0.2257890069569275,47.265244013296,53.24808944747966,1.6602203102332975,0.2104863184507868
mlp,25,0.031214877466339,0.0348482837632927,135.9626773035384,-4.6366589109940115,90.95024519300487,101.71888132729411,3.0616417891876875,-4.544000772221801
mlp,26,0.0522707924777183,0.0600599569301106,117.857384850561,-4.3440981983606175,153.05486780193294,175.53637875322266,5.41184511229674,-4.472196072232075
mlp,27,0.0151689827147284,0.0164495549703272,205.1171982467689,-2.499672302960268,43.263421866514456,46.850024322404,1.5304987018333238,-2.524124276741984
mlp,28,0.0381084989080976,0.0453619571564239,205.43693869159355,-3.9188332890102617,110.94797684541147,132.2639971765399,3.710208899855063,-3.823020580167411
mlp,29,0.0215418893529252,0.0249108244780449,482.7317999826402,-3.879782226038242,64.54555172135096,74.5413880557443,2.1854972324198205,-3.959679239416044
mlp,30,0.0530947875907029,0.059408552608416,78.44722516462146,-2.702383484031743,164.39683346949636,184.86049653695247,5.137313896945472,-2.6289497994078665
mlp,31,0.0154460776251755,0.0186535833093893,86.61607808563764,-0.0690769134112299,51.69904200454298,62.707629893637815,1.529216543432626,-0.0770868230377102
mlp,32,0.0346411332100403,0.0424574150351784,264.60265622881235,-4.003840572995076,118.45333076516044,144.7710999677573,3.5562468586595166,-4.166056209093372
mlp,33,0.015443240378715,0.0207799216166346,127.77430875623875,0.0219039991518776,51.61978967519008,70.15086055405001,1.5280745109189071,0.0195047497716821
mlp,34,0.0176208886274122,0.0204097997773946,134.94614995335195,-0.3480970386196769,63.10493856365527,73.32583472565345,1.7471371040750103,-0.3545103663020399
mlp,35,0.0276713062979244,0.0322709939507958,591.3042405320755,-3.493563367312789,99.24175527925732,115.9194406159264,2.7175941789036604,-3.434381534921376
mlp,36,0.0134217292721697,0.0156509438126564,151.181732954531,-0.2034323860113975,48.86210585319377,57.07960007480167,1.3379977737287263,-0.2059548045110963
mlp,37,0.0036053203198195,0.0036053203198195,86.60108490356791,,13.279714871101078,13.279714871101078,0.3598828956007237,
naive_persistence,0,0.0164796521231572,0.0186286641784469,100.0,-1.056717900210808,35.38746337890625,40.076783705941224,1.632542562005775,-1.0639819308389566
naive_persistence,1,0.0458539918934046,0.049979955480502,100.0,-5.317524895624671,93.96107177734376,102.02186955308142,4.71294082454173,-5.588556250961501
naive_persistence,2,0.0177719188821176,0.0222426445506347,100.0,-0.3497634615833871,34.114501953125,42.54282135146752,1.798069488248905,-0.3434583101132142
naive_persistence,3,0.0852825087731523,0.092102992887572,100.0,-6.011552066532532,171.2374694824219,185.723306617262,8.118925169703447,-5.670658675269216
naive_persistence,4,0.0281510543261864,0.0313113930129879,100.0,-1.4109466163136246,62.04742431640625,69.24685301561074,2.7697194622511456,-1.4156500261169676
naive_persistence,5,0.0117332442408547,0.0149182328379151,100.0,-0.596063186488248,27.2079833984375,34.66917053873302,1.1632317181658027,-0.598604111492022
naive_persistence,6,0.0224006531438614,0.0258628512629075,100.0,-0.713125874128048,50.3490478515625,58.03496012826896,2.26732567631312,-0.6974922348451704
naive_persistence,7,0.0213420188424746,0.026518911508556,100.0,-0.3656264120258568,50.86953125,63.46899589507845,2.105053404157505,-0.3732287600968269
naive_persistence,8,0.0195059961648086,0.0230560015473561,100.0,-1.8686716620773431,46.66297607421875,55.05926585855919,1.9772567198530064,-1.879269150252992
naive_persistence,9,0.0152658634063735,0.0176364338722138,100.0,-1.3527918511915389,37.51298828125,43.40640421998576,1.5126931714710754,-1.35826643431642
naive_persistence,10,0.0252783700666751,0.0278522472913883,100.0,-3.478765649603445,63.5639892578125,70.12320286114776,2.4896246355472154,-3.456213340958561
naive_persistence,11,0.0184343872516024,0.0209627980377828,100.0,-0.0516239637582642,45.6724853515625,51.90078507482632,1.8497283196649712,-0.0470283030922626
naive_persistence,12,0.0234261624345013,0.03046623525262,100.0,-1.2985996340612038,58.83255615234375,76.21090141958364,2.389696337231709,-1.3195550016862017
naive_persistence,13,0.0259975361024634,0.0362311547314061,100.0,-0.727778875999229,61.05093994140625,84.611868002154,2.665948792848854,-0.7342413776590617
naive_persistence,14,0.0252103543355347,0.0304793977244509,100.0,-0.8624954479338023,59.3784423828125,71.58142811182576,2.56448406015518,-0.8542270901942135
naive_persistence,15,0.0143052878292712,0.0180501226531571,100.0,-1.2563678985699465,33.086962890625,41.85733844007754,1.414498567730332,-1.2460976309378804
naive_persistence,16,0.0225115214459284,0.0284842856506846,100.0,-0.9749330079474816,50.4195068359375,63.3539903283971,2.2910442269753353,-0.990897374911913
naive_persistence,17,0.0455863031451845,0.0503721456920326,100.0,-4.52508897591406,100.54659423828124,111.48900534526096,4.434363101895947,-4.357254421218284
naive_persistence,18,0.019682667506472,0.0271368974720293,100.0,-0.4023886617056285,44.5894775390625,61.8364319448168,1.9350873122029373,-0.4049569039256784
naive_persistence,19,0.0530394111685236,0.06516030526262,100.0,-1.9635695863532912,130.52049560546874,161.36586547604594,5.098037472909832,-1.892141642562464
naive_persistence,20,0.0245097300415413,0.0330618613095588,100.0,-0.1142833112351502,65.08299560546875,88.39541978943673,2.413920397851481,-0.1217813934808207
naive_persistence,21,0.0466165075646757,0.0620458476875244,100.0,-0.9117939977808368,123.2759765625,162.77213216966328,4.858384929919383,-0.9252878815679396
naive_persistence,22,0.0542071387355345,0.0559811053607651,100.0,-15.03253628892136,147.524462890625,152.5446957945667,5.26712075862203,-14.44717248155372
naive_persistence,23,0.0165853733235978,0.0194888952339048,100.0,-1.2474277180903868,45.88287353515625,53.81420352908229,1.6764622753951373,-1.244563922876726
naive_persistence,24,0.0364518847362693,0.0408844653650326,100.0,-2.6477076785207023,101.7799560546875,114.34810278797542,3.563950772506246,-2.6409065105924805
naive_persistence,25,0.027882159500464,0.0314193161793605,100.0,-3.581971923981799,81.41595458984375,91.90878133849913,2.7394966757980734,-3.5262042362735153
naive_persistence,26,0.0442506389060191,0.0506506162140627,100.0,-2.800789902125091,128.86451416015626,147.12104295036366,4.555783999572889,-2.8439432772637496
naive_persistence,27,0.0096553433326656,0.0112138621354606,100.0,-0.6264079915533354,27.41549072265625,31.79215270960256,0.9711225893292956,-0.6228240884242706
naive_persistence,28,0.0278366818314496,0.0335983114265276,100.0,-1.6984441757929951,81.64146728515625,98.75298449715832,2.7286180445403856,-1.6886624850953589
naive_persistence,29,0.0130450028982551,0.0162677449498303,100.0,-1.0810329038438335,38.835009765625,48.32527756755574,1.3175473650324838,-1.0845261763237135
naive_persistence,30,0.065780589861987,0.0726660674473256,100.0,-4.539196501459254,202.09696044921876,224.18756988552616,6.321644961216241,-4.3372284068776725
naive_persistence,31,0.0193709548938911,0.0239121198757963,100.0,-0.7567928990913255,64.68046875,80.12252609555696,1.9101253949226624,-0.758406200194069
naive_persistence,32,0.0196080383960501,0.0256642058737662,100.0,-0.8283192284628849,66.2224365234375,86.26203996318417,1.993067215621696,-0.8341499042766043
naive_persistence,33,0.0216839100027462,0.029666691851369,100.0,-0.993571949769244,72.07545166015625,99.36231680696424,2.125333304709775,-0.9670840040984532
naive_persistence,34,0.0190509060466132,0.0227935351540154,100.0,-0.6813845035210055,68.16903076171874,81.82258778213793,1.8817628374758528,-0.6866102033709873
naive_persistence,35,0.0142641909324664,0.0171161232477059,100.0,-0.2640870919301081,51.60150146484375,62.05176604018087,1.4168965114325685,-0.270658354968962
naive_persistence,36,0.0143621681889932,0.0172107306436356,100.0,-0.45525548751619,52.2599853515625,62.81312469261931,1.4241500666126987,-0.4603938167081653
naive_persistence,37,0.004163135281543,0.004163135281543,100.0,,15.330078125,15.330078125,0.4154481447049978,
rnn,0,0.0153178202497991,0.0172139543152716,104.16580338428206,-0.75619441860926,32.91527996021161,37.03558734483851,1.521588919550681,-0.7626197925334643
rnn,1,0.0440401755346818,0.0480715378505767,95.457168526976,-4.844283349641705,90.14692070462864,98.01072744001031,4.521908691348575,-5.080662902505232
rnn,2,0.0181031953875912,0.0225993866741961,104.44999689959612,-0.393407456263483,34.757906785169425,43.23640580385553,1.831780464243949,-0.3876207537684109
rnn,3,0.0786705422109942,0.0845835544585037,92.97776482721656,-4.913417481660342,158.55245909772347,171.2559796849077,7.52073785753427,-4.67188470031865
rnn,4,0.0253878937108804,0.0282943333086407,90.12658192101838,-0.9687099939694696,56.044505107963985,62.68912386374617,2.502246904638896,-0.9797863827670464
rnn,5,0.0104211882239422,0.0123381329733903,238.04590072221012,-0.0917274025630883,24.192039160698165,28.660103486783647,1.0406104139271253,-0.0924700295731877
rnn,6,0.02525848460881,0.0292679585735565,112.37167356470302,-1.1939227590531971,56.865671137337266,65.77248904232214,2.56388882100341,-1.1803035906637225
rnn,7,0.0228268805563511,0.028832392097441,99.10104634122322,-0.6142911664554966,54.35118995995883,68.91306300570385,2.2457799010539796,-0.6189101365688217
rnn,8,0.0211615725872346,0.0248426912467031,164.43505692646397,-2.3305053968426774,50.68197088662562,59.40085531658512,2.1473222120426385,-2.3512500096525972
rnn,9,0.018785141285508,0.0211717911592211,135.39040349747137,-2.3906047142673903,46.05846398058004,51.98989476243761,1.85723811676157,-2.3831645809008526
rnn,10,0.0299187540149317,0.0322946222626112,129.7803775353573,-5.021411005222682,75.01257948217592,81.06823716686307,2.940379433347977,-4.955852653513177
rnn,11,0.0205267935549413,0.023751929486871,152.77931497331406,-0.3500808095141114,50.826876829958906,58.950473393524966,2.0443570219292595,-0.3507816776391796
rnn,12,0.0181112895066811,0.0233657770217791,96.38548256435384,-0.3520296212172609,45.28619733714804,58.12884216976502,1.8380224745516784,-0.3494407581218497
rnn,13,0.024917790358286,0.0339401653748326,125.3328674284384,-0.5161833275105048,58.445051902670755,79.10760244815448,2.547317363430415,-0.5159449206427706
rnn,14,0.0217766826199548,0.0260827597602725,102.12140890016084,-0.3639220181334228,51.18287856921434,61.10372876588592,2.2074919041540566,-0.3511315365616263
rnn,15,0.017208425389661,0.0204486993790505,158.92766790811623,-1.8958827791695567,39.70672458208594,47.30124656754495,1.7001319420903112,-1.868339693321463
rnn,16,0.0175935365382747,0.0225111003332699,87.01997642112404,-0.2334886310083035,39.26798782549886,49.847978660410305,1.7811326735117523,-0.232525833269156
rnn,17,0.0519606111357468,0.0571879295385642,114.1604175208768,-6.121428552669614,114.15964693180496,126.01913526973138,5.036280942388257,-5.844648976874062
rnn,18,0.0255481979523789,0.0343038676677138,229.4724106156651,-1.2409603931649085,57.581757161087104,77.69295900462605,2.4995645159481485,-1.2178771312598975
rnn,19,0.0518043375357412,0.0633924544254823,99.07736445867393,-1.8049430171001877,127.59768938254676,157.1733925971683,4.985369793714138,-1.7438114906642754
rnn,20,0.0255764362643821,0.0345612213286898,100.0639446888504,-0.2176407924384693,67.86891234599905,92.31047961900538,2.517342220981594,-0.2233499876405418
rnn,21,0.053127224470969,0.0693167943575017,136.3466056955251,-1.3861216927373388,141.30133044457858,183.03579551020377,5.560303812916842,-1.4344879803664647
rnn,22,0.0562277840595845,0.0580564634461472,103.72867597443678,-16.24330247584037,152.85956273628153,158.02218778947625,5.457705321850638,-15.576426563635984
rnn,23,0.0105068889598799,0.0126864916624221,165.89419633876562,0.0476548648843809,29.00022853412861,35.013695775126386,1.0544141468477135,0.0498021307406467
rnn,24,0.0467047538629846,0.0527792922762029,127.6595945080458,-5.07897708462591,129.55706514250733,146.55778045469646,4.534712708414268,-4.980938808118639
rnn,25,0.0393426624614793,0.0434487459321556,223.71381388740176,-7.7622059765229,114.03059387600852,126.09243555787904,3.841578286142851,-7.519187925412231
rnn,26,0.0329596968774227,0.0380119947316846,83.84134226457333,-1.1406502588038945,95.29335635207931,109.52043977458854,3.3682993936131624,-1.1301870418595876
rnn,27,0.0092929263208706,0.0104576474957738,117.68609493156366,-0.414448279707061,26.378806332322277,29.654638743678493,0.9323168928347508,-0.4119419750713553
rnn,28,0.0429250069565367,0.0505639685724596,267.5492361225811,-5.1116832903124045,124.57101529588124,146.94242030136743,4.167537977146011,-4.952922188966881
rnn,29,0.0092867867867002,0.0113320000602248,374.2629977381909,-0.0098046674847143,27.58803977661705,33.57221847118628,0.932226316190406,-0.006048041647946
rnn,30,0.0725648058649772,0.0802575725350109,113.55669682452434,-5.757024545961203,222.0262964354065,246.4830587021557,6.944660661720213,-5.451591772237836
rnn,31,0.0159152854324569,0.0194910971650232,84.06489090839294,-0.16723145313039,53.264949354445754,65.5089952859681,1.5740723279473587,-0.1754707244746809
rnn,32,0.0159451498412756,0.0194045735758,136.24551485321385,-0.045212446216911,53.72259604536562,65.0493401746394,1.6076417556046207,-0.0429924632386078
rnn,33,0.0261347921551234,0.0347281122623331,132.62403265813666,-1.7318448238290012,86.51634031146303,115.72976218741027,2.5544056888241573,-1.6685147619654228
rnn,34,0.0208145473696801,0.0254512897410972,134.4263382123969,-1.0963474101316395,74.38434560574436,91.19591013398728,2.0497839398941444,-1.0951688366655978
rnn,35,0.0134271461254528,0.0162290659001969,93.92087795859874,-0.1364575915039936,48.591360103775784,58.856934453121575,1.3345095668264209,-0.1431830596404291
rnn,36,0.0141004397467248,0.016372841621919,130.21283518363148,-0.3170090272385895,51.31704444631939,59.73606491733723,1.402406903627048,-0.3208162684165081
rnn,37,0.0039846788461302,0.0039846788461302,95.7134125281959,,14.674249326421888,14.674249326421888,0.3976750547447414,
