mae,rmse,mape,r2,price_mae,price_rmse,price_mape,price_r2,model,best_val_loss,epochs_ran,training_time_seconds,inference_time_seconds,checkpoint_path,folds,forecast_count,run_id,market,feature_set,seed,artifact_dir,persistence_price_rmse,persistence_rmse,price_rmse_ratio_to_persistence,rmse_ratio_to_persistence,price_rmse_rank
0.0510484144439592,0.0665400295390244,100.0,-0.0676336324478075,411.4942166403873,544.3323490510911,5.018763290995183,0.966683679606178,naive_persistence,,0,0.0,0.0,,50,986,bist100__naive_persistence__close__seed1,bist100,close,1,outputs/batches/markets_matched_origins_recursive_h20/runs/bist100__naive_persistence__close__seed1/artifacts/20260716_153546_576877,544.3323490510911,0.0665400295390244,1.0,1.0,1.0
0.0517367084755818,0.0681066295467104,286.0667849620088,-0.1184975696129706,414.59796591785096,545.9590773234719,5.099098286162692,0.966484251505918,lstm_gru,0.8055886235460639,616,200.511282071996,0.6776202960081719,outputs/batches/markets_matched_origins_recursive_h20/runs/bist100__lstm_gru__close__seed1/artifacts/20260716_163512_977476/checkpoints/lstm_gru,50,986,bist100__lstm_gru__close__seed1,bist100,close,1,outputs/batches/markets_matched_origins_recursive_h20/runs/bist100__lstm_gru__close__seed1/artifacts/20260716_163512_977476,544.3323490510911,0.0665400295390244,1.0029884835527718,1.0235437227566486,2.0
0.0522594786010531,0.0682796610286012,428.993130461448,-0.1241880916904321,435.95868915111134,592.1770904004893,5.258351750011386,0.9605695308787192,dnfs,0.801492463182658,661,244.56060700299625,1.1240070109843143,outputs/batches/markets_matched_origins_recursive_h20/runs/bist100__dnfs__close__seed1/artifacts/20260716_171111_950630/checkpoints/dnfs,50,986,bist100__dnfs__close__seed1,bist100,close,1,outputs/batches/markets_matched_origins_recursive_h20/runs/bist100__dnfs__close__seed1/artifacts/20260716_171111_950630,544.3323490510911,0.0665400295390244,1.0878961932591433,1.0261441346153377,3.0
0.0563732953797536,0.0770093877405623,704.9833102812497,-0.4300249306349959,480.10859948961325,673.7024814097321,5.562197106251969,0.9489653624857092,mlp,0.8119876995496452,802,151.45778008899924,0.3131671350010947,outputs/batches/markets_matched_origins_recursive_h20/runs/bist100__mlp__close__seed1/artifacts/20260716_160558_542294/checkpoints/mlp,50,986,bist100__mlp__close__seed1,bist100,close,1,outputs/batches/markets_matched_origins_recursive_h20/runs/bist100__mlp__close__seed1/artifacts/20260716_160558_542294,544.3323490510911,0.0665400295390244,1.2376675437059101,1.1573392478793212,4.0
0.0800074423088413,0.1446407418281835,1163.6688764933865,-4.044725604385867,648.2166226139489,1096.7160981045165,7.294617522398411,0.8647562584606507,cnn1d,0.8887402699701488,658,139.49151326199944,0.4370809509932769,outputs/batches/markets_matched_origins_recursive_h20/runs/bist100__cnn1d__close__seed1/artifacts/20260716_154038_060787/checkpoints/cnn1d,50,986,bist100__cnn1d__close__seed1,bist100,close,1,outputs/batches/markets_matched_origins_recursive_h20/runs/bist100__cnn1d__close__seed1/artifacts/20260716_154038_060787,544.3323490510911,0.0665400295390244,2.0147913310983077,2.1737402707847404,5.0
0.1228548863964619,0.179163532723678,2048.431971508651,-6.74025916336944,1136.75616443656,2272.77389528498,11.80005987913469,0.4191804773966462,linear_regression,,0,0.2386470280021058,0.1943526109980666,,50,986,bist100__linear_regression__close__seed1,bist100,close,1,outputs/batches/markets_matched_origins_recursive_h20/runs/bist100__linear_regression__close__seed1/artifacts/20260716_153902_859768,544.3323490510911,0.0665400295390244,4.175342323944185,2.6925676764030015,6.0
0.0510484144439592,0.0665400295390244,100.0,-0.0676336324478075,411.4942166403873,544.3323490510911,5.018763290995183,0.966683679606178,naive_persistence,,0,0.0,0.0,,50,986,bist100__naive_persistence__close__seed7,bist100,close,7,outputs/batches/markets_matched_origins_recursive_h20/runs/bist100__naive_persistence__close__seed7/artifacts/20260716_153602_870948,544.3323490510911,0.0665400295390244,1.0,1.0,1.0
0.051494437723734,0.0684152038789583,423.4763152797034,-0.1286558027905189,424.6080522140688,574.0252789558149,5.165064017498396,0.962949781194927,dnfs,0.8037866754643619,662,240.407018963002,1.1051459690024783,outputs/batches/markets_matched_origins_recursive_h20/runs/bist100__dnfs__close__seed7/artifacts/20260716_171532_657100/checkpoints/dnfs,50,986,bist100__dnfs__close__seed7,bist100,close,7,outputs/batches/markets_matched_origins_recursive_h20/runs/bist100__dnfs__close__seed7/artifacts/20260716_171532_657100,544.3323490510911,0.0665400295390244,1.054549265639799,1.0281811467912583,2.0
0.0500095853902824,0.0703733375944233,565.3061523897778,-0.1941876220515146,413.5972734999355,592.4940709211844,4.9543433889547215,0.960527306902192,mlp,0.8101449172385037,812,153.13871713900062,0.318727415995454,outputs/batches/markets_matched_origins_recursive_h20/runs/bist100__mlp__close__seed7/artifacts/20260716_160832_810550/checkpoints/mlp,50,986,bist100__mlp__close__seed7,bist100,close,7,outputs/batches/markets_matched_origins_recursive_h20/runs/bist100__mlp__close__seed7/artifacts/20260716_160832_810550,544.3323490510911,0.0665400295390244,1.088478522274216,1.057609052505015,3.0
0.0560784211695102,0.0726039364598173,310.1800251339854,-0.2710908833108718,462.7677198084912,615.8671686683659,5.550060986670434,0.957351589843954,lstm_gru,0.8058797559514642,610,197.94558030299777,0.682365063979887,outputs/batches/markets_matched_origins_recursive_h20/runs/bist100__lstm_gru__close__seed7/artifacts/20260716_163836_758150/checkpoints/lstm_gru,50,986,bist100__lstm_gru__close__seed7,bist100,close,7,outputs/batches/markets_matched_origins_recursive_h20/runs/bist100__lstm_gru__close__seed7/artifacts/20260716_163836_758150,544.3323490510911,0.0665400295390244,1.131417542503175,1.0911317136887735,4.0
0.0908054882719912,0.1596879464806813,501.6152297540961,-5.148944029694748,709.8389639936673,1214.2374186001823,8.12603109736406,0.8342185381495857,cnn1d,0.906329866759479,697,147.15609342399875,0.4189414639977258,outputs/batches/markets_matched_origins_recursive_h20/runs/bist100__cnn1d__close__seed7/artifacts/20260716_154300_602559/checkpoints/cnn1d,50,986,bist100__cnn1d__close__seed7,bist100,close,7,outputs/batches/markets_matched_origins_recursive_h20/runs/bist100__cnn1d__close__seed7/artifacts/20260716_154300_602559,544.3323490510911,0.0665400295390244,2.230691269252884,2.399877901873,5.0
0.1228548863964619,0.179163532723678,2048.431971508651,-6.74025916336944,1136.75616443656,2272.77389528498,11.80005987913469,0.4191804773966462,linear_regression,,0,0.245305077001376,0.1965935550010726,,50,986,bist100__linear_regression__close__seed7,bist100,close,7,outputs/batches/markets_matched_origins_recursive_h20/runs/bist100__linear_regression__close__seed7/artifacts/20260716_153909_508320,544.3323490510911,0.0665400295390244,4.175342323944185,2.6925676764030015,6.0
0.0516121821933168,0.067896020105007,248.0757188817787,-0.1115906965546171,414.09972093824047,539.0062112284938,5.086068399224986,0.9673324713916326,lstm_gru,0.8066847733967006,628,201.63279573800264,0.6698933710149504,outputs/batches/markets_matched_origins_recursive_h20/runs/bist100__lstm_gru__close__seed42/artifacts/20260716_164157_977288/checkpoints/lstm_gru,50,986,bist100__lstm_gru__close__seed42,bist100,close,42,outputs/batches/markets_matched_origins_recursive_h20/runs/bist100__lstm_gru__close__seed42/artifacts/20260716_164157_977288,544.3323490510911,0.0665400295390244,0.990215283306454,1.0203785687409013,1.0
0.0510484144439592,0.0665400295390244,100.0,-0.0676336324478075,411.4942166403873,544.3323490510911,5.018763290995183,0.966683679606178,naive_persistence,,0,0.0,0.0,,50,986,bist100__naive_persistence__close__seed42,bist100,close,42,outputs/batches/markets_matched_origins_recursive_h20/runs/bist100__naive_persistence__close__seed42/artifacts/20260716_153619_396730,544.3323490510911,0.0665400295390244,1.0,1.0,2.0
0.050401340315669,0.0668767577544641,259.523730588775,-0.078466570384055,418.80014114310046,569.4075998162575,5.0618909147772015,0.9635434758909692,dnfs,0.8021496636979282,673,248.26102975800492,1.131268855955568,outputs/batches/markets_matched_origins_recursive_h20/runs/bist100__dnfs__close__seed42/artifacts/20260716_171948_983013/checkpoints/dnfs,50,986,bist100__dnfs__close__seed42,bist100,close,42,outputs/batches/markets_matched_origins_recursive_h20/runs/bist100__dnfs__close__seed42/artifacts/20260716_171948_983013,544.3323490510911,0.0665400295390244,1.0460660675575848,1.005060536007761,3.0
0.06457461175118,0.0836363602859632,599.6548467110717,-0.6867336819778389,545.5718831349179,727.11117477338,6.486330550442893,0.9405529402900652,mlp,0.8075003048963845,751,140.58161600300355,0.3188097359898165,outputs/batches/markets_matched_origins_recursive_h20/runs/bist100__mlp__close__seed42/artifacts/20260716_161108_773566/checkpoints/mlp,50,986,bist100__mlp__close__seed42,bist100,close,42,outputs/batches/markets_matched_origins_recursive_h20/runs/bist100__mlp__close__seed42/artifacts/20260716_161108_773566,544.3323490510911,0.0665400295390244,1.3357853451864812,1.256933020099009,4.0
0.0705896064906428,0.1042385278374102,387.6193898130188,-1.620069467319651,602.239514977313,899.9630243667217,6.767927705340962,0.908929426073544,cnn1d,0.8456613025441766,698,147.20019366100132,0.4250677760046528,outputs/batches/markets_matched_origins_recursive_h20/runs/bist100__cnn1d__close__seed42/artifacts/20260716_154530_582673/checkpoints/cnn1d,50,986,bist100__cnn1d__close__seed42,bist100,close,42,outputs/batches/markets_matched_origins_recursive_h20/runs/bist100__cnn1d__close__seed42/artifacts/20260716_154530_582673,544.3323490510911,0.0665400295390244,1.6533337141097433,1.5665536754274565,5.0
0.1228548863964619,0.179163532723678,2048.431971508651,-6.74025916336944,1136.75616443656,2272.77389528498,11.80005987913469,0.4191804773966462,linear_regression,,0,0.263793574002193,0.2028186510001433,,50,986,bist100__linear_regression__close__seed42,bist100,close,42,outputs/batches/markets_matched_origins_recursive_h20/runs/bist100__linear_regression__close__seed42/artifacts/20260716_153916_171203,544.3323490510911,0.0665400295390244,4.175342323944185,2.6925676764030015,6.0
0.0510484144439592,0.0665400295390244,100.0,-0.0676336324478075,411.4942166403873,544.3323490510911,5.018763290995183,0.966683679606178,naive_persistence,,0,0.0,0.0,,50,986,bist100__naive_persistence__close__seed123,bist100,close,123,outputs/batches/markets_matched_origins_recursive_h20/runs/bist100__naive_persistence__close__seed123/artifacts/20260716_153636_415867,544.3323490510911,0.0665400295390244,1.0,1.0,1.0
0.0515954128048457,0.067481366157196,369.7732662513261,-0.0980547635183695,420.06647705250265,556.8997345440404,5.0937501779209065,0.9651275257504744,lstm_gru,0.8060311904549599,639,205.5540493480012,0.66498104598395,outputs/batches/markets_matched_origins_recursive_h20/runs/bist100__lstm_gru__close__seed123/artifacts/20260716_164522_824265/checkpoints/lstm_gru,50,986,bist100__lstm_gru__close__seed123,bist100,close,123,outputs/batches/markets_matched_origins_recursive_h20/runs/bist100__lstm_gru__close__seed123/artifacts/20260716_164522_824265,544.3323490510911,0.0665400295390244,1.0230877064625268,1.0141469221563768,2.0
0.0517761422195089,0.0670300022316032,512.4112565602244,-0.0834147288711164,431.7304705010869,572.651603070317,5.1730709634010985,0.9631268956762926,dnfs,0.8015584898926318,619,227.9918672910062,1.1356383119964448,outputs/batches/markets_matched_origins_recursive_h20/runs/bist100__dnfs__close__seed123/artifacts/20260716_172413_296134/checkpoints/dnfs,50,986,bist100__dnfs__close__seed123,bist100,close,123,outputs/batches/markets_matched_origins_recursive_h20/runs/bist100__dnfs__close__seed123/artifacts/20260716_172413_296134,544.3323490510911,0.0665400295390244,1.0520256679004905,1.0073635779240442,3.0
0.0606229763917752,0.0825309848129539,652.6755096666529,-0.6424430606594376,505.3255554415202,696.4975958304144,5.992114991454343,0.9454533625064948,mlp,0.8119308622553945,884,165.5849697550002,0.3118520639936832,outputs/batches/markets_matched_origins_recursive_h20/runs/bist100__mlp__close__seed123/artifacts/20260716_161332_183017/checkpoints/mlp,50,986,bist100__mlp__close__seed123,bist100,close,123,outputs/batches/markets_matched_origins_recursive_h20/runs/bist100__mlp__close__seed123/artifacts/20260716_161332_183017,544.3323490510911,0.0665400295390244,1.2795447432888856,1.240320832207493,4.0
0.0898467472898646,0.1418014157337673,789.2460105867387,-3.848611658550237,745.5717304032455,1178.1155790693538,8.34295040865915,0.8439353515060841,cnn1d,0.8805421495065093,675,143.39260038400107,0.4277948419985478,outputs/batches/markets_matched_origins_recursive_h20/runs/bist100__cnn1d__close__seed123/artifacts/20260716_154800_683724/checkpoints/cnn1d,50,986,bist100__cnn1d__close__seed123,bist100,close,123,outputs/batches/markets_matched_origins_recursive_h20/runs/bist100__cnn1d__close__seed123/artifacts/20260716_154800_683724,544.3323490510911,0.0665400295390244,2.1643313705737075,2.131069323475482,5.0
0.1228548863964619,0.179163532723678,2048.431971508651,-6.74025916336944,1136.75616443656,2272.77389528498,11.80005987913469,0.4191804773966462,linear_regression,,0,0.2522099640000306,0.2048732870057392,,50,986,bist100__linear_regression__close__seed123,bist100,close,123,outputs/batches/markets_matched_origins_recursive_h20/runs/bist100__linear_regression__close__seed123/artifacts/20260716_153922_928551,544.3323490510911,0.0665400295390244,4.175342323944185,2.6925676764030015,6.0
0.0509353593415016,0.0655122955727844,439.5844864708435,-0.0349083781312185,413.8154139204573,537.5451082569107,5.001401502151038,0.9675093373705286,lstm_gru,0.8081901990994811,654,210.7977286869991,0.6759648940005718,outputs/batches/markets_matched_origins_recursive_h20/runs/bist100__lstm_gru__close__seed2026/artifacts/20260716_164851_584969/checkpoints/lstm_gru,50,986,bist100__lstm_gru__close__seed2026,bist100,close,2026,outputs/batches/markets_matched_origins_recursive_h20/runs/bist100__lstm_gru__close__seed2026/artifacts/20260716_164851_584969,544.3323490510911,0.0665400295390244,0.9875310721363294,0.9845546511872639,1.0
0.0510484144439592,0.0665400295390244,100.0,-0.0676336324478075,411.4942166403873,544.3323490510911,5.018763290995183,0.966683679606178,naive_persistence,,0,0.0,0.0,,50,986,bist100__naive_persistence__close__seed2026,bist100,close,2026,outputs/batches/markets_matched_origins_recursive_h20/runs/bist100__naive_persistence__close__seed2026/artifacts/20260716_153653_448171,544.3323490510911,0.0665400295390244,1.0,1.0,2.0
0.0517396323773786,0.0683317452496326,473.7529717835943,-0.1259038234995022,429.8771264950944,580.4798104501178,5.209300358442573,0.9621118867396584,dnfs,0.801396226733923,657,240.63397793600237,1.1455136750064412,outputs/batches/markets_matched_origins_recursive_h20/runs/bist100__dnfs__close__seed2026/artifacts/20260716_172817_476346/checkpoints/dnfs,50,986,bist100__dnfs__close__seed2026,bist100,close,2026,outputs/batches/markets_matched_origins_recursive_h20/runs/bist100__dnfs__close__seed2026/artifacts/20260716_172817_476346,544.3323490510911,0.0665400295390244,1.0664069689446913,1.0269268848093522,3.0
0.0564488428884317,0.0780722401222218,807.3502278335862,-0.4697705774366514,486.7057359508608,718.6941558018465,5.649032659376335,0.941921289255536,mlp,0.8080736502446234,876,163.40138425000168,0.3141209600144066,outputs/batches/markets_matched_origins_recursive_h20/runs/bist100__mlp__close__seed2026/artifacts/20260716_161620_549628/checkpoints/mlp,50,986,bist100__mlp__close__seed2026,bist100,close,2026,outputs/batches/markets_matched_origins_recursive_h20/runs/bist100__mlp__close__seed2026/artifacts/20260716_161620_549628,544.3323490510911,0.0665400295390244,1.3203223307501604,1.1733123754691752,4.0
0.0818505864680646,0.1235413005477107,998.4884619904744,-2.6802778313314914,674.3203555088375,997.885817632074,7.78079183592337,0.8880328971203362,cnn1d,0.8531788043119013,682,143.1288844579999,0.4305303399974036,outputs/batches/markets_matched_origins_recursive_h20/runs/bist100__cnn1d__close__seed2026/artifacts/20260716_155026_957997/checkpoints/cnn1d,50,986,bist100__cnn1d__close__seed2026,bist100,close,2026,outputs/batches/markets_matched_origins_recursive_h20/runs/bist100__cnn1d__close__seed2026/artifacts/20260716_155026_957997,544.3323490510911,0.0665400295390244,1.8332289443602632,1.8566463135586107,5.0
0.1228548863964619,0.179163532723678,2048.431971508651,-6.74025916336944,1136.75616443656,2272.77389528498,11.80005987913469,0.4191804773966462,linear_regression,,0,0.2509240389986189,0.1922372939966408,,50,986,bist100__linear_regression__close__seed2026,bist100,close,2026,outputs/batches/markets_matched_origins_recursive_h20/runs/bist100__linear_regression__close__seed2026/artifacts/20260716_153929_725804,544.3323490510911,0.0665400295390244,4.175342323944185,2.6925676764030015,6.0
0.0510484144439592,0.0665400295390244,100.0,-0.0676336324478075,411.4942166403873,544.3323490510911,5.018763290995183,0.966683679606178,naive_persistence,,0,0.0,0.0,,50,986,bist100__naive_persistence__indicators__seed1,bist100,indicators,1,outputs/batches/markets_matched_origins_recursive_h20/runs/bist100__naive_persistence__indicators__seed1/artifacts/20260716_153710_548830,544.3323490510911,0.0665400295390244,1.0,1.0,1.0
0.0520361505158543,0.0691893421266542,453.0862600374975,-0.1543424590889708,416.8841928338016,549.8234611629773,5.143699309305591,0.9660081129248838,lstm_gru,0.8045249153114855,682,224.417317645999,0.7114105689870485,outputs/batches/markets_matched_origins_recursive_h20/runs/bist100__lstm_gru__indicators__seed1/artifacts/20260716_165225_714151/checkpoints/lstm_gru,50,986,bist100__lstm_gru__indicators__seed1,bist100,indicators,1,outputs/batches/markets_matched_origins_recursive_h20/runs/bist100__lstm_gru__indicators__seed1/artifacts/20260716_165225_714151,544.3323490510911,0.0665400295390244,1.0100877930945287,1.039815320281396,2.0
0.0521273551576345,0.068872343412967,297.68793980725627,-0.1437891917756919,421.8525537452535,564.7105121820916,5.124813276083062,0.9641424605363932,dnfs,0.8058977228961886,621,230.8962127919949,1.1656873609717875,outputs/batches/markets_matched_origins_recursive_h20/runs/bist100__dnfs__indicators__seed1/artifacts/20260716_173234_302608/checkpoints/dnfs,50,986,bist100__dnfs__indicators__seed1,bist100,indicators,1,outputs/batches/markets_matched_origins_recursive_h20/runs/bist100__dnfs__indicators__seed1/artifacts/20260716_173234_302608,544.3323490510911,0.0665400295390244,1.037436987102686,1.0350512900294813,3.0
0.0613804623807168,0.0832666977747108,851.1517797676918,-0.6718563185796402,508.8691401533292,712.5855926130251,6.031266463931375,0.942904377125672,mlp,0.8286556011997164,921,177.10890129999734,0.3457508190158478,outputs/batches/markets_matched_origins_recursive_h20/runs/bist100__mlp__indicators__seed1/artifacts/20260716_161906_835046/checkpoints/mlp,50,986,bist100__mlp__indicators__seed1,bist100,indicators,1,outputs/batches/markets_matched_origins_recursive_h20/runs/bist100__mlp__indicators__seed1/artifacts/20260716_161906_835046,544.3323490510911,0.0665400295390244,1.309100210294762,1.2513775294595646,4.0
0.0849795746867826,0.1141901333808485,955.3434205130671,-2.1442236370542567,737.7311642521653,1070.7769402515407,8.471792991334642,0.8710780813390638,cnn1d,0.8509677200578153,694,148.20793438300052,0.4355734460045823,outputs/batches/markets_matched_origins_recursive_h20/runs/bist100__cnn1d__indicators__seed1/artifacts/20260716_155252_971545/checkpoints/cnn1d,50,986,bist100__cnn1d__indicators__seed1,bist100,indicators,1,outputs/batches/markets_matched_origins_recursive_h20/runs/bist100__cnn1d__indicators__seed1/artifacts/20260716_155252_971545,544.3323490510911,0.0665400295390244,1.9671381686540872,1.7161118528490926,5.0
0.0510484144439592,0.0665400295390244,100.0,-0.0676336324478075,411.4942166403873,544.3323490510911,5.018763290995183,0.966683679606178,naive_persistence,,0,0.0,0.0,,50,986,bist100__naive_persistence__indicators__seed7,bist100,indicators,7,outputs/batches/markets_matched_origins_recursive_h20/runs/bist100__naive_persistence__indicators__seed7/artifacts/20260716_153733_155084,544.3323490510911,0.0665400295390244,1.0,1.0,1.0
0.0530024676380258,0.0681136790185243,314.46516158865273,-0.1187291249023125,427.5986367327109,548.2808016230179,5.22607284300586,0.966198589865608,dnfs,0.8067052639462053,587,219.96298574700813,1.1852671850192564,outputs/batches/markets_matched_origins_recursive_h20/runs/bist100__dnfs__indicators__seed7/artifacts/20260716_173649_656092/checkpoints/dnfs,50,986,bist100__dnfs__indicators__seed7,bist100,indicators,7,outputs/batches/markets_matched_origins_recursive_h20/runs/bist100__dnfs__indicators__seed7/artifacts/20260716_173649_656092,544.3323490510911,0.0665400295390244,1.007253753297613,1.0236496660792282,2.0
0.0572897395134985,0.0749978551323603,361.83885341938094,-0.356294354638887,464.5402444421247,613.9403683429653,5.673560058725112,0.9576180317929568,lstm_gru,0.8044534627534449,643,211.17028213299815,0.705094713976905,outputs/batches/markets_matched_origins_recursive_h20/runs/bist100__lstm_gru__indicators__seed7/artifacts/20260716_165618_901798/checkpoints/lstm_gru,50,986,bist100__lstm_gru__indicators__seed7,bist100,indicators,7,outputs/batches/markets_matched_origins_recursive_h20/runs/bist100__lstm_gru__indicators__seed7/artifacts/20260716_165618_901798,544.3323490510911,0.0665400295390244,1.127877792700027,1.1271088343652682,3.0
0.0763624498917363,0.1117746652232266,1174.6997755282584,-2.0126107629024683,634.2595101463725,933.913461816254,7.511253369806534,0.9019286820701397,mlp,0.8317462535575032,953,181.78117818199644,0.3402336900098817,outputs/batches/markets_matched_origins_recursive_h20/runs/bist100__mlp__indicators__seed7/artifacts/20260716_162212_218830/checkpoints/mlp,50,986,bist100__mlp__indicators__seed7,bist100,indicators,7,outputs/batches/markets_matched_origins_recursive_h20/runs/bist100__mlp__indicators__seed7/artifacts/20260716_162212_218830,544.3323490510911,0.0665400295390244,1.7157045019358141,1.6798108747107332,4.0
0.0758378896219549,0.1064714464605099,838.0217652595359,-1.73352201628752,634.2144981929131,951.9152980680155,7.499837530364381,0.8981114566952019,cnn1d,0.8557320792227984,688,149.98198980500183,0.4397502180008814,outputs/batches/markets_matched_origins_recursive_h20/runs/bist100__cnn1d__indicators__seed7/artifacts/20260716_155529_469134/checkpoints/cnn1d,50,986,bist100__cnn1d__indicators__seed7,bist100,indicators,7,outputs/batches/markets_matched_origins_recursive_h20/runs/bist100__cnn1d__indicators__seed7/artifacts/20260716_155529_469134,544.3323490510911,0.0665400295390244,1.7487759081881584,1.6001111992002728,5.0
0.0510484144439592,0.0665400295390244,100.0,-0.0676336324478075,411.4942166403873,544.3323490510911,5.018763290995183,0.966683679606178,naive_persistence,,0,0.0,0.0,,50,986,bist100__naive_persistence__indicators__seed42,bist100,indicators,42,outputs/batches/markets_matched_origins_recursive_h20/runs/bist100__naive_persistence__indicators__seed42/artifacts/20260716_153755_422020,544.3323490510911,0.0665400295390244,1.0,1.0,1.0
0.051310017796219,0.0666032682385054,239.47202311493743,-0.0696639244665289,420.1956245869863,559.3851366312966,5.059363762380555,0.9648155646540256,dnfs,0.8052133419178427,686,255.4037190720064,1.1722636859976774,outputs/batches/markets_matched_origins_recursive_h20/runs/bist100__dnfs__indicators__seed42/artifacts/20260716_174054_679040/checkpoints/dnfs,50,986,bist100__dnfs__indicators__seed42,bist100,indicators,42,outputs/batches/markets_matched_origins_recursive_h20/runs/bist100__dnfs__indicators__seed42/artifacts/20260716_174054_679040,544.3323490510911,0.0665400295390244,1.0276536707885289,1.0009503858041409,2.0
0.0517499096877133,0.0685979308746974,487.2550537527524,-0.1346928029100444,427.8597425590457,585.4411878753051,5.08806147735435,0.9614614573887144,lstm_gru,0.8041673718579113,622,204.3569775570004,0.704208511005163,outputs/batches/markets_matched_origins_recursive_h20/runs/bist100__lstm_gru__indicators__seed42/artifacts/20260716_165958_667986/checkpoints/lstm_gru,50,986,bist100__lstm_gru__indicators__seed42,bist100,indicators,42,outputs/batches/markets_matched_origins_recursive_h20/runs/bist100__lstm_gru__indicators__seed42/artifacts/20260716_165958_667986,544.3323490510911,0.0665400295390244,1.0755215795935646,1.0309272681411432,3.0
0.060950453119205,0.0828730380951076,267.6716693843797,-0.6560856277408786,499.6940735297414,699.6282862267678,6.061454073701826,0.944961896550096,mlp,0.8196044784411788,957,183.3550516250025,0.342604003989436,outputs/batches/markets_matched_origins_recursive_h20/runs/bist100__mlp__indicators__seed42/artifacts/20260716_162522_221265/checkpoints/mlp,50,986,bist100__mlp__indicators__seed42,bist100,indicators,42,outputs/batches/markets_matched_origins_recursive_h20/runs/bist100__mlp__indicators__seed42/artifacts/20260716_162522_221265,544.3323490510911,0.0665400295390244,1.2852961751150687,1.2454613962337395,4.0
0.1002480117157577,0.1469335988617294,1635.3491094674823,-4.205932103294303,854.2821965670238,1264.6063211308835,9.831829762418522,0.8201794022016383,cnn1d,0.8536890987120569,667,145.75156616100094,0.4475501000006261,outputs/batches/markets_matched_origins_recursive_h20/runs/bist100__cnn1d__indicators__seed42/artifacts/20260716_155807_901908/checkpoints/cnn1d,50,986,bist100__cnn1d__indicators__seed42,bist100,indicators,42,outputs/batches/markets_matched_origins_recursive_h20/runs/bist100__cnn1d__indicators__seed42/artifacts/20260716_155807_901908,544.3323490510911,0.0665400295390244,2.323224631671096,2.208198581810905,5.0
0.0510484144439592,0.0665400295390244,100.0,-0.0676336324478075,411.4942166403873,544.3323490510911,5.018763290995183,0.966683679606178,naive_persistence,,0,0.0,0.0,,50,986,bist100__naive_persistence__indicators__seed123,bist100,indicators,123,outputs/batches/markets_matched_origins_recursive_h20/runs/bist100__naive_persistence__indicators__seed123/artifacts/20260716_153817_800757,544.3323490510911,0.0665400295390244,1.0,1.0,1.0
0.0522452558637459,0.0679964198264981,497.5585255376696,-0.1148806069701855,422.7628763782642,552.7858632170971,5.125757437861289,0.9656408353589852,lstm_gru,0.8047143892943859,610,200.36308109499987,0.7080316970204876,outputs/batches/markets_matched_origins_recursive_h20/runs/bist100__lstm_gru__indicators__seed123/artifacts/20260716_170331_683339/checkpoints/lstm_gru,50,986,bist100__lstm_gru__indicators__seed123,bist100,indicators,123,outputs/batches/markets_matched_origins_recursive_h20/runs/bist100__lstm_gru__indicators__seed123/artifacts/20260716_170331_683339,544.3323490510911,0.0665400295390244,1.0155300602301933,1.021887430732497,2.0
0.054382175814506,0.0696340971006892,304.65096935643487,-0.1692305797899242,445.0768537481004,580.0645373414736,5.349988054505729,0.9621660773809142,dnfs,0.8036219405010343,655,245.88275135699587,1.1841987690531823,outputs/batches/markets_matched_origins_recursive_h20/runs/bist100__dnfs__indicators__seed123/artifacts/20260716_174535_003309/checkpoints/dnfs,50,986,bist100__dnfs__indicators__seed123,bist100,indicators,123,outputs/batches/markets_matched_origins_recursive_h20/runs/bist100__dnfs__indicators__seed123/artifacts/20260716_174535_003309,544.3323490510911,0.0665400295390244,1.065644065344771,1.0464993415707788,3.0
0.0526603372689711,0.073465562068423,268.9818168954632,-0.3014391858124299,474.1138678350629,766.8005115823751,5.281491053693438,0.9338859855442349,mlp,0.8163695946522057,1022,195.6596889109969,0.3478640840085063,outputs/batches/markets_matched_origins_recursive_h20/runs/bist100__mlp__indicators__seed123/artifacts/20260716_162833_858287/checkpoints/mlp,50,986,bist100__mlp__indicators__seed123,bist100,indicators,123,outputs/batches/markets_matched_origins_recursive_h20/runs/bist100__mlp__indicators__seed123/artifacts/20260716_162833_858287,544.3323490510911,0.0665400295390244,1.4086991392650137,1.1040806951451219,4.0
0.0746683246416753,0.1001037703276922,890.382549682761,-1.4163349635479654,670.9998143089974,1013.5963252175688,7.51983854233724,0.8844795704249306,cnn1d,0.8461132427118718,679,147.71812072500143,0.4426736259993049,outputs/batches/markets_matched_origins_recursive_h20/runs/bist100__cnn1d__indicators__seed123/artifacts/20260716_160042_194967/checkpoints/cnn1d,50,986,bist100__cnn1d__indicators__seed123,bist100,indicators,123,outputs/batches/markets_matched_origins_recursive_h20/runs/bist100__cnn1d__indicators__seed123/artifacts/20260716_160042_194967,544.3323490510911,0.0665400295390244,1.8620909210788656,1.5044142754547973,5.0
0.0505536189173021,0.0662955309046707,234.9714199225767,-0.0598020944775601,408.8606844322032,542.5156703373488,4.966958263225943,0.9669056912161932,lstm_gru,0.8058474443852901,738,242.2630283360022,0.7103523689875146,outputs/batches/markets_matched_origins_recursive_h20/runs/bist100__lstm_gru__indicators__seed2026/artifacts/20260716_170700_742221/checkpoints/lstm_gru,50,986,bist100__lstm_gru__indicators__seed2026,bist100,indicators,2026,outputs/batches/markets_matched_origins_recursive_h20/runs/bist100__lstm_gru__indicators__seed2026/artifacts/20260716_170700_742221,544.3323490510911,0.0665400295390244,0.9966625560341779,0.9963255406400099,1.0
0.0510484144439592,0.0665400295390244,100.0,-0.0676336324478075,411.4942166403873,544.3323490510911,5.018763290995183,0.966683679606178,naive_persistence,,0,0.0,0.0,,50,986,bist100__naive_persistence__indicators__seed2026,bist100,indicators,2026,outputs/batches/markets_matched_origins_recursive_h20/runs/bist100__naive_persistence__indicators__seed2026/artifacts/20260716_153840_359066,544.3323490510911,0.0665400295390244,1.0,1.0,2.0
0.0528122468788071,0.0692800738227298,201.57659357163453,-0.1573719465374832,431.0268938923346,583.8166144952716,5.182732712093279,0.9616750461267608,dnfs,0.8052721556462348,662,249.92679671299996,1.178211560983982,outputs/batches/markets_matched_origins_recursive_h20/runs/bist100__dnfs__indicators__seed2026/artifacts/20260716_175005_532205/checkpoints/dnfs,50,986,bist100__dnfs__indicators__seed2026,bist100,indicators,2026,outputs/batches/markets_matched_origins_recursive_h20/runs/bist100__dnfs__indicators__seed2026/artifacts/20260716_175005_532205,544.3323490510911,0.0665400295390244,1.0725370548214,1.041178885893016,3.0
0.074890218784616,0.1083555024920688,840.2013821123004,-1.831119549900753,617.2652156855032,917.4572180828231,7.327722830868244,0.9053544097210138,mlp,0.8255721579678357,972,186.52345462399808,0.3487063000029593,outputs/batches/markets_matched_origins_recursive_h20/runs/bist100__mlp__indicators__seed2026/artifacts/20260716_163157_873742/checkpoints/mlp,50,986,bist100__mlp__indicators__seed2026,bist100,indicators,2026,outputs/batches/markets_matched_origins_recursive_h20/runs/bist100__mlp__indicators__seed2026/artifacts/20260716_163157_873742,544.3323490510911,0.0665400295390244,1.6854725236928927,1.6284258249167212,4.0
0.0765620757003775,0.1077591996862072,1286.0207419601622,-1.800044814926355,666.7774065785864,1009.4601489877645,7.662245838246277,0.88542045377075,cnn1d,0.8694937815889716,701,151.6906692850007,0.4357201619991429,outputs/batches/markets_matched_origins_recursive_h20/runs/bist100__cnn1d__indicators__seed2026/artifacts/20260716_160318_403739/checkpoints/cnn1d,50,986,bist100__cnn1d__indicators__seed2026,bist100,indicators,2026,outputs/batches/markets_matched_origins_recursive_h20/runs/bist100__cnn1d__indicators__seed2026/artifacts/20260716_160318_403739,544.3323490510911,0.0665400295390244,1.8544922982209466,1.619464259825863,5.0
0.0239032286200249,0.032599170592281,322.7410779970632,-0.0279552696634961,121.80077196485874,163.81138686816536,2.3881305118913114,0.9777146872457828,linear_regression,,0,0.2996949289981785,0.2109135640012027,,50,992,sp500__linear_regression__close__seed1,sp500,close,1,outputs/batches/markets_matched_origins_recursive_h20/runs/sp500__linear_regression__close__seed1/artifacts/20260715_181322_119661,167.26162855357083,0.0330813840126051,0.979372186464749,0.9854234206120166,1.0
0.0236457482571911,0.0327886611993163,179.72475348995914,-0.0399404821969249,120.55380644187956,164.93597795283873,2.3570807598137296,0.9774076525352664,lstm_gru,1.045623606815934,786,232.4151753769997,0.6483734290018219,outputs/batches/markets_matched_origins_recursive_h20/runs/sp500__lstm_gru__close__seed1/artifacts/20260715_224050_976462/checkpoints/lstm_gru,50,992,sp500__lstm_gru__close__seed1,sp500,close,1,outputs/batches/markets_matched_origins_recursive_h20/runs/sp500__lstm_gru__close__seed1/artifacts/20260715_224050_976462,167.26162855357083,0.0330813840126051,0.9860957314547057,0.9911514338947469,2.0
0.0242834056877667,0.0330813840126051,100.0,-0.0585916336155427,123.93899043913812,167.26162855357083,2.410827050717378,0.976766041941362,naive_persistence,,0,0.0,0.0,,50,992,sp500__naive_persistence__close__seed1,sp500,close,1,outputs/batches/markets_matched_origins_recursive_h20/runs/sp500__naive_persistence__close__seed1/artifacts/20260715_181115_210120,167.26162855357083,0.0330813840126051,1.0,1.0,3.0
0.0240637632476377,0.0332380844481523,166.14451132469034,-0.0686440936769634,122.65431922468208,167.3730655299762,2.393531530536469,0.9767350726801958,dnfs,1.044969142526388,811,277.25871870399806,1.08087018900369,outputs/batches/markets_matched_origins_recursive_h20/runs/sp500__dnfs__close__seed1/artifacts/20260715_231856_691179/checkpoints/dnfs,50,992,sp500__dnfs__close__seed1,sp500,close,1,outputs/batches/markets_matched_origins_recursive_h20/runs/sp500__dnfs__close__seed1/artifacts/20260715_231856_691179,167.26162855357083,0.0330813840126051,1.0006662435214164,1.0047368161950991,4.0
0.0242481916222127,0.0336084229337488,167.14263928777595,-0.0925904082472333,123.72607675665184,169.51599889884525,2.414583347633552,0.9761355216681632,cnn1d,1.045444920603186,904,195.6554536779995,0.4460035269830769,outputs/batches/markets_matched_origins_recursive_h20/runs/sp500__cnn1d__close__seed1/artifacts/20260715_181514_122462/checkpoints/cnn1d,50,992,sp500__cnn1d__close__seed1,sp500,close,1,outputs/batches/markets_matched_origins_recursive_h20/runs/sp500__cnn1d__close__seed1/artifacts/20260715_181514_122462,167.26162855357083,0.0330813840126051,1.0134781083071447,1.0159315862039773,5.0
0.0242986590851031,0.0334878604138796,220.99379179199127,-0.0847656325583463,124.76967756493234,170.39810592338398,2.420684291147096,0.9758865092385696,mlp,1.0454966227896512,907,161.2930527899996,0.3064961029986079,outputs/batches/markets_matched_origins_recursive_h20/runs/sp500__mlp__close__seed1/artifacts/20260715_221219_837691/checkpoints/mlp,50,992,sp500__mlp__close__seed1,sp500,close,1,outputs/batches/markets_matched_origins_recursive_h20/runs/sp500__mlp__close__seed1/artifacts/20260715_221219_837691,167.26162855357083,0.0330813840126051,1.01875192413787,1.012287164319353,6.0
0.0239032286200249,0.032599170592281,322.7410779970632,-0.0279552696634961,121.80077196485874,163.81138686816536,2.3881305118913114,0.9777146872457828,linear_regression,,0,0.3238557609975032,0.2100400970011833,,50,992,sp500__linear_regression__close__seed7,sp500,close,7,outputs/batches/markets_matched_origins_recursive_h20/runs/sp500__linear_regression__close__seed7/artifacts/20260715_181329_160888,167.26162855357083,0.0330813840126051,0.979372186464749,0.9854234206120166,1.0
0.0235134555585722,0.0326610781904809,182.8652273740589,-0.0318632628354627,119.88021292169933,164.80200375848568,2.3449534398048124,0.977444340252362,lstm_gru,1.045657145548612,789,233.468065596001,0.6420390649955152,outputs/batches/markets_matched_origins_recursive_h20/runs/sp500__lstm_gru__close__seed7/artifacts/20260715_224446_533278/checkpoints/lstm_gru,50,992,sp500__lstm_gru__close__seed7,sp500,close,7,outputs/batches/markets_matched_origins_recursive_h20/runs/sp500__lstm_gru__close__seed7/artifacts/20260715_224446_533278,167.26162855357083,0.0330813840126051,0.9852947456248319,0.987294793290267,2.0
0.0242834056877667,0.0330813840126051,100.0,-0.0585916336155427,123.93899043913812,167.26162855357083,2.410827050717378,0.976766041941362,naive_persistence,,0,0.0,0.0,,50,992,sp500__naive_persistence__close__seed7,sp500,close,7,outputs/batches/markets_matched_origins_recursive_h20/runs/sp500__naive_persistence__close__seed7/artifacts/20260715_181124_740677,167.26162855357083,0.0330813840126051,1.0,1.0,3.0
0.0241570649753192,0.0335499327273156,154.25348370707968,-0.0887907518581152,122.68354331374924,167.9081237241197,2.4024529935670187,0.9765860882903196,dnfs,1.0448412117920816,806,275.9130587610016,1.0824575629885658,outputs/batches/markets_matched_origins_recursive_h20/runs/sp500__dnfs__close__seed7/artifacts/20260715_232349_561533/checkpoints/dnfs,50,992,sp500__dnfs__close__seed7,sp500,close,7,outputs/batches/markets_matched_origins_recursive_h20/runs/sp500__dnfs__close__seed7/artifacts/20260715_232349_561533,167.26162855357083,0.0330813840126051,1.0038651732387132,1.0141635160890476,4.0
0.0238418577436777,0.0332463669257602,203.90685207436556,-0.0691767431181407,121.96209011773936,168.50706372864445,2.375753681243292,0.9764187522552742,mlp,1.045406224951148,785,139.93899938099958,0.3034978600010163,outputs/batches/markets_matched_origins_recursive_h20/runs/sp500__mlp__close__seed7/artifacts/20260715_221503_870625/checkpoints/mlp,50,992,sp500__mlp__close__seed7,sp500,close,7,outputs/batches/markets_matched_origins_recursive_h20/runs/sp500__mlp__close__seed7/artifacts/20260715_221503_870625,167.26162855357083,0.0330813840126051,1.0074460304245736,1.004987182915087,5.0
0.0244767588956612,0.033791463479674,185.930255422284,-0.1045239012561702,125.04554375085768,170.91639468784504,2.436973369299384,0.975739597298888,cnn1d,1.045510068833828,852,179.91600894099977,0.4384680080047474,outputs/batches/markets_matched_origins_recursive_h20/runs/sp500__cnn1d__close__seed7/artifacts/20260715_181832_838452/checkpoints/cnn1d,50,992,sp500__cnn1d__close__seed7,sp500,close,7,outputs/batches/markets_matched_origins_recursive_h20/runs/sp500__cnn1d__close__seed7/artifacts/20260715_181832_838452,167.26162855357083,0.0330813840126051,1.0218505951776242,1.0214646239346679,6.0
0.0236019790405557,0.0324285057565277,180.69104396627296,-0.0172202362977076,120.40251234876052,163.51950645030243,2.3470392981723496,0.9777940327846746,dnfs,1.0449057846702636,758,259.3718316700024,1.0926792589907564,outputs/batches/markets_matched_origins_recursive_h20/runs/sp500__dnfs__close__seed42/artifacts/20260715_232841_143052/checkpoints/dnfs,50,992,sp500__dnfs__close__seed42,sp500,close,42,outputs/batches/markets_matched_origins_recursive_h20/runs/sp500__dnfs__close__seed42/artifacts/20260715_232841_143052,167.26162855357083,0.0330813840126051,0.9776271333979636,0.9802644818055787,1.0
0.0239032286200249,0.032599170592281,322.7410779970632,-0.0279552696634961,121.80077196485874,163.81138686816536,2.3881305118913114,0.9777146872457828,linear_regression,,0,0.2874531749994276,0.2082596980035305,,50,992,sp500__linear_regression__close__seed42,sp500,close,42,outputs/batches/markets_matched_origins_recursive_h20/runs/sp500__linear_regression__close__seed42/artifacts/20260715_181336_373180,167.26162855357083,0.0330813840126051,0.979372186464749,0.9854234206120166,2.0
0.0235946380929105,0.0327949337778821,181.16894649437316,-0.0403384083144116,120.20653344937104,164.8600900052673,2.351953853807519,0.977428437478355,lstm_gru,1.0456774969398976,840,250.7649047789987,0.6553027109957839,outputs/batches/markets_matched_origins_recursive_h20/runs/sp500__lstm_gru__close__seed42/artifacts/20260715_224843_139236/checkpoints/lstm_gru,50,992,sp500__lstm_gru__close__seed42,sp500,close,42,outputs/batches/markets_matched_origins_recursive_h20/runs/sp500__lstm_gru__close__seed42/artifacts/20260715_224843_139236,167.26162855357083,0.0330813840126051,0.9856420234032675,0.9913410444190044,3.0
0.0242834056877667,0.0330813840126051,100.0,-0.0585916336155427,123.93899043913812,167.26162855357083,2.410827050717378,0.976766041941362,naive_persistence,,0,0.0,0.0,,50,992,sp500__naive_persistence__close__seed42,sp500,close,42,outputs/batches/markets_matched_origins_recursive_h20/runs/sp500__naive_persistence__close__seed42/artifacts/20260715_181134_181446,167.26162855357083,0.0330813840126051,1.0,1.0,4.0
0.0237162755793834,0.0330138002302271,144.2869291630543,-0.054270741457129,121.30777215436264,167.38080265835825,2.359678403512252,0.9767329217022064,cnn1d,1.045322712250054,857,181.370442198001,0.441849888004981,outputs/batches/markets_matched_origins_recursive_h20/runs/sp500__cnn1d__close__seed42/artifacts/20260715_182135_802080/checkpoints/cnn1d,50,992,sp500__cnn1d__close__seed42,sp500,close,42,outputs/batches/markets_matched_origins_recursive_h20/runs/sp500__cnn1d__close__seed42/artifacts/20260715_182135_802080,167.26162855357083,0.0330813840126051,1.0007125011625082,0.9979570448941237,5.0
0.0239284275884567,0.0333250297340996,243.84157296442228,-0.0742421954353902,122.21867858454122,168.1624966550129,2.3829898430354186,0.9765150925976588,mlp,1.0454154133237898,858,152.8884411389986,0.3071518180076964,outputs/batches/markets_matched_origins_recursive_h20/runs/sp500__mlp__close__seed42/artifacts/20260715_221726_584311/checkpoints/mlp,50,992,sp500__mlp__close__seed42,sp500,close,42,outputs/batches/markets_matched_origins_recursive_h20/runs/sp500__mlp__close__seed42/artifacts/20260715_221726_584311,167.26162855357083,0.0330813840126051,1.0053859818849815,1.0073650401507284,6.0
0.0239032286200249,0.032599170592281,322.7410779970632,-0.0279552696634961,121.80077196485874,163.81138686816536,2.3881305118913114,0.9777146872457828,linear_regression,,0,0.2962871420031661,0.2095502299871441,,50,992,sp500__linear_regression__close__seed123,sp500,close,123,outputs/batches/markets_matched_origins_recursive_h20/runs/sp500__linear_regression__close__seed123/artifacts/20260715_181343_495280,167.26162855357083,0.0330813840126051,0.979372186464749,0.9854234206120166,1.0
0.0234980404512909,0.0324798476563702,141.259399756187,-0.0204437806001509,120.26172149497694,164.57100368214864,2.3368558737665546,0.977507527681766,dnfs,1.0449073925055563,812,277.7966253600007,1.095047472992519,outputs/batches/markets_matched_origins_recursive_h20/runs/sp500__dnfs__close__seed123/artifacts/20260715_233315_918948/checkpoints/dnfs,50,992,sp500__dnfs__close__seed123,sp500,close,123,outputs/batches/markets_matched_origins_recursive_h20/runs/sp500__dnfs__close__seed123/artifacts/20260715_233315_918948,167.26162855357083,0.0330813840126051,0.9839136752721475,0.9818164694679734,2.0
0.0237146736093324,0.0327645298207416,180.3385224667061,-0.0384103213466455,121.43374678705032,165.99783953021688,2.364948724316023,0.9771158160309162,mlp,1.0455207034386695,880,156.13238204100207,0.3081580350017248,outputs/batches/markets_matched_origins_recursive_h20/runs/sp500__mlp__close__seed123/artifacts/20260715_222002_218702/checkpoints/mlp,50,992,sp500__mlp__close__seed123,sp500,close,123,outputs/batches/markets_matched_origins_recursive_h20/runs/sp500__mlp__close__seed123/artifacts/20260715_222002_218702,167.26162855357083,0.0330813840126051,0.9924442382016555,0.9904219789673017,3.0
0.0238971544740779,0.033041264074362,166.06021730773566,-0.0560255452375073,121.96568098876284,166.63687464526535,2.3834344628005097,0.9769392842700844,lstm_gru,1.0455731440894305,757,223.645666952998,0.6525839090172667,outputs/batches/markets_matched_origins_recursive_h20/runs/sp500__lstm_gru__close__seed123/artifacts/20260715_225257_076330/checkpoints/lstm_gru,50,992,sp500__lstm_gru__close__seed123,sp500,close,123,outputs/batches/markets_matched_origins_recursive_h20/runs/sp500__lstm_gru__close__seed123/artifacts/20260715_225257_076330,167.26162855357083,0.0330813840126051,0.9962648103231556,0.9987872351946396,4.0
0.0242834056877667,0.0330813840126051,100.0,-0.0585916336155427,123.93899043913812,167.26162855357083,2.410827050717378,0.976766041941362,naive_persistence,,0,0.0,0.0,,50,992,sp500__naive_persistence__close__seed123,sp500,close,123,outputs/batches/markets_matched_origins_recursive_h20/runs/sp500__naive_persistence__close__seed123/artifacts/20260715_181143_638449,167.26162855357083,0.0330813840126051,1.0,1.0,5.0
0.0242650702840898,0.0336099973046731,174.21534636079136,-0.092692774422757,123.97805221031268,169.84896841785215,2.415211319895437,0.976041678632978,cnn1d,1.0458580768108368,905,196.11930178300008,0.4533224330216399,outputs/batches/markets_matched_origins_recursive_h20/runs/sp500__cnn1d__close__seed123/artifacts/20260715_182440_222044/checkpoints/cnn1d,50,992,sp500__cnn1d__close__seed123,sp500,close,123,outputs/batches/markets_matched_origins_recursive_h20/runs/sp500__cnn1d__close__seed123/artifacts/20260715_182440_222044,167.26162855357083,0.0330813840126051,1.015468819039106,1.0159791770461168,6.0
0.0239032286200249,0.032599170592281,322.7410779970632,-0.0279552696634961,121.80077196485874,163.81138686816536,2.3881305118913114,0.9777146872457828,linear_regression,,0,0.3015590809955029,0.2160941659976742,,50,992,sp500__linear_regression__close__seed2026,sp500,close,2026,outputs/batches/markets_matched_origins_recursive_h20/runs/sp500__linear_regression__close__seed2026/artifacts/20260715_181350_480922,167.26162855357083,0.0330813840126051,0.979372186464749,0.9854234206120166,1.0
0.0237699986953399,0.0330030898007723,203.8819095551208,-0.0535867934909612,120.96875131317606,165.3579311224957,2.3697875215759523,0.9772919093639716,lstm_gru,1.045667886827141,723,215.0826160540009,0.6589466590048687,outputs/batches/markets_matched_origins_recursive_h20/runs/sp500__lstm_gru__close__seed2026/artifacts/20260715_225643_900733/checkpoints/lstm_gru,50,992,sp500__lstm_gru__close__seed2026,sp500,close,2026,outputs/batches/markets_matched_origins_recursive_h20/runs/sp500__lstm_gru__close__seed2026/artifacts/20260715_225643_900733,167.26162855357083,0.0330813840126051,0.988618444962316,0.997633284876988,2.0
0.0242834056877667,0.0330813840126051,100.0,-0.0585916336155427,123.93899043913812,167.26162855357083,2.410827050717378,0.976766041941362,naive_persistence,,0,0.0,0.0,,50,992,sp500__naive_persistence__close__seed2026,sp500,close,2026,outputs/batches/markets_matched_origins_recursive_h20/runs/sp500__naive_persistence__close__seed2026/artifacts/20260715_181153_248847,167.26162855357083,0.0330813840126051,1.0,1.0,3.0
0.0241119295019133,0.0332249281155356,204.90539847142952,-0.0677982775074572,123.66241781948514,168.58820689517458,2.403942662099603,0.9763960360821357,mlp,1.0455333246849476,968,171.6789095979998,0.305309095992925,outputs/batches/markets_matched_origins_recursive_h20/runs/sp500__mlp__close__seed2026/artifacts/20260715_222241_139328/checkpoints/mlp,50,992,sp500__mlp__close__seed2026,sp500,close,2026,outputs/batches/markets_matched_origins_recursive_h20/runs/sp500__mlp__close__seed2026/artifacts/20260715_222241_139328,167.26162855357083,0.0330813840126051,1.0079311576305672,1.0043391202398244,4.0
0.0241646310432036,0.0333140961637907,163.42064911814154,-0.0735374173202676,123.80354886124788,168.70580552858897,2.4029405271048754,0.976363094726652,dnfs,1.0448358614370228,850,292.9447050160052,1.0823530840079911,outputs/batches/markets_matched_origins_recursive_h20/runs/sp500__dnfs__close__seed2026/artifacts/20260715_233809_444753/checkpoints/dnfs,50,992,sp500__dnfs__close__seed2026,sp500,close,2026,outputs/batches/markets_matched_origins_recursive_h20/runs/sp500__dnfs__close__seed2026/artifacts/20260715_233809_444753,167.26162855357083,0.0330813840126051,1.008634239589241,1.0070345349244434,5.0
0.024043267565875,0.0335228083244384,200.22327636028385,-0.0870309354719438,122.6302198022726,169.18618810864652,2.392000612237557,0.9762282929206576,cnn1d,1.0459851474501192,834,180.40862117800043,0.4498870090055789,outputs/batches/markets_matched_origins_recursive_h20/runs/sp500__cnn1d__close__seed2026/artifacts/20260715_182759_637154/checkpoints/cnn1d,50,992,sp500__cnn1d__close__seed2026,sp500,close,2026,outputs/batches/markets_matched_origins_recursive_h20/runs/sp500__cnn1d__close__seed2026/artifacts/20260715_182759_637154,167.26162855357083,0.0330813840126051,1.0115062825330514,1.0133435865822633,6.0
0.0225972265518595,0.0309837794357755,169.23787991028715,0.0713973884302661,114.77313518838048,154.39177821611136,2.256224553430534,0.9802039337970608,cnn1d,1.0465275513753296,723,156.38704513099947,0.4744772979947811,outputs/batches/markets_matched_origins_recursive_h20/runs/sp500__cnn1d__indicators__seed1/artifacts/20260715_183103_207866/checkpoints/cnn1d,50,992,sp500__cnn1d__indicators__seed1,sp500,indicators,1,outputs/batches/markets_matched_origins_recursive_h20/runs/sp500__cnn1d__indicators__seed1/artifacts/20260715_183103_207866,167.26162855357083,0.0330813840126051,0.9230555719877049,0.9365925991478969,1.0
0.0227180184428488,0.0313327777098861,189.04350083568485,0.0503601927441197,116.33706048210418,157.14017353567118,2.262236697018821,0.9794928637985232,dnfs,1.0489183485507965,613,214.65625437899507,1.1202566799920533,outputs/batches/markets_matched_origins_recursive_h20/runs/sp500__dnfs__indicators__seed1/artifacts/20260715_234317_905409/checkpoints/dnfs,50,992,sp500__dnfs__indicators__seed1,sp500,indicators,1,outputs/batches/markets_matched_origins_recursive_h20/runs/sp500__dnfs__indicators__seed1/artifacts/20260715_234317_905409,167.26162855357083,0.0330813840126051,0.9394872864420429,0.9471422869716477,2.0
0.0232980056418768,0.0319570029011689,175.6156544782123,0.0121450050197952,118.91585396467812,161.44570209042843,2.3234235715042644,0.9783537068842206,lstm_gru,1.0464047791995108,730,220.3749383230006,0.6806813660086846,outputs/batches/markets_matched_origins_recursive_h20/runs/sp500__lstm_gru__indicators__seed1/artifacts/20260715_230022_172521/checkpoints/lstm_gru,50,992,sp500__lstm_gru__indicators__seed1,sp500,indicators,1,outputs/batches/markets_matched_origins_recursive_h20/runs/sp500__lstm_gru__indicators__seed1/artifacts/20260715_230022_172521,167.26162855357083,0.0330813840126051,0.9652285672844584,0.966011666531008,3.0
0.0240720671366233,0.0326111743559483,191.15427133722437,-0.02871244254282,124.07670721437444,166.84213283959474,2.4001534058154017,0.9768824383155524,mlp,1.0466775134578348,901,165.04503906600212,0.3433663969940426,outputs/batches/markets_matched_origins_recursive_h20/runs/sp500__mlp__indicators__seed1/artifacts/20260715_222535_589497/checkpoints/mlp,50,992,sp500__mlp__indicators__seed1,sp500,indicators,1,outputs/batches/markets_matched_origins_recursive_h20/runs/sp500__mlp__indicators__seed1/artifacts/20260715_222535_589497,167.26162855357083,0.0330813840126051,0.9974919787783739,0.9857862761582877,4.0
0.0242834056877667,0.0330813840126051,100.0,-0.0585916336155427,123.93899043913812,167.26162855357083,2.410827050717378,0.976766041941362,naive_persistence,,0,0.0,0.0,,50,992,sp500__naive_persistence__indicators__seed1,sp500,indicators,1,outputs/batches/markets_matched_origins_recursive_h20/runs/sp500__naive_persistence__indicators__seed1/artifacts/20260715_181203_125512,167.26162855357083,0.0330813840126051,1.0,1.0,5.0
0.0250003212021926,0.0334713585849193,453.26092091624224,-0.0836968150070587,128.28220814502131,170.1262282725961,2.492729871993064,0.9759633961154126,linear_regression,,0,2.3830975010041584,0.2500000780319169,,50,992,sp500__linear_regression__indicators__seed1,sp500,indicators,1,outputs/batches/markets_matched_origins_recursive_h20/runs/sp500__linear_regression__indicators__seed1/artifacts/20260715_181357_750128,167.26162855357083,0.0330813840126051,1.017126460765673,1.0117883390902147,6.0
0.0221260368233196,0.0305653256588444,211.25635248632756,0.0963106364103593,112.39947455945212,152.77493032425568,2.2078563792588155,0.9806163862281644,cnn1d,1.0462912870012224,845,182.785826936999,0.4879101739807083,outputs/batches/markets_matched_origins_recursive_h20/runs/sp500__cnn1d__indicators__seed7/artifacts/20260715_183348_283452/checkpoints/cnn1d,50,992,sp500__cnn1d__indicators__seed7,sp500,indicators,7,outputs/batches/markets_matched_origins_recursive_h20/runs/sp500__cnn1d__indicators__seed7/artifacts/20260715_183348_283452,167.26162855357083,0.0330813840126051,0.9133889921161725,0.9239433769517623,1.0
0.0227552571481058,0.0309421957272661,215.94977966198635,0.0738882935661894,117.61323525511509,158.5728378302788,2.2694975504288664,0.9791172275651442,mlp,1.0476736005023122,984,180.7486034960002,0.3367178929979673,outputs/batches/markets_matched_origins_recursive_h20/runs/sp500__mlp__indicators__seed7/artifacts/20260715_222829_097127/checkpoints/mlp,50,992,sp500__mlp__indicators__seed7,sp500,indicators,7,outputs/batches/markets_matched_origins_recursive_h20/runs/sp500__mlp__indicators__seed7/artifacts/20260715_222829_097127,167.26162855357083,0.0330813840126051,0.9480526956575148,0.9353355867903259,2.0
0.0229643407029716,0.0320500127822383,152.54310244299057,0.0063863934722991,118.21224183376124,164.69953652133782,2.280060705592786,0.9774723799311672,dnfs,1.0490624755248428,587,205.3329930460013,1.1270772940024472,outputs/batches/markets_matched_origins_recursive_h20/runs/sp500__dnfs__indicators__seed7/artifacts/20260715_234715_804826/checkpoints/dnfs,50,992,sp500__dnfs__indicators__seed7,sp500,indicators,7,outputs/batches/markets_matched_origins_recursive_h20/runs/sp500__dnfs__indicators__seed7/artifacts/20260715_234715_804826,167.26162855357083,0.0330813840126051,0.9846821291028359,0.9688232139872437,3.0
0.0240142521529096,0.0333260518242308,143.63294217170383,-0.0743080912015921,122.34711360679265,166.63227194350745,2.395900735627289,0.9769405581793698,lstm_gru,1.0466505859047175,670,204.15636952699515,0.687995264993333,outputs/batches/markets_matched_origins_recursive_h20/runs/sp500__lstm_gru__indicators__seed7/artifacts/20260715_230411_231462/checkpoints/lstm_gru,50,992,sp500__lstm_gru__indicators__seed7,sp500,indicators,7,outputs/batches/markets_matched_origins_recursive_h20/runs/sp500__lstm_gru__indicators__seed7/artifacts/20260715_230411_231462,167.26162855357083,0.0330813840126051,0.9962372923454956,1.0073959363832077,4.0
0.0242834056877667,0.0330813840126051,100.0,-0.0585916336155427,123.93899043913812,167.26162855357083,2.410827050717378,0.976766041941362,naive_persistence,,0,0.0,0.0,,50,992,sp500__naive_persistence__indicators__seed7,sp500,indicators,7,outputs/batches/markets_matched_origins_recursive_h20/runs/sp500__naive_persistence__indicators__seed7/artifacts/20260715_181218_764789,167.26162855357083,0.0330813840126051,1.0,1.0,5.0
0.0250003212021926,0.0334713585849193,453.26092091624224,-0.0836968150070587,128.28220814502131,170.1262282725961,2.492729871993064,0.9759633961154126,linear_regression,,0,2.3795091279962435,0.2461809550131874,,50,992,sp500__linear_regression__indicators__seed7,sp500,indicators,7,outputs/batches/markets_matched_origins_recursive_h20/runs/sp500__linear_regression__indicators__seed7/artifacts/20260715_181413_186663,167.26162855357083,0.0330813840126051,1.017126460765673,1.0117883390902147,6.0
0.0219101894034083,0.0304619957927082,160.32582159818773,0.102410375958078,111.77923486091476,152.98396716198195,2.187581042189207,0.9805633060356168,cnn1d,1.046083739772439,834,177.2127131419993,0.4516157499983819,outputs/batches/markets_matched_origins_recursive_h20/runs/sp500__cnn1d__indicators__seed42/artifacts/20260715_220326_797494/checkpoints/cnn1d,50,992,sp500__cnn1d__indicators__seed42,sp500,indicators,42,outputs/batches/markets_matched_origins_recursive_h20/runs/sp500__cnn1d__indicators__seed42/artifacts/20260715_220326_797494,167.26162855357083,0.0330813840126051,0.914638751786301,0.9208198720192955,1.0
0.0233123114694358,0.0324619933276577,210.38835552166915,-0.0193222032297737,118.6323001773501,162.06512267625928,2.326786736265438,0.978187287078564,lstm_gru,1.0467609677277503,709,215.43254523099492,0.6840529120154315,outputs/batches/markets_matched_origins_recursive_h20/runs/sp500__lstm_gru__indicators__seed42/artifacts/20260715_230743_876510/checkpoints/lstm_gru,50,992,sp500__lstm_gru__indicators__seed42,sp500,indicators,42,outputs/batches/markets_matched_origins_recursive_h20/runs/sp500__lstm_gru__indicators__seed42/artifacts/20260715_230743_876510,167.26162855357083,0.0330813840126051,0.9689318708525715,0.9812767602252858,2.0
0.0234474585710375,0.0317530349848106,183.3966892767818,0.0247148765400732,120.515829303987,162.521127019119,2.332621646316235,0.9780643650677942,dnfs,1.049190359450877,585,203.1813783510006,1.12392625602115,outputs/batches/markets_matched_origins_recursive_h20/runs/sp500__dnfs__indicators__seed42/artifacts/20260715_235104_283131/checkpoints/dnfs,50,992,sp500__dnfs__indicators__seed42,sp500,indicators,42,outputs/batches/markets_matched_origins_recursive_h20/runs/sp500__dnfs__indicators__seed42/artifacts/20260715_235104_283131,167.26162855357083,0.0330813840126051,0.9716581646642671,0.9598460261732593,3.0
0.0242834056877667,0.0330813840126051,100.0,-0.0585916336155427,123.93899043913812,167.26162855357083,2.410827050717378,0.976766041941362,naive_persistence,,0,0.0,0.0,,50,992,sp500__naive_persistence__indicators__seed42,sp500,indicators,42,outputs/batches/markets_matched_origins_recursive_h20/runs/sp500__naive_persistence__indicators__seed42/artifacts/20260715_181233_992169,167.26162855357083,0.0330813840126051,1.0,1.0,4.0
0.0250003212021926,0.0334713585849193,453.26092091624224,-0.0836968150070587,128.28220814502131,170.1262282725961,2.492729871993064,0.9759633961154126,linear_regression,,0,2.423186985002758,0.2419520979856315,,50,992,sp500__linear_regression__indicators__seed42,sp500,indicators,42,outputs/batches/markets_matched_origins_recursive_h20/runs/sp500__linear_regression__indicators__seed42/artifacts/20260715_181428_371312,167.26162855357083,0.0330813840126051,1.017126460765673,1.0117883390902147,5.0
0.0231970853862594,0.0335783257159156,200.10939432557504,-0.0906343981496582,118.83098339577522,170.41664961206965,2.3048294708580497,0.975881260619235,mlp,1.0471523201838135,964,177.75494306200153,0.3371771649935908,outputs/batches/markets_matched_origins_recursive_h20/runs/sp500__mlp__indicators__seed42/artifacts/20260715_223137_949613/checkpoints/mlp,50,992,sp500__mlp__indicators__seed42,sp500,indicators,42,outputs/batches/markets_matched_origins_recursive_h20/runs/sp500__mlp__indicators__seed42/artifacts/20260715_223137_949613,167.26162855357083,0.0330813840126051,1.0188627905024152,1.0150217930157077,6.0
0.0229333846952733,0.0311853368385589,198.55215164986797,0.0592764969360218,118.16029567036357,158.83590439482543,2.287594749643145,0.9790478825740948,cnn1d,1.0461371486447752,794,168.4054809480001,0.4335843880041921,outputs/batches/markets_matched_origins_recursive_h20/runs/sp500__cnn1d__indicators__seed123/artifacts/20260715_220637_722975/checkpoints/cnn1d,50,992,sp500__cnn1d__indicators__seed123,sp500,indicators,123,outputs/batches/markets_matched_origins_recursive_h20/runs/sp500__cnn1d__indicators__seed123/artifacts/20260715_220637_722975,167.26162855357083,0.0330813840126051,0.9496254805623467,0.9426853733409779,1.0
0.0230783359272669,0.0321795735363521,199.9072560973156,-0.0016631214167306,117.32431562388837,161.0964180138604,2.3033166807620806,0.9784472680840264,lstm_gru,1.046063034068793,706,215.3945867750017,0.6771166800126593,outputs/batches/markets_matched_origins_recursive_h20/runs/sp500__lstm_gru__indicators__seed123/artifacts/20260715_231127_721414/checkpoints/lstm_gru,50,992,sp500__lstm_gru__indicators__seed123,sp500,indicators,123,outputs/batches/markets_matched_origins_recursive_h20/runs/sp500__lstm_gru__indicators__seed123/artifacts/20260715_231127_721414,167.26162855357083,0.0330813840126051,0.963140317399601,0.9727396388280072,2.0
0.0232091859230871,0.0320697398176857,168.2342238044736,0.0051628630312441,118.65098673647356,162.56594521532705,2.312067876133306,0.97805226508837,mlp,1.046574441138655,956,175.69490413999802,0.3334003399950234,outputs/batches/markets_matched_origins_recursive_h20/runs/sp500__mlp__indicators__seed123/artifacts/20260715_223443_808696/checkpoints/mlp,50,992,sp500__mlp__indicators__seed123,sp500,indicators,123,outputs/batches/markets_matched_origins_recursive_h20/runs/sp500__mlp__indicators__seed123/artifacts/20260715_223443_808696,167.26162855357083,0.0330813840126051,0.9719261173118385,0.9694195323105607,3.0
0.0242834056877667,0.0330813840126051,100.0,-0.0585916336155427,123.93899043913812,167.26162855357083,2.410827050717378,0.976766041941362,naive_persistence,,0,0.0,0.0,,50,992,sp500__naive_persistence__indicators__seed123,sp500,indicators,123,outputs/batches/markets_matched_origins_recursive_h20/runs/sp500__naive_persistence__indicators__seed123/artifacts/20260715_181249_556947,167.26162855357083,0.0330813840126051,1.0,1.0,4.0
0.0240681618213733,0.0326312940571167,156.65157704924022,-0.0299821773526038,124.7659697386666,168.02434079616063,2.393290300195059,0.97655366534493,dnfs,1.0493206335231662,593,208.6186364329997,1.1356954889961344,outputs/batches/markets_matched_origins_recursive_h20/runs/sp500__dnfs__indicators__seed123/artifacts/20260715_235450_774327/checkpoints/dnfs,50,992,sp500__dnfs__indicators__seed123,sp500,indicators,123,outputs/batches/markets_matched_origins_recursive_h20/runs/sp500__dnfs__indicators__seed123/artifacts/20260715_235450_774327,167.26162855357083,0.0330813840126051,1.0045599953150373,0.9863944641700327,5.0
0.0250003212021926,0.0334713585849193,453.26092091624224,-0.0836968150070587,128.28220814502131,170.1262282725961,2.492729871993064,0.9759633961154126,linear_regression,,0,2.4196497989978525,0.2390409909949085,,50,992,sp500__linear_regression__indicators__seed123,sp500,indicators,123,outputs/batches/markets_matched_origins_recursive_h20/runs/sp500__linear_regression__indicators__seed123/artifacts/20260715_181443_739948,167.26162855357083,0.0330813840126051,1.017126460765673,1.0117883390902147,6.0
0.0216208644802549,0.0294657855550063,151.91712786822748,0.1601588238258786,111.49212685766246,150.363570776646,2.160006017927385,0.98122344903965,cnn1d,1.0464112406782806,740,156.90081650499997,0.4440165439991688,outputs/batches/markets_matched_origins_recursive_h20/runs/sp500__cnn1d__indicators__seed2026/artifacts/20260715_220934_473906/checkpoints/cnn1d,50,992,sp500__cnn1d__indicators__seed2026,sp500,indicators,2026,outputs/batches/markets_matched_origins_recursive_h20/runs/sp500__cnn1d__indicators__seed2026/artifacts/20260715_220934_473906,167.26162855357083,0.0330813840126051,0.8989722991276944,0.8907059494179221,1.0
0.0239033579876188,0.0326411229469979,192.21746714078932,-0.0306027537874693,122.6934441570246,166.16365887141578,2.3790092309781663,0.9770700740429444,mlp,1.0461330538243054,957,175.321191584002,0.3326309309954922,outputs/batches/markets_matched_origins_recursive_h20/runs/sp500__mlp__indicators__seed2026/artifacts/20260715_223747_596366/checkpoints/mlp,50,992,sp500__mlp__indicators__seed2026,sp500,indicators,2026,outputs/batches/markets_matched_origins_recursive_h20/runs/sp500__mlp__indicators__seed2026/artifacts/20260715_223747_596366,167.26162855357083,0.0330813840126051,0.9934356152594592,0.9866915765845996,2.0
0.0242834056877667,0.0330813840126051,100.0,-0.0585916336155427,123.93899043913812,167.26162855357083,2.410827050717378,0.976766041941362,naive_persistence,,0,0.0,0.0,,50,992,sp500__naive_persistence__indicators__seed2026,sp500,indicators,2026,outputs/batches/markets_matched_origins_recursive_h20/runs/sp500__naive_persistence__indicators__seed2026/artifacts/20260715_181305_575227,167.26162855357083,0.0330813840126051,1.0,1.0,3.0
0.0236929760742949,0.0330395889035414,126.52093172363354,-0.0559184683211373,121.5235693676582,167.83106104344725,2.360144777403988,0.9766075753357824,lstm_gru,1.0467006974108517,715,216.8976272030004,0.6796176389916582,outputs/batches/markets_matched_origins_recursive_h20/runs/sp500__lstm_gru__indicators__seed2026/artifacts/20260715_231511_439046/checkpoints/lstm_gru,50,992,sp500__lstm_gru__indicators__seed2026,sp500,indicators,2026,outputs/batches/markets_matched_origins_recursive_h20/runs/sp500__lstm_gru__indicators__seed2026/artifacts/20260715_231511_439046,167.26162855357083,0.0330813840126051,1.00340444186034,0.9987365973247136,4.0
0.0250003212021926,0.0334713585849193,453.26092091624224,-0.0836968150070587,128.28220814502131,170.1262282725961,2.492729871993064,0.9759633961154126,linear_regression,,0,2.386245907000557,0.2363044130224807,,50,992,sp500__linear_regression__indicators__seed2026,sp500,indicators,2026,outputs/batches/markets_matched_origins_recursive_h20/runs/sp500__linear_regression__indicators__seed2026/artifacts/20260715_181458_830928,167.26162855357083,0.0330813840126051,1.017126460765673,1.0117883390902147,5.0
0.0241601701473059,0.0340441916197845,152.4120670906234,-0.1211072693494008,122.52459549899832,170.61053068372232,2.4026908929437174,0.975826350174046,dnfs,1.0487304105423392,612,216.19111710300055,1.153519762994165,outputs/batches/markets_matched_origins_recursive_h20/runs/sp500__dnfs__indicators__seed2026/artifacts/20260716_153141_352604/checkpoints/dnfs,50,992,sp500__dnfs__indicators__seed2026,sp500,indicators,2026,outputs/batches/markets_matched_origins_recursive_h20/runs/sp500__dnfs__indicators__seed2026/artifacts/20260716_153141_352604,167.26162855357083,0.0330813840126051,1.0200219390371348,1.0291042118072369,6.0
0.0278712086110619,0.0374572008267641,100.0,-0.0416598283005038,72.24299454785552,96.58449377616964,2.763196532568636,0.9575643912115718,naive_persistence,,0,0.0,0.0,,38,741,wig20__naive_persistence__close__seed1,wig20,close,1,outputs/batches/markets_matched_origins_recursive_h20/runs/wig20__naive_persistence__close__seed1/artifacts/20260715_163809_654170,96.58449377616964,0.0374572008267641,1.0,1.0,1.0
0.0287258519918631,0.0384286500115596,118.73417738453556,-0.0963911798634218,74.69325710826166,99.73567278065153,2.838924031922683,0.9547501999558724,lstm_gru,0.9689454048087724,749,174.15311219000023,0.5272958830023526,outputs/batches/markets_matched_origins_recursive_h20/runs/wig20__lstm_gru__close__seed1/artifacts/20260715_171611_991588/checkpoints/lstm_gru,38,741,wig20__lstm_gru__close__seed1,wig20,close,1,outputs/batches/markets_matched_origins_recursive_h20/runs/wig20__lstm_gru__close__seed1/artifacts/20260715_171611_991588,96.58449377616964,0.0374572008267641,1.0326261378123969,1.0259349114016385,2.0
0.0288043780393894,0.0387308443207229,131.63594222140318,-0.1137025296374216,74.83682536063421,100.67982935845454,2.8492660517556567,0.9538894223584516,cnn1d,0.9681371557607986,711,117.07602485399946,0.3498876619955808,outputs/batches/markets_matched_origins_recursive_h20/runs/wig20__cnn1d__close__seed1/artifacts/20260715_164004_771660/checkpoints/cnn1d,38,741,wig20__cnn1d__close__seed1,wig20,close,1,outputs/batches/markets_matched_origins_recursive_h20/runs/wig20__cnn1d__close__seed1/artifacts/20260715_164004_771660,96.58449377616964,0.0374572008267641,1.0424015845832941,1.034002634095625,3.0
0.029149909307307,0.0392213112115053,142.2228029194029,-0.1420878043174918,76.2171467785465,102.92019768333108,2.8903365768229743,0.9518144473210346,mlp,0.968707715210162,652,92.2698056380018,0.2503452199962339,outputs/batches/markets_matched_origins_recursive_h20/runs/wig20__mlp__close__seed1/artifacts/20260715_170158_055421/checkpoints/mlp,38,741,wig20__mlp__close__seed1,wig20,close,1,outputs/batches/markets_matched_origins_recursive_h20/runs/wig20__mlp__close__seed1/artifacts/20260715_170158_055421,96.58449377616964,0.0374572008267641,1.0655975266779796,1.047096695583315,4.0
0.0292927877450703,0.0390182732920998,146.6303531914936,-0.1302938628843848,77.02535064785583,103.04826195835072,2.8936432562517047,0.9516944575187912,linear_regression,,0,0.1793753219993732,0.1509553179997738,,38,741,wig20__linear_regression__close__seed1,wig20,close,1,outputs/batches/markets_matched_origins_recursive_h20/runs/wig20__linear_regression__close__seed1/artifacts/20260715_163851_907769,96.58449377616964,0.0374572008267641,1.0669234566488548,1.041676164552592,5.0
0.0291800559295675,0.0400795942769117,152.94235098936292,-0.1926195110374455,76.17164775457098,104.54149671898048,2.890400982354141,0.9502843584154076,dnfs,0.970157370624835,582,161.30265775200132,0.885852743020223,outputs/batches/markets_matched_origins_recursive_h20/runs/wig20__dnfs__close__seed1/artifacts/20260715_174257_876862/checkpoints/dnfs,38,741,wig20__dnfs__close__seed1,wig20,close,1,outputs/batches/markets_matched_origins_recursive_h20/runs/wig20__dnfs__close__seed1/artifacts/20260715_174257_876862,96.58449377616964,0.0374572008267641,1.0823838551274167,1.0700103956586589,6.0
0.0278712086110619,0.0374572008267641,100.0,-0.0416598283005038,72.24299454785552,96.58449377616964,2.763196532568636,0.9575643912115718,naive_persistence,,0,0.0,0.0,,38,741,wig20__naive_persistence__close__seed7,wig20,close,7,outputs/batches/markets_matched_origins_recursive_h20/runs/wig20__naive_persistence__close__seed7/artifacts/20260715_163811_776664,96.58449377616964,0.0374572008267641,1.0,1.0,1.0
0.0283404263071296,0.037909261608054,118.1097507424048,-0.0669545694218534,73.51707923385841,98.14740560808646,2.8026591104790355,0.956179909573855,lstm_gru,0.969208637154416,782,184.20072489100176,0.5193133170050714,outputs/batches/markets_matched_origins_recursive_h20/runs/wig20__lstm_gru__close__seed7/artifacts/20260715_171908_818029/checkpoints/lstm_gru,38,741,wig20__lstm_gru__close__seed7,wig20,close,7,outputs/batches/markets_matched_origins_recursive_h20/runs/wig20__lstm_gru__close__seed7/artifacts/20260715_171908_818029,96.58449377616964,0.0374572008267641,1.0161818090131403,1.0120687283436005,2.0
0.028432013632715,0.0381176603466952,132.43862700187435,-0.0787175605875369,73.6489387800555,98.45576049578628,2.8164112657547093,0.9559041332580378,mlp,0.9690825221569916,643,91.58615029900012,0.2461467020061718,outputs/batches/markets_matched_origins_recursive_h20/runs/wig20__mlp__close__seed7/artifacts/20260715_170332_854043/checkpoints/mlp,38,741,wig20__mlp__close__seed7,wig20,close,7,outputs/batches/markets_matched_origins_recursive_h20/runs/wig20__mlp__close__seed7/artifacts/20260715_170332_854043,96.58449377616964,0.0374572008267641,1.0193744010705612,1.0176323778967271,3.0
0.028487004443642,0.0380966091918577,143.79125761057415,-0.0775264077376463,73.97554582296578,98.71163631245498,2.8194115568157656,0.955674634697706,cnn1d,0.968394205889158,650,107.03275956400034,0.3429911910056944,outputs/batches/markets_matched_origins_recursive_h20/runs/wig20__cnn1d__close__seed7/artifacts/20260715_164208_908804/checkpoints/cnn1d,38,741,wig20__cnn1d__close__seed7,wig20,close,7,outputs/batches/markets_matched_origins_recursive_h20/runs/wig20__cnn1d__close__seed7/artifacts/20260715_164208_908804,96.58449377616964,0.0374572008267641,1.022023644304798,1.0170703723444472,4.0
0.0291022933929404,0.0394040832144026,143.15642724131118,-0.1527569043023637,75.53283832423581,102.31118022462591,2.8750296607870456,0.9523830241079312,dnfs,0.9702181472982228,713,197.13444237299973,0.8652146220019858,outputs/batches/markets_matched_origins_recursive_h20/runs/wig20__dnfs__close__seed7/artifacts/20260715_174551_184392/checkpoints/dnfs,38,741,wig20__dnfs__close__seed7,wig20,close,7,outputs/batches/markets_matched_origins_recursive_h20/runs/wig20__dnfs__close__seed7/artifacts/20260715_174551_184392,96.58449377616964,0.0374572008267641,1.0592919859550916,1.0519761846765496,5.0
0.0292927877450703,0.0390182732920998,146.6303531914936,-0.1302938628843848,77.02535064785583,103.04826195835072,2.8936432562517047,0.9516944575187912,linear_regression,,0,0.1755978420001156,0.1529084120035122,,38,741,wig20__linear_regression__close__seed7,wig20,close,7,outputs/batches/markets_matched_origins_recursive_h20/runs/wig20__linear_regression__close__seed7/artifacts/20260715_163856_442643,96.58449377616964,0.0374572008267641,1.0669234566488548,1.041676164552592,6.0
0.0278712086110619,0.0374572008267641,100.0,-0.0416598283005038,72.24299454785552,96.58449377616964,2.763196532568636,0.9575643912115718,naive_persistence,,0,0.0,0.0,,38,741,wig20__naive_persistence__close__seed42,wig20,close,42,outputs/batches/markets_matched_origins_recursive_h20/runs/wig20__naive_persistence__close__seed42/artifacts/20260715_163813_753025,96.58449377616964,0.0374572008267641,1.0,1.0,1.0
0.0287429508907711,0.0380733790404825,120.63078158686696,-0.0762127228459021,74.75090959337788,98.98243157444644,2.841840980868352,0.9554311059023776,lstm_gru,0.969104554308088,720,165.3603379640017,0.508226952001678,outputs/batches/markets_matched_origins_recursive_h20/runs/wig20__lstm_gru__close__seed42/artifacts/20260715_172215_656264/checkpoints/lstm_gru,38,741,wig20__lstm_gru__close__seed42,wig20,close,42,outputs/batches/markets_matched_origins_recursive_h20/runs/wig20__lstm_gru__close__seed42/artifacts/20260715_172215_656264,96.58449377616964,0.0374572008267641,1.0248273579383655,1.016450193824364,2.0
0.0285725637329826,0.03815587287128,140.188600507731,-0.0808814490572276,74.47444972317963,99.7738765282526,2.828322035702321,0.9547155274463636,cnn1d,0.968342401283352,722,115.06640282599984,0.3299340249966462,outputs/batches/markets_matched_origins_recursive_h20/runs/wig20__cnn1d__close__seed42/artifacts/20260715_164358_335915/checkpoints/cnn1d,38,741,wig20__cnn1d__close__seed42,wig20,close,42,outputs/batches/markets_matched_origins_recursive_h20/runs/wig20__cnn1d__close__seed42/artifacts/20260715_164358_335915,96.58449377616964,0.0374572008267641,1.0330216852352534,1.0186525428781288,3.0
0.0290954964671427,0.0387493702067376,138.98467552636376,-0.1147682053771033,75.64049468349029,100.6863271892624,2.880483407619849,0.9538834702545892,mlp,0.9689458157017566,647,92.22476817699771,0.2474545059940283,outputs/batches/markets_matched_origins_recursive_h20/runs/wig20__mlp__close__seed42/artifacts/20260715_170506_731722/checkpoints/mlp,38,741,wig20__mlp__close__seed42,wig20,close,42,outputs/batches/markets_matched_origins_recursive_h20/runs/wig20__mlp__close__seed42/artifacts/20260715_170506_731722,96.58449377616964,0.0374572008267641,1.0424688607117265,1.034497222201671,4.0
0.0292927877450703,0.0390182732920998,146.6303531914936,-0.1302938628843848,77.02535064785583,103.04826195835072,2.8936432562517047,0.9516944575187912,linear_regression,,0,0.1753248829999165,0.1599899760001335,,38,741,wig20__linear_regression__close__seed42,wig20,close,42,outputs/batches/markets_matched_origins_recursive_h20/runs/wig20__linear_regression__close__seed42/artifacts/20260715_163900_872590,96.58449377616964,0.0374572008267641,1.0669234566488548,1.041676164552592,5.0
0.0293710068748283,0.039346347761395,133.23400948871918,-0.1493813057347459,76.9874469340813,104.09643467375692,2.9052854955540197,0.9507067638028792,dnfs,0.97035101768479,626,171.3309147860009,0.8696528729924466,outputs/batches/markets_matched_origins_recursive_h20/runs/wig20__dnfs__close__seed42/artifacts/20260715_174920_254572/checkpoints/dnfs,38,741,wig20__dnfs__close__seed42,wig20,close,42,outputs/batches/markets_matched_origins_recursive_h20/runs/wig20__dnfs__close__seed42/artifacts/20260715_174920_254572,96.58449377616964,0.0374572008267641,1.0777758479015884,1.0504348134119263,6.0
0.0278712086110619,0.0374572008267641,100.0,-0.0416598283005038,72.24299454785552,96.58449377616964,2.763196532568636,0.9575643912115718,naive_persistence,,0,0.0,0.0,,38,741,wig20__naive_persistence__close__seed123,wig20,close,123,outputs/batches/markets_matched_origins_recursive_h20/runs/wig20__naive_persistence__close__seed123/artifacts/20260715_163815_781152,96.58449377616964,0.0374572008267641,1.0,1.0,1.0
0.0278828717831245,0.037780682637261,126.16291351710753,-0.0597291442553369,72.39860297971833,97.68025170328292,2.7579570137852816,0.9565960593190198,mlp,0.968994295257225,637,91.62326605499992,0.2476331199991364,outputs/batches/markets_matched_origins_recursive_h20/runs/wig20__mlp__close__seed123/artifacts/20260715_170641_251514/checkpoints/mlp,38,741,wig20__mlp__close__seed123,wig20,close,123,outputs/batches/markets_matched_origins_recursive_h20/runs/wig20__mlp__close__seed123/artifacts/20260715_170641_251514,96.58449377616964,0.0374572008267641,1.0113450708728946,1.0086360380209127,2.0
0.0285443567904697,0.0380000976928404,115.23504642021776,-0.0720738509046925,74.29096826960536,99.02726167373484,2.822489331879156,0.95539072539487,lstm_gru,0.9690495196141696,828,195.49695099300152,0.5255092489969684,outputs/batches/markets_matched_origins_recursive_h20/runs/wig20__lstm_gru__close__seed123/artifacts/20260715_172503_806582/checkpoints/lstm_gru,38,741,wig20__lstm_gru__close__seed123,wig20,close,123,outputs/batches/markets_matched_origins_recursive_h20/runs/wig20__lstm_gru__close__seed123/artifacts/20260715_172503_806582,96.58449377616964,0.0374572008267641,1.0252915121471384,1.0144937916900718,3.0
0.0287210601090412,0.0385006248980595,127.5184740869974,-0.1005019945996812,74.92737078635267,100.57618358011852,2.84250778550219,0.9539843114094366,cnn1d,0.9684977536008024,734,118.46379848299966,0.3423714590028339,outputs/batches/markets_matched_origins_recursive_h20/runs/wig20__cnn1d__close__seed123/artifacts/20260715_164555_714036/checkpoints/cnn1d,38,741,wig20__cnn1d__close__seed123,wig20,close,123,outputs/batches/markets_matched_origins_recursive_h20/runs/wig20__cnn1d__close__seed123/artifacts/20260715_164555_714036,96.58449377616964,0.0374572008267641,1.0413284746638467,1.0278564347646033,4.0
0.0292927877450703,0.0390182732920998,146.6303531914936,-0.1302938628843848,77.02535064785583,103.04826195835072,2.8936432562517047,0.9516944575187912,linear_regression,,0,0.1804266410000536,0.1548557250009707,,38,741,wig20__linear_regression__close__seed123,wig20,close,123,outputs/batches/markets_matched_origins_recursive_h20/runs/wig20__linear_regression__close__seed123/artifacts/20260715_163905_267271,96.58449377616964,0.0374572008267641,1.0669234566488548,1.041676164552592,5.0
0.0316714115670471,0.0426476038708983,167.8751954234124,-0.3503444015124022,81.79222005256209,109.43157288992236,3.1385649889750606,0.9455245402486327,dnfs,0.970797948212477,601,162.25319840700104,0.853760976006015,outputs/batches/markets_matched_origins_recursive_h20/runs/wig20__dnfs__close__seed123/artifacts/20260715_175223_419826/checkpoints/dnfs,38,741,wig20__dnfs__close__seed123,wig20,close,123,outputs/batches/markets_matched_origins_recursive_h20/runs/wig20__dnfs__close__seed123/artifacts/20260715_175223_419826,96.58449377616964,0.0374572008267641,1.1330138887876275,1.1385688980908986,6.0
0.0275966904098189,0.0369868696155807,119.4738201147471,-0.0156648662447511,71.27590445564866,94.95948128809742,2.731794486789953,0.9589803180704968,mlp,0.9693907581008316,596,85.97589795000022,0.2471497020023889,outputs/batches/markets_matched_origins_recursive_h20/runs/wig20__mlp__close__seed2026/artifacts/20260715_170815_177621/checkpoints/mlp,38,741,wig20__mlp__close__seed2026,wig20,close,2026,outputs/batches/markets_matched_origins_recursive_h20/runs/wig20__mlp__close__seed2026/artifacts/20260715_170815_177621,96.58449377616964,0.0374572008267641,0.9831752238424719,0.987443503497268,1.0
0.0278712086110619,0.0374572008267641,100.0,-0.0416598283005038,72.24299454785552,96.58449377616964,2.763196532568636,0.9575643912115718,naive_persistence,,0,0.0,0.0,,38,741,wig20__naive_persistence__close__seed2026,wig20,close,2026,outputs/batches/markets_matched_origins_recursive_h20/runs/wig20__naive_persistence__close__seed2026/artifacts/20260715_163817_889949,96.58449377616964,0.0374572008267641,1.0,1.0,2.0
0.0279120727601861,0.037716449623341,127.38534920532736,-0.0561287999684443,72.07709009545711,96.61583632506704,2.7597633838911046,0.9575368452588724,cnn1d,0.968541799407256,750,123.1252262710002,0.3424676110018936,outputs/batches/markets_matched_origins_recursive_h20/runs/wig20__cnn1d__close__seed2026/artifacts/20260715_164756_580067/checkpoints/cnn1d,38,741,wig20__cnn1d__close__seed2026,wig20,close,2026,outputs/batches/markets_matched_origins_recursive_h20/runs/wig20__cnn1d__close__seed2026/artifacts/20260715_164756_580067,96.58449377616964,0.0374572008267641,1.0003245091180997,1.0069212004862804,3.0
0.028356309906467,0.0378165055251523,119.389656454119,-0.0617397249726756,73.72948038421173,98.42191001444978,2.8031945433165477,0.9559344496093972,lstm_gru,0.9691719214121498,774,184.42594978899933,0.5203962969994791,outputs/batches/markets_matched_origins_recursive_h20/runs/wig20__lstm_gru__close__seed2026/artifacts/20260715_172821_957494/checkpoints/lstm_gru,38,741,wig20__lstm_gru__close__seed2026,wig20,close,2026,outputs/batches/markets_matched_origins_recursive_h20/runs/wig20__lstm_gru__close__seed2026/artifacts/20260715_172821_957494,96.58449377616964,0.0374572008267641,1.0190239257508382,1.0095924065455384,4.0
0.0285643221802162,0.0382689406169953,156.31311856821648,-0.0872969178684384,75.0230016210168,100.78758433469356,2.8188450716112867,0.9537906676598296,dnfs,0.9701657459924096,628,175.32117953000397,0.8760882449996643,outputs/batches/markets_matched_origins_recursive_h20/runs/wig20__dnfs__close__seed2026/artifacts/20260715_175517_305968/checkpoints/dnfs,38,741,wig20__dnfs__close__seed2026,wig20,close,2026,outputs/batches/markets_matched_origins_recursive_h20/runs/wig20__dnfs__close__seed2026/artifacts/20260715_175517_305968,96.58449377616964,0.0374572008267641,1.0435172396126484,1.0216711279090347,5.0
0.0292927877450703,0.0390182732920998,146.6303531914936,-0.1302938628843848,77.02535064785583,103.04826195835072,2.8936432562517047,0.9516944575187912,linear_regression,,0,0.178834702999552,0.1559841349985617,,38,741,wig20__linear_regression__close__seed2026,wig20,close,2026,outputs/batches/markets_matched_origins_recursive_h20/runs/wig20__linear_regression__close__seed2026/artifacts/20260715_163909_778786,96.58449377616964,0.0374572008267641,1.0669234566488548,1.041676164552592,6.0
0.0278712086110619,0.0374572008267641,100.0,-0.0416598283005038,72.24299454785552,96.58449377616964,2.763196532568636,0.9575643912115718,naive_persistence,,0,0.0,0.0,,38,741,wig20__naive_persistence__indicators__seed1,wig20,indicators,1,outputs/batches/markets_matched_origins_recursive_h20/runs/wig20__naive_persistence__indicators__seed1/artifacts/20260715_163820_281945,96.58449377616964,0.0374572008267641,1.0,1.0,1.0
0.0285531869868285,0.038205745509745,120.8762552968436,-0.0837088848132148,74.2009835368802,99.16665946401773,2.821035860441965,0.9552650466483256,lstm_gru,0.9691356491101416,507,121.5839576220028,0.5588349450035821,outputs/batches/markets_matched_origins_recursive_h20/runs/wig20__lstm_gru__indicators__seed1/artifacts/20260715_173129_035060/checkpoints/lstm_gru,38,741,wig20__lstm_gru__indicators__seed1,wig20,indicators,1,outputs/batches/markets_matched_origins_recursive_h20/runs/wig20__lstm_gru__indicators__seed1/artifacts/20260715_173129_035060,96.58449377616964,0.0374572008267641,1.0267347851284716,1.019983999510344,2.0
0.0289895138972739,0.0391559478108519,136.96174248479207,-0.1382843343841031,74.99854085640514,101.06773616557108,2.866932042323972,0.9535334212707928,cnn1d,0.9676995574774452,821,135.13382027399962,0.3819251539996458,outputs/batches/markets_matched_origins_recursive_h20/runs/wig20__cnn1d__indicators__seed1/artifacts/20260715_165002_109426/checkpoints/cnn1d,38,741,wig20__cnn1d__indicators__seed1,wig20,indicators,1,outputs/batches/markets_matched_origins_recursive_h20/runs/wig20__cnn1d__indicators__seed1/artifacts/20260715_165002_109426,96.58449377616964,0.0374572008267641,1.046417827687653,1.0453516799598652,3.0
0.0291604507568919,0.0385198184553875,160.7200959628941,-0.1015995255227353,76.83841906985836,102.30108830044568,2.8836593931207557,0.9523924174744992,linear_regression,,0,1.5046575499995924,0.178618492999135,,38,741,wig20__linear_regression__indicators__seed1,wig20,indicators,1,outputs/batches/markets_matched_origins_recursive_h20/runs/wig20__linear_regression__indicators__seed1/artifacts/20260715_163914_413969,96.58449377616964,0.0374572008267641,1.059187497917875,1.0283688477827777,4.0
0.0303270426203443,0.0416429029753146,172.5962932925024,-0.287470453501208,77.65204061343053,105.10819917921714,2.9969867160059853,0.9497438966742232,dnfs,0.969984303440964,484,132.9863409419977,0.9190484809951158,outputs/batches/markets_matched_origins_recursive_h20/runs/wig20__dnfs__indicators__seed1/artifacts/20260715_175824_521830/checkpoints/dnfs,38,741,wig20__dnfs__indicators__seed1,wig20,indicators,1,outputs/batches/markets_matched_origins_recursive_h20/runs/wig20__dnfs__indicators__seed1/artifacts/20260715_175824_521830,96.58449377616964,0.0374572008267641,1.0882512820619097,1.11174626123049,5.0
0.030225026280228,0.0406751254204361,175.50597883749975,-0.2283243985335286,78.68413969848804,106.97237588050864,3.0022185626377444,0.9479454250528832,mlp,0.970923580686774,479,70.9365643759993,0.2835144569967269,outputs/batches/markets_matched_origins_recursive_h20/runs/wig20__mlp__indicators__seed1/artifacts/20260715_170943_541609/checkpoints/mlp,38,741,wig20__mlp__indicators__seed1,wig20,indicators,1,outputs/batches/markets_matched_origins_recursive_h20/runs/wig20__mlp__indicators__seed1/artifacts/20260715_170943_541609,96.58449377616964,0.0374572008267641,1.1075522757142826,1.085909371833592,6.0
0.0278712086110619,0.0374572008267641,100.0,-0.0416598283005038,72.24299454785552,96.58449377616964,2.763196532568636,0.9575643912115718,naive_persistence,,0,0.0,0.0,,38,741,wig20__naive_persistence__indicators__seed7,wig20,indicators,7,outputs/batches/markets_matched_origins_recursive_h20/runs/wig20__naive_persistence__indicators__seed7/artifacts/20260715_163826_442605,96.58449377616964,0.0374572008267641,1.0,1.0,1.0
0.0280469803795761,0.0379337219906335,128.57646150840242,-0.0683318864976789,72.34426300790746,97.2604299058806,2.776918700462133,0.9569683507885072,cnn1d,0.967770286361899,862,140.90847147899922,0.3654188639993663,outputs/batches/markets_matched_origins_recursive_h20/runs/wig20__cnn1d__indicators__seed7/artifacts/20260715_165223_674281/checkpoints/cnn1d,38,741,wig20__cnn1d__indicators__seed7,wig20,indicators,7,outputs/batches/markets_matched_origins_recursive_h20/runs/wig20__cnn1d__indicators__seed7/artifacts/20260715_165223_674281,96.58449377616964,0.0374572008267641,1.0069983918047696,1.0127217505139605,2.0
0.028375836145725,0.0383136909858148,120.8081401717549,-0.0898412990910122,73.30184637263609,98.52728368653833,2.804644908315149,0.955840043099381,lstm_gru,0.9693017962731812,589,142.22833455100317,0.5664763130225765,outputs/batches/markets_matched_origins_recursive_h20/runs/wig20__lstm_gru__indicators__seed7/artifacts/20260715_173337_013934/checkpoints/lstm_gru,38,741,wig20__lstm_gru__indicators__seed7,wig20,indicators,7,outputs/batches/markets_matched_origins_recursive_h20/runs/wig20__lstm_gru__indicators__seed7/artifacts/20260715_173337_013934,96.58449377616964,0.0374572008267641,1.0201149256408697,1.022865834609796,3.0
0.0289727815034793,0.0387238240624009,130.76486572057283,-0.113298832222102,75.34328814078674,100.8025447208592,2.8679954424695087,0.953776948494557,mlp,0.9713447088735144,511,76.33549732100028,0.3007343519971073,outputs/batches/markets_matched_origins_recursive_h20/runs/wig20__mlp__indicators__seed7/artifacts/20260715_171100_726399/checkpoints/mlp,38,741,wig20__mlp__indicators__seed7,wig20,indicators,7,outputs/batches/markets_matched_origins_recursive_h20/runs/wig20__mlp__indicators__seed7/artifacts/20260715_171100_726399,96.58449377616964,0.0374572008267641,1.0436721338982706,1.0338152133015708,4.0
0.0291604507568919,0.0385198184553875,160.7200959628941,-0.1015995255227353,76.83841906985836,102.30108830044568,2.8836593931207557,0.9523924174744992,linear_regression,,0,1.4814718909999556,0.176109006002548,,38,741,wig20__linear_regression__indicators__seed7,wig20,indicators,7,outputs/batches/markets_matched_origins_recursive_h20/runs/wig20__linear_regression__indicators__seed7/artifacts/20260715_163924_441277,96.58449377616964,0.0374572008267641,1.059187497917875,1.0283688477827777,5.0
0.0308813351700739,0.0404951099148261,209.00297655603865,-0.2174760907910617,80.12358155318361,104.33138608382392,3.0603351060623045,0.9504839975679368,dnfs,0.9701301831294568,478,135.70093549799913,0.9732948700038832,outputs/batches/markets_matched_origins_recursive_h20/runs/wig20__dnfs__indicators__seed7/artifacts/20260715_180053_665717/checkpoints/dnfs,38,741,wig20__dnfs__indicators__seed7,wig20,indicators,7,outputs/batches/markets_matched_origins_recursive_h20/runs/wig20__dnfs__indicators__seed7/artifacts/20260715_180053_665717,96.58449377616964,0.0374572008267641,1.0802084475962297,1.0811034733244493,6.0
0.0278712086110619,0.0374572008267641,100.0,-0.0416598283005038,72.24299454785552,96.58449377616964,2.763196532568636,0.9575643912115718,naive_persistence,,0,0.0,0.0,,38,741,wig20__naive_persistence__indicators__seed42,wig20,indicators,42,outputs/batches/markets_matched_origins_recursive_h20/runs/wig20__naive_persistence__indicators__seed42/artifacts/20260715_163832_625072,96.58449377616964,0.0374572008267641,1.0,1.0,1.0
0.0286345826909623,0.038234965829033,122.75557232138972,-0.0853671918893723,74.45128965796657,99.36188944583904,2.827703106989093,0.9550887333364602,lstm_gru,0.969383300853926,544,132.75108097199973,0.5808599340052751,outputs/batches/markets_matched_origins_recursive_h20/runs/wig20__lstm_gru__indicators__seed42/artifacts/20260715_173605_765637/checkpoints/lstm_gru,38,741,wig20__lstm_gru__indicators__seed42,wig20,indicators,42,outputs/batches/markets_matched_origins_recursive_h20/runs/wig20__lstm_gru__indicators__seed42/artifacts/20260715_173605_765637,96.58449377616964,0.0374572008267641,1.0287561238981684,1.0207640983603123,2.0
0.0289587618906277,0.0383750430789814,153.4120171640271,-0.0933344410058669,75.50877923362538,99.95573408234172,2.867773653886578,0.954550297248768,mlp,0.9707704251795484,473,70.54247577499973,0.2932639559976451,outputs/batches/markets_matched_origins_recursive_h20/runs/wig20__mlp__indicators__seed42/artifacts/20260715_171223_413714/checkpoints/mlp,38,741,wig20__mlp__indicators__seed42,wig20,indicators,42,outputs/batches/markets_matched_origins_recursive_h20/runs/wig20__mlp__indicators__seed42/artifacts/20260715_171223_413714,96.58449377616964,0.0374572008267641,1.034904570851557,1.0245037598100892,3.0
0.0290022628884901,0.039027067536155,133.86585991309315,-0.1308034292712132,75.39840392093461,101.76636726528136,2.868094395173416,0.9528888001775224,cnn1d,0.9676838553134812,889,144.4574495419995,0.3509222529980889,outputs/batches/markets_matched_origins_recursive_h20/runs/wig20__cnn1d__indicators__seed42/artifacts/20260715_165450_736272/checkpoints/cnn1d,38,741,wig20__cnn1d__indicators__seed42,wig20,indicators,42,outputs/batches/markets_matched_origins_recursive_h20/runs/wig20__cnn1d__indicators__seed42/artifacts/20260715_165450_736272,96.58449377616964,0.0374572008267641,1.0536511947882699,1.0419109456857543,4.0
0.0291604507568919,0.0385198184553875,160.7200959628941,-0.1015995255227353,76.83841906985836,102.30108830044568,2.8836593931207557,0.9523924174744992,linear_regression,,0,1.477825148000079,0.1765663650000988,,38,741,wig20__linear_regression__indicators__seed42,wig20,indicators,42,outputs/batches/markets_matched_origins_recursive_h20/runs/wig20__linear_regression__indicators__seed42/artifacts/20260715_163934_566198,96.58449377616964,0.0374572008267641,1.059187497917875,1.0283688477827777,5.0
0.0300544503205939,0.0406062896976707,163.07410642653056,-0.2241704567101645,77.59073303442803,103.73478624302122,2.976347433055938,0.951048674741367,dnfs,0.9701726205254854,534,152.2695259580005,0.9812434690029476,outputs/batches/markets_matched_origins_recursive_h20/runs/wig20__dnfs__indicators__seed42/artifacts/20260715_180326_010753/checkpoints/dnfs,38,741,wig20__dnfs__indicators__seed42,wig20,indicators,42,outputs/batches/markets_matched_origins_recursive_h20/runs/wig20__dnfs__indicators__seed42/artifacts/20260715_180326_010753,96.58449377616964,0.0374572008267641,1.0740314742801476,1.0840716551530594,6.0
0.0278712086110619,0.0374572008267641,100.0,-0.0416598283005038,72.24299454785552,96.58449377616964,2.763196532568636,0.9575643912115718,naive_persistence,,0,0.0,0.0,,38,741,wig20__naive_persistence__indicators__seed123,wig20,indicators,123,outputs/batches/markets_matched_origins_recursive_h20/runs/wig20__naive_persistence__indicators__seed123/artifacts/20260715_163838_938241,96.58449377616964,0.0374572008267641,1.0,1.0,1.0
0.028366108039528,0.0379505189174833,127.57243886710133,-0.069278203628305,73.80715922114881,98.88249111696788,2.8035653575396062,0.955521060996854,lstm_gru,0.969420280895735,527,128.2296538779974,0.5619809360114232,outputs/batches/markets_matched_origins_recursive_h20/runs/wig20__lstm_gru__indicators__seed123/artifacts/20260715_173825_070805/checkpoints/lstm_gru,38,741,wig20__lstm_gru__indicators__seed123,wig20,indicators,123,outputs/batches/markets_matched_origins_recursive_h20/runs/wig20__lstm_gru__indicators__seed123/artifacts/20260715_173825_070805,96.58449377616964,0.0374572008267641,1.0237926115357996,1.0131701803613342,2.0
0.0285708097596539,0.0382904517480305,131.30056887555003,-0.0885196096712754,74.0053816757473,98.9506238898196,2.8301225980197127,0.9554597454403064,cnn1d,0.9678901167292344,821,133.6074444859987,0.3591907239911052,outputs/batches/markets_matched_origins_recursive_h20/runs/wig20__cnn1d__indicators__seed123/artifacts/20260715_165721_358252/checkpoints/cnn1d,38,741,wig20__cnn1d__indicators__seed123,wig20,indicators,123,outputs/batches/markets_matched_origins_recursive_h20/runs/wig20__cnn1d__indicators__seed123/artifacts/20260715_165721_358252,96.58449377616964,0.0374572008267641,1.0244980329775644,1.0222454135086096,3.0
0.0291604507568919,0.0385198184553875,160.7200959628941,-0.1015995255227353,76.83841906985836,102.30108830044568,2.8836593931207557,0.9523924174744992,linear_regression,,0,1.5135930890000964,0.1743797020017155,,38,741,wig20__linear_regression__indicators__seed123,wig20,indicators,123,outputs/batches/markets_matched_origins_recursive_h20/runs/wig20__linear_regression__indicators__seed123/artifacts/20260715_163944_666462,96.58449377616964,0.0374572008267641,1.059187497917875,1.0283688477827777,4.0
0.029954498539542,0.0396104107530065,150.54762451449034,-0.1648606345831846,77.67575189241839,102.70508777630072,2.969259418116517,0.9520156587067428,mlp,0.970725415241823,476,69.28817562899849,0.2675286850026168,outputs/batches/markets_matched_origins_recursive_h20/runs/wig20__mlp__indicators__seed123/artifacts/20260715_171340_203716/checkpoints/mlp,38,741,wig20__mlp__indicators__seed123,wig20,indicators,123,outputs/batches/markets_matched_origins_recursive_h20/runs/wig20__mlp__indicators__seed123/artifacts/20260715_171340_203716,96.58449377616964,0.0374572008267641,1.0633703585413543,1.0574845391197487,5.0
0.0314674901020548,0.041090746882518,174.59186202961035,-0.2535548671561087,81.37467892064514,105.23373765758836,3.116677988739501,0.9496237758370965,dnfs,0.9704753188579754,463,131.8042386629986,0.9886175019983056,outputs/batches/markets_matched_origins_recursive_h20/runs/wig20__dnfs__indicators__seed123/artifacts/20260715_180615_017410/checkpoints/dnfs,38,741,wig20__dnfs__indicators__seed123,wig20,indicators,123,outputs/batches/markets_matched_origins_recursive_h20/runs/wig20__dnfs__indicators__seed123/artifacts/20260715_180615_017410,96.58449377616964,0.0374572008267641,1.0895510608717687,1.0970052747016175,6.0
0.0278712086110619,0.0374572008267641,100.0,-0.0416598283005038,72.24299454785552,96.58449377616964,2.763196532568636,0.9575643912115718,naive_persistence,,0,0.0,0.0,,38,741,wig20__naive_persistence__indicators__seed2026,wig20,indicators,2026,outputs/batches/markets_matched_origins_recursive_h20/runs/wig20__naive_persistence__indicators__seed2026/artifacts/20260715_163845_511213,96.58449377616964,0.0374572008267641,1.0,1.0,1.0
0.0284216772805142,0.0382887563028131,123.2011193906413,-0.0884232156919189,73.69581211678478,98.93995125887126,2.807185131575196,0.95546935298081,lstm_gru,0.9696199132554364,535,131.397741220002,0.5963027949865136,outputs/batches/markets_matched_origins_recursive_h20/runs/wig20__lstm_gru__indicators__seed2026/artifacts/20260715_174039_826376/checkpoints/lstm_gru,38,741,wig20__lstm_gru__indicators__seed2026,wig20,indicators,2026,outputs/batches/markets_matched_origins_recursive_h20/runs/wig20__lstm_gru__indicators__seed2026/artifacts/20260715_174039_826376,96.58449377616964,0.0374572008267641,1.0243875325180074,1.0222001499763655,2.0
0.0280441463644153,0.0381214571514337,137.58628905028786,-0.0789324680025524,72.86995789127188,99.50152752534122,2.777677634706941,0.9549624126765568,mlp,0.9709280810335223,490,70.59358955000107,0.2671296000075926,outputs/batches/markets_matched_origins_recursive_h20/runs/wig20__mlp__indicators__seed2026/artifacts/20260715_171455_462076/checkpoints/mlp,38,741,wig20__mlp__indicators__seed2026,wig20,indicators,2026,outputs/batches/markets_matched_origins_recursive_h20/runs/wig20__mlp__indicators__seed2026/artifacts/20260715_171455_462076,96.58449377616964,0.0374572008267641,1.0302018847448917,1.0177337417107521,3.0
0.0284943372194572,0.038525549332766,131.51677265204313,-0.1019273360722021,73.99439283162306,100.0638272103293,2.8211665967752437,0.9544519445738092,cnn1d,0.968086913358747,790,130.5125225819993,0.3789830919986343,outputs/batches/markets_matched_origins_recursive_h20/runs/wig20__cnn1d__indicators__seed2026/artifacts/20260715_165941_192566/checkpoints/cnn1d,38,741,wig20__cnn1d__indicators__seed2026,wig20,indicators,2026,outputs/batches/markets_matched_origins_recursive_h20/runs/wig20__cnn1d__indicators__seed2026/artifacts/20260715_165941_192566,96.58449377616964,0.0374572008267641,1.0360237269786066,1.028521845797899,4.0
0.0287073999622447,0.039385009415084,190.92479867527496,-0.1516411756530233,74.24941922158865,101.3276080216734,2.8340017137315616,0.9532941583569208,dnfs,0.9703739545585812,496,135.81322413900034,0.8977435720007634,outputs/batches/markets_matched_origins_recursive_h20/runs/wig20__dnfs__indicators__seed2026/artifacts/20260715_180843_523124/checkpoints/dnfs,38,741,wig20__dnfs__indicators__seed2026,wig20,indicators,2026,outputs/batches/markets_matched_origins_recursive_h20/runs/wig20__dnfs__indicators__seed2026/artifacts/20260715_180843_523124,96.58449377616964,0.0374572008267641,1.0491084444310048,1.0514669688542886,5.0
0.0291604507568919,0.0385198184553875,160.7200959628941,-0.1015995255227353,76.83841906985836,102.30108830044568,2.8836593931207557,0.9523924174744992,linear_regression,,0,1.500331375000087,0.1747083560011333,,38,741,wig20__linear_regression__indicators__seed2026,wig20,indicators,2026,outputs/batches/markets_matched_origins_recursive_h20/runs/wig20__linear_regression__indicators__seed2026/artifacts/20260715_163954_627183,96.58449377616964,0.0374572008267641,1.059187497917875,1.0283688477827777,6.0
