usable_index,date
0,2006-08-24
1,2006-08-25
2,2006-08-28
3,2006-08-29
4,2006-08-30
5,2006-08-31
6,2006-09-01
7,2006-09-04
8,2006-09-05
9,2006-09-06
10,2006-09-07
11,2006-09-08
12,2006-09-11
13,2006-09-12
14,2006-09-13
15,2006-09-14
16,2006-09-15
17,2006-09-18
18,2006-09-19
19,2006-09-20
20,2006-09-21
21,2006-09-22
22,2006-09-25
23,2006-09-26
24,2006-09-27
25,2006-09-28
26,2006-09-29
27,2006-10-02
28,2006-10-03
29,2006-10-04
30,2006-10-05
31,2006-10-06
32,2006-10-09
33,2006-10-10
34,2006-10-11
35,2006-10-12
36,2006-10-13
37,2006-10-16
38,2006-10-17
39,2006-10-18
40,2006-10-19
41,2006-10-20
42,2006-10-23
43,2006-10-24
44,2006-10-25
45,2006-10-26
46,2006-10-27
47,2006-10-30
48,2006-10-31
49,2006-11-02
50,2006-11-03
51,2006-11-06
52,2006-11-07
53,2006-11-08
54,2006-11-09
55,2006-11-10
56,2006-11-13
57,2006-11-14
58,2006-11-15
59,2006-11-16
60,2006-11-17
61,2006-11-20
62,2006-11-21
63,2006-11-22
64,2006-11-23
65,2006-11-24
66,2006-11-27
67,2006-11-28
68,2006-11-29
69,2006-11-30
70,2006-12-01
71,2006-12-04
72,2006-12-05
73,2006-12-06
74,2006-12-07
75,2006-12-08
76,2006-12-11
77,2006-12-12
78,2006-12-13
79,2006-12-14
80,2006-12-15
81,2006-12-18
82,2006-12-19
83,2006-12-20
84,2006-12-21
85,2006-12-22
86,2006-12-27
87,2006-12-28
88,2006-12-29
89,2007-01-02
90,2007-01-03
91,2007-01-04
92,2007-01-05
93,2007-01-08
94,2007-01-09
95,2007-01-10
96,2007-01-11
97,2007-01-12
98,2007-01-15
99,2007-01-16
100,2007-01-17
101,2007-01-18
102,2007-01-19
103,2007-01-22
104,2007-01-23
105,2007-01-24
106,2007-01-25
107,2007-01-26
108,2007-01-29
109,2007-01-30
110,2007-01-31
111,2007-02-01
112,2007-02-02
113,2007-02-05
114,2007-02-06
115,2007-02-07
116,2007-02-08
117,2007-02-09
118,2007-02-12
119,2007-02-13
120,2007-02-14
121,2007-02-15
122,2007-02-16
123,2007-02-19
124,2007-02-20
125,2007-02-21
126,2007-02-22
127,2007-02-23
128,2007-02-26
129,2007-02-27
130,2007-02-28
131,2007-03-01
132,2007-03-02
133,2007-03-05
134,2007-03-06
135,2007-03-07
136,2007-03-08
137,2007-03-09
138,2007-03-12
139,2007-03-13
140,2007-03-14
141,2007-03-15
142,2007-03-16
143,2007-03-19
144,2007-03-20
145,2007-03-21
146,2007-03-22
147,2007-03-23
148,2007-03-26
149,2007-03-27
150,2007-03-28
151,2007-03-29
152,2007-03-30
153,2007-04-02
154,2007-04-03
155,2007-04-04
156,2007-04-05
157,2007-04-10
158,2007-04-11
159,2007-04-12
160,2007-04-13
161,2007-04-16
162,2007-04-17
163,2007-04-18
164,2007-04-19
165,2007-04-20
166,2007-04-23
167,2007-04-24
168,2007-04-25
169,2007-04-26
170,2007-04-27
171,2007-04-30
172,2007-05-02
173,2007-05-04
174,2007-05-07
175,2007-05-08
176,2007-05-09
177,2007-05-10
178,2007-05-11
179,2007-05-14
180,2007-05-15
181,2007-05-16
182,2007-05-17
183,2007-05-18
184,2007-05-21
185,2007-05-22
186,2007-05-23
187,2007-05-24
188,2007-05-25
189,2007-05-28
190,2007-05-29
191,2007-05-30
192,2007-05-31
193,2007-06-01
194,2007-06-04
195,2007-06-05
196,2007-06-06
197,2007-06-08
198,2007-06-11
199,2007-06-12
200,2007-06-13
201,2007-06-14
202,2007-06-15
203,2007-06-18
204,2007-06-19
205,2007-06-20
206,2007-06-21
207,2007-06-22
208,2007-06-25
209,2007-06-26
210,2007-06-27
211,2007-06-28
212,2007-06-29
213,2007-07-02
214,2007-07-03
215,2007-07-04
216,2007-07-05
217,2007-07-06
218,2007-07-09
219,2007-07-10
220,2007-07-11
221,2007-07-12
222,2007-07-13
223,2007-07-16
224,2007-07-17
225,2007-07-18
226,2007-07-19
227,2007-07-20
228,2007-07-23
229,2007-07-24
230,2007-07-25
231,2007-07-26
232,2007-07-27
233,2007-07-30
234,2007-07-31
235,2007-08-01
236,2007-08-02
237,2007-08-03
238,2007-08-06
239,2007-08-07
240,2007-08-08
241,2007-08-09
242,2007-08-10
243,2007-08-13
244,2007-08-14
245,2007-08-16
246,2007-08-17
247,2007-08-20
248,2007-08-21
249,2007-08-22
250,2007-08-23
251,2007-08-24
252,2007-08-27
253,2007-08-28
254,2007-08-29
255,2007-08-30
256,2007-08-31
257,2007-09-03
258,2007-09-04
259,2007-09-05
260,2007-09-06
261,2007-09-07
262,2007-09-10
263,2007-09-11
264,2007-09-12
265,2007-09-13
266,2007-09-14
267,2007-09-17
268,2007-09-18
269,2007-09-19
270,2007-09-20
271,2007-09-21
272,2007-09-24
273,2007-09-25
274,2007-09-26
275,2007-09-27
276,2007-09-28
277,2007-10-01
278,2007-10-02
279,2007-10-03
280,2007-10-04
281,2007-10-05
282,2007-10-08
283,2007-10-09
284,2007-10-10
285,2007-10-11
286,2007-10-12
287,2007-10-15
288,2007-10-16
289,2007-10-17
290,2007-10-18
291,2007-10-19
292,2007-10-22
293,2007-10-23
294,2007-10-24
295,2007-10-25
296,2007-10-26
297,2007-10-29
298,2007-10-30
299,2007-10-31
300,2007-11-02
301,2007-11-05
302,2007-11-06
303,2007-11-07
304,2007-11-08
305,2007-11-09
306,2007-11-12
307,2007-11-13
308,2007-11-14
309,2007-11-15
310,2007-11-16
311,2007-11-19
312,2007-11-20
313,2007-11-21
314,2007-11-22
315,2007-11-23
316,2007-11-26
317,2007-11-27
318,2007-11-28
319,2007-11-29
320,2007-11-30
321,2007-12-03
322,2007-12-04
323,2007-12-05
324,2007-12-06
325,2007-12-07
326,2007-12-10
327,2007-12-11
328,2007-12-12
329,2007-12-13
330,2007-12-14
331,2007-12-17
332,2007-12-18
333,2007-12-19
334,2007-12-20
335,2007-12-21
336,2007-12-27
337,2007-12-28
338,2008-01-02
339,2008-01-03
340,2008-01-04
341,2008-01-07
342,2008-01-08
343,2008-01-09
344,2008-01-10
345,2008-01-11
346,2008-01-14
347,2008-01-15
348,2008-01-16
349,2008-01-17
350,2008-01-18
351,2008-01-21
352,2008-01-22
353,2008-01-23
354,2008-01-24
355,2008-01-25
356,2008-01-28
357,2008-01-29
358,2008-01-30
359,2008-01-31
360,2008-02-01
361,2008-02-04
362,2008-02-05
363,2008-02-06
364,2008-02-07
365,2008-02-08
366,2008-02-11
367,2008-02-12
368,2008-02-13
369,2008-02-14
370,2008-02-15
371,2008-02-18
372,2008-02-19
373,2008-02-20
374,2008-02-21
375,2008-02-22
376,2008-02-25
377,2008-02-26
378,2008-02-27
379,2008-02-28
380,2008-02-29
381,2008-03-03
382,2008-03-04
383,2008-03-05
384,2008-03-06
385,2008-03-07
386,2008-03-10
387,2008-03-11
388,2008-03-12
389,2008-03-13
390,2008-03-14
391,2008-03-17
392,2008-03-18
393,2008-03-19
394,2008-03-20
395,2008-03-25
396,2008-03-26
397,2008-03-27
398,2008-03-28
399,2008-03-31
400,2008-04-01
401,2008-04-02
402,2008-04-03
403,2008-04-04
404,2008-04-07
405,2008-04-08
406,2008-04-09
407,2008-04-10
408,2008-04-11
409,2008-04-14
410,2008-04-15
411,2008-04-16
412,2008-04-17
413,2008-04-18
414,2008-04-21
415,2008-04-22
416,2008-04-23
417,2008-04-24
418,2008-04-25
419,2008-04-28
420,2008-04-29
421,2008-04-30
422,2008-05-05
423,2008-05-06
424,2008-05-07
425,2008-05-08
426,2008-05-09
427,2008-05-12
428,2008-05-13
429,2008-05-14
430,2008-05-15
431,2008-05-16
432,2008-05-19
433,2008-05-20
434,2008-05-21
435,2008-05-23
436,2008-05-26
437,2008-05-27
438,2008-05-28
439,2008-05-29
440,2008-05-30
441,2008-06-02
442,2008-06-03
443,2008-06-04
444,2008-06-05
445,2008-06-06
446,2008-06-09
447,2008-06-10
448,2008-06-11
449,2008-06-12
450,2008-06-13
451,2008-06-16
452,2008-06-17
453,2008-06-18
454,2008-06-19
455,2008-06-20
456,2008-06-23
457,2008-06-24
458,2008-06-25
459,2008-06-26
460,2008-06-27
461,2008-06-30
462,2008-07-01
463,2008-07-02
464,2008-07-03
465,2008-07-04
466,2008-07-07
467,2008-07-08
468,2008-07-09
469,2008-07-10
470,2008-07-11
471,2008-07-14
472,2008-07-15
473,2008-07-16
474,2008-07-17
475,2008-07-18
476,2008-07-21
477,2008-07-22
478,2008-07-23
479,2008-07-24
480,2008-07-25
481,2008-07-28
482,2008-07-29
483,2008-07-30
484,2008-07-31
485,2008-08-01
486,2008-08-04
487,2008-08-05
488,2008-08-06
489,2008-08-07
490,2008-08-08
491,2008-08-11
492,2008-08-12
493,2008-08-13
494,2008-08-14
495,2008-08-18
496,2008-08-19
497,2008-08-20
498,2008-08-21
499,2008-08-22
500,2008-08-25
501,2008-08-26
502,2008-08-27
503,2008-08-28
504,2008-08-29
505,2008-09-01
506,2008-09-02
507,2008-09-03
508,2008-09-04
509,2008-09-05
510,2008-09-08
511,2008-09-09
512,2008-09-10
513,2008-09-11
514,2008-09-12
515,2008-09-15
516,2008-09-16
517,2008-09-17
518,2008-09-18
519,2008-09-19
520,2008-09-22
521,2008-09-23
522,2008-09-24
523,2008-09-25
524,2008-09-26
525,2008-09-29
526,2008-09-30
527,2008-10-01
528,2008-10-02
529,2008-10-03
530,2008-10-06
531,2008-10-07
532,2008-10-08
533,2008-10-09
534,2008-10-10
535,2008-10-13
536,2008-10-14
537,2008-10-15
538,2008-10-16
539,2008-10-17
540,2008-10-20
541,2008-10-21
542,2008-10-22
543,2008-10-23
544,2008-10-24
545,2008-10-27
546,2008-10-28
547,2008-10-29
548,2008-10-30
549,2008-10-31
550,2008-11-03
551,2008-11-04
552,2008-11-05
553,2008-11-06
554,2008-11-07
555,2008-11-10
556,2008-11-12
557,2008-11-13
558,2008-11-14
559,2008-11-17
560,2008-11-18
561,2008-11-19
562,2008-11-20
563,2008-11-21
564,2008-11-24
565,2008-11-25
566,2008-11-26
567,2008-11-27
568,2008-11-28
569,2008-12-01
570,2008-12-02
571,2008-12-03
572,2008-12-04
573,2008-12-05
574,2008-12-08
575,2008-12-09
576,2008-12-10
577,2008-12-11
578,2008-12-12
579,2008-12-15
580,2008-12-16
581,2008-12-17
582,2008-12-18
583,2008-12-19
584,2008-12-22
585,2008-12-23
586,2008-12-29
587,2008-12-30
588,2008-12-31
589,2009-01-05
590,2009-01-06
591,2009-01-07
592,2009-01-08
593,2009-01-09
594,2009-01-12
595,2009-01-13
596,2009-01-14
597,2009-01-15
598,2009-01-16
599,2009-01-19
600,2009-01-20
601,2009-01-21
602,2009-01-22
603,2009-01-23
604,2009-01-26
605,2009-01-27
606,2009-01-28
607,2009-01-29
608,2009-01-30
609,2009-02-02
610,2009-02-03
611,2009-02-04
612,2009-02-05
613,2009-02-06
614,2009-02-09
615,2009-02-10
616,2009-02-11
617,2009-02-12
618,2009-02-13
619,2009-02-16
620,2009-02-17
621,2009-02-18
622,2009-02-19
623,2009-02-20
624,2009-02-23
625,2009-02-24
626,2009-02-25
627,2009-02-26
628,2009-02-27
629,2009-03-02
630,2009-03-03
631,2009-03-04
632,2009-03-05
633,2009-03-06
634,2009-03-09
635,2009-03-10
636,2009-03-11
637,2009-03-12
638,2009-03-13
639,2009-03-16
640,2009-03-17
641,2009-03-18
642,2009-03-19
643,2009-03-20
644,2009-03-23
645,2009-03-24
646,2009-03-25
647,2009-03-26
648,2009-03-27
649,2009-03-30
650,2009-03-31
651,2009-04-01
652,2009-04-02
653,2009-04-03
654,2009-04-06
655,2009-04-07
656,2009-04-08
657,2009-04-09
658,2009-04-14
659,2009-04-15
660,2009-04-16
661,2009-04-17
662,2009-04-20
663,2009-04-21
664,2009-04-22
665,2009-04-23
666,2009-04-24
667,2009-04-27
668,2009-04-28
669,2009-04-29
670,2009-04-30
671,2009-05-04
672,2009-05-05
673,2009-05-06
674,2009-05-07
675,2009-05-08
676,2009-05-11
677,2009-05-12
678,2009-05-13
679,2009-05-14
680,2009-05-15
681,2009-05-18
682,2009-05-19
683,2009-05-20
684,2009-05-21
685,2009-05-22
686,2009-05-25
687,2009-05-26
688,2009-05-27
689,2009-05-28
690,2009-05-29
691,2009-06-01
692,2009-06-02
693,2009-06-03
694,2009-06-04
695,2009-06-05
696,2009-06-08
697,2009-06-09
698,2009-06-10
699,2009-06-12
700,2009-06-15
701,2009-06-16
702,2009-06-17
703,2009-06-18
704,2009-06-19
705,2009-06-22
706,2009-06-23
707,2009-06-24
708,2009-06-25
709,2009-06-26
710,2009-06-29
711,2009-06-30
712,2009-07-01
713,2009-07-02
714,2009-07-03
715,2009-07-06
716,2009-07-07
717,2009-07-08
718,2009-07-09
719,2009-07-10
720,2009-07-13
721,2009-07-14
722,2009-07-15
723,2009-07-16
724,2009-07-17
725,2009-07-20
726,2009-07-21
727,2009-07-22
728,2009-07-23
729,2009-07-24
730,2009-07-27
731,2009-07-28
732,2009-07-29
733,2009-07-30
734,2009-07-31
735,2009-08-03
736,2009-08-04
737,2009-08-05
738,2009-08-06
739,2009-08-07
740,2009-08-10
741,2009-08-11
742,2009-08-12
743,2009-08-13
744,2009-08-14
745,2009-08-17
746,2009-08-18
747,2009-08-19
748,2009-08-20
749,2009-08-21
750,2009-08-24
751,2009-08-25
752,2009-08-26
753,2009-08-27
754,2009-08-28
755,2009-08-31
756,2009-09-01
757,2009-09-02
758,2009-09-03
759,2009-09-04
760,2009-09-07
761,2009-09-08
762,2009-09-09
763,2009-09-10
764,2009-09-11
765,2009-09-14
766,2009-09-15
767,2009-09-16
768,2009-09-17
769,2009-09-18
770,2009-09-21
771,2009-09-22
772,2009-09-23
773,2009-09-24
774,2009-09-25
775,2009-09-28
776,2009-09-29
777,2009-09-30
778,2009-10-01
779,2009-10-02
780,2009-10-05
781,2009-10-06
782,2009-10-07
783,2009-10-08
784,2009-10-09
785,2009-10-12
786,2009-10-13
787,2009-10-14
788,2009-10-15
789,2009-10-16
790,2009-10-19
791,2009-10-20
792,2009-10-21
793,2009-10-22
794,2009-10-23
795,2009-10-26
796,2009-10-27
797,2009-10-28
798,2009-10-29
799,2009-10-30
800,2009-11-02
801,2009-11-03
802,2009-11-04
803,2009-11-05
804,2009-11-06
805,2009-11-09
806,2009-11-10
807,2009-11-12
808,2009-11-13
809,2009-11-16
810,2009-11-17
811,2009-11-18
812,2009-11-19
813,2009-11-20
814,2009-11-23
815,2009-11-24
816,2009-11-25
817,2009-11-26
818,2009-11-27
819,2009-11-30
820,2009-12-01
821,2009-12-02
822,2009-12-03
823,2009-12-04
824,2009-12-07
825,2009-12-08
826,2009-12-09
827,2009-12-10
828,2009-12-11
829,2009-12-14
830,2009-12-15
831,2009-12-16
832,2009-12-17
833,2009-12-18
834,2009-12-21
835,2009-12-22
836,2009-12-23
837,2009-12-28
838,2009-12-29
839,2009-12-30
840,2009-12-31
841,2010-01-04
842,2010-01-05
843,2010-01-06
844,2010-01-07
845,2010-01-08
846,2010-01-11
847,2010-01-12
848,2010-01-13
849,2010-01-14
850,2010-01-15
851,2010-01-18
852,2010-01-19
853,2010-01-20
854,2010-01-21
855,2010-01-22
856,2010-01-25
857,2010-01-26
858,2010-01-27
859,2010-01-28
860,2010-01-29
861,2010-02-01
862,2010-02-02
863,2010-02-03
864,2010-02-04
865,2010-02-05
866,2010-02-08
867,2010-02-09
868,2010-02-10
869,2010-02-11
870,2010-02-12
871,2010-02-15
872,2010-02-16
873,2010-02-17
874,2010-02-18
875,2010-02-19
876,2010-02-22
877,2010-02-23
878,2010-02-24
879,2010-02-25
880,2010-02-26
881,2010-03-01
882,2010-03-02
883,2010-03-03
884,2010-03-04
885,2010-03-05
886,2010-03-08
887,2010-03-09
888,2010-03-10
889,2010-03-11
890,2010-03-12
891,2010-03-15
892,2010-03-16
893,2010-03-17
894,2010-03-18
895,2010-03-19
896,2010-03-22
897,2010-03-23
898,2010-03-24
899,2010-03-25
900,2010-03-26
901,2010-03-29
902,2010-03-30
903,2010-03-31
904,2010-04-01
905,2010-04-06
906,2010-04-07
907,2010-04-08
908,2010-04-09
909,2010-04-12
910,2010-04-13
911,2010-04-14
912,2010-04-15
913,2010-04-16
914,2010-04-19
915,2010-04-20
916,2010-04-21
917,2010-04-22
918,2010-04-23
919,2010-04-26
920,2010-04-27
921,2010-04-28
922,2010-04-29
923,2010-04-30
924,2010-05-04
925,2010-05-05
926,2010-05-06
927,2010-05-07
928,2010-05-10
929,2010-05-11
930,2010-05-12
931,2010-05-13
932,2010-05-14
933,2010-05-17
934,2010-05-18
935,2010-05-19
936,2010-05-20
937,2010-05-21
938,2010-05-24
939,2010-05-25
940,2010-05-26
941,2010-05-27
942,2010-05-28
943,2010-05-31
944,2010-06-01
945,2010-06-02
946,2010-06-04
947,2010-06-07
948,2010-06-08
949,2010-06-09
950,2010-06-10
951,2010-06-11
952,2010-06-14
953,2010-06-15
954,2010-06-16
955,2010-06-17
956,2010-06-18
957,2010-06-21
958,2010-06-22
959,2010-06-23
960,2010-06-24
961,2010-06-25
962,2010-06-28
963,2010-06-29
964,2010-06-30
965,2010-07-01
966,2010-07-02
967,2010-07-05
968,2010-07-06
969,2010-07-07
970,2010-07-08
971,2010-07-09
972,2010-07-12
973,2010-07-13
974,2010-07-14
975,2010-07-15
976,2010-07-16
977,2010-07-19
978,2010-07-20
979,2010-07-21
980,2010-07-22
981,2010-07-23
982,2010-07-26
983,2010-07-27
984,2010-07-28
985,2010-07-29
986,2010-07-30
987,2010-08-02
988,2010-08-03
989,2010-08-04
990,2010-08-05
991,2010-08-06
992,2010-08-09
993,2010-08-10
994,2010-08-11
995,2010-08-12
996,2010-08-13
997,2010-08-16
998,2010-08-17
999,2010-08-18
1000,2010-08-19
1001,2010-08-20
1002,2010-08-23
1003,2010-08-24
1004,2010-08-25
1005,2010-08-26
1006,2010-08-27
1007,2010-08-30
1008,2010-08-31
1009,2010-09-01
1010,2010-09-02
1011,2010-09-03
1012,2010-09-06
1013,2010-09-07
1014,2010-09-08
1015,2010-09-09
1016,2010-09-10
1017,2010-09-13
1018,2010-09-14
1019,2010-09-15
1020,2010-09-16
1021,2010-09-17
1022,2010-09-20
1023,2010-09-21
1024,2010-09-22
1025,2010-09-23
1026,2010-09-24
1027,2010-09-27
1028,2010-09-28
1029,2010-09-29
1030,2010-09-30
1031,2010-10-01
1032,2010-10-04
1033,2010-10-05
1034,2010-10-06
1035,2010-10-07
1036,2010-10-08
1037,2010-10-11
1038,2010-10-12
1039,2010-10-13
1040,2010-10-14
1041,2010-10-15
1042,2010-10-18
1043,2010-10-19
1044,2010-10-20
1045,2010-10-21
1046,2010-10-22
1047,2010-10-25
1048,2010-10-26
1049,2010-10-27
1050,2010-10-28
1051,2010-10-29
1052,2010-11-02
1053,2010-11-03
1054,2010-11-04
1055,2010-11-05
1056,2010-11-08
1057,2010-11-09
1058,2010-11-10
1059,2010-11-12
1060,2010-11-15
1061,2010-11-16
1062,2010-11-17
1063,2010-11-18
1064,2010-11-19
1065,2010-11-22
1066,2010-11-23
1067,2010-11-24
1068,2010-11-25
1069,2010-11-26
1070,2010-11-29
1071,2010-11-30
1072,2010-12-01
1073,2010-12-02
1074,2010-12-03
1075,2010-12-06
1076,2010-12-07
1077,2010-12-08
1078,2010-12-09
1079,2010-12-10
1080,2010-12-13
1081,2010-12-14
1082,2010-12-15
1083,2010-12-16
1084,2010-12-17
1085,2010-12-20
1086,2010-12-21
1087,2010-12-22
1088,2010-12-23
1089,2010-12-27
1090,2010-12-28
1091,2010-12-29
1092,2010-12-30
1093,2010-12-31
1094,2011-01-03
1095,2011-01-04
1096,2011-01-05
1097,2011-01-07
1098,2011-01-10
1099,2011-01-11
1100,2011-01-12
1101,2011-01-13
1102,2011-01-14
1103,2011-01-17
1104,2011-01-18
1105,2011-01-19
1106,2011-01-20
1107,2011-01-21
1108,2011-01-24
1109,2011-01-25
1110,2011-01-26
1111,2011-01-27
1112,2011-01-28
1113,2011-01-31
1114,2011-02-01
1115,2011-02-02
1116,2011-02-03
1117,2011-02-04
1118,2011-02-07
1119,2011-02-08
1120,2011-02-09
1121,2011-02-10
1122,2011-02-11
1123,2011-02-14
1124,2011-02-15
1125,2011-02-16
1126,2011-02-17
1127,2011-02-18
1128,2011-02-21
1129,2011-02-22
1130,2011-02-23
1131,2011-02-24
1132,2011-02-25
1133,2011-02-28
1134,2011-03-01
1135,2011-03-02
1136,2011-03-03
1137,2011-03-04
1138,2011-03-07
1139,2011-03-08
1140,2011-03-09
1141,2011-03-10
1142,2011-03-11
1143,2011-03-14
1144,2011-03-15
1145,2011-03-16
1146,2011-03-17
1147,2011-03-18
1148,2011-03-21
1149,2011-03-22
1150,2011-03-23
1151,2011-03-24
1152,2011-03-25
1153,2011-03-28
1154,2011-03-29
1155,2011-03-30
1156,2011-03-31
1157,2011-04-01
1158,2011-04-04
1159,2011-04-05
1160,2011-04-06
1161,2011-04-07
1162,2011-04-08
1163,2011-04-11
1164,2011-04-12
1165,2011-04-13
1166,2011-04-14
1167,2011-04-15
1168,2011-04-18
1169,2011-04-19
1170,2011-04-20
1171,2011-04-21
1172,2011-04-26
1173,2011-04-27
1174,2011-04-28
1175,2011-04-29
1176,2011-05-02
1177,2011-05-04
1178,2011-05-05
1179,2011-05-06
1180,2011-05-09
1181,2011-05-10
1182,2011-05-11
1183,2011-05-12
1184,2011-05-13
1185,2011-05-16
1186,2011-05-17
1187,2011-05-18
1188,2011-05-19
1189,2011-05-20
1190,2011-05-23
1191,2011-05-24
1192,2011-05-25
1193,2011-05-26
1194,2011-05-27
1195,2011-05-30
1196,2011-05-31
1197,2011-06-01
1198,2011-06-02
1199,2011-06-03
1200,2011-06-06
1201,2011-06-07
1202,2011-06-08
1203,2011-06-09
1204,2011-06-10
1205,2011-06-13
1206,2011-06-14
1207,2011-06-15
1208,2011-06-16
1209,2011-06-17
1210,2011-06-20
1211,2011-06-21
1212,2011-06-22
1213,2011-06-24
1214,2011-06-27
1215,2011-06-28
1216,2011-06-29
1217,2011-06-30
1218,2011-07-01
1219,2011-07-04
1220,2011-07-05
1221,2011-07-06
1222,2011-07-07
1223,2011-07-08
1224,2011-07-11
1225,2011-07-12
1226,2011-07-13
1227,2011-07-14
1228,2011-07-15
1229,2011-07-18
1230,2011-07-19
1231,2011-07-20
1232,2011-07-21
1233,2011-07-22
1234,2011-07-25
1235,2011-07-26
1236,2011-07-27
1237,2011-07-28
1238,2011-07-29
1239,2011-08-01
1240,2011-08-02
1241,2011-08-03
1242,2011-08-04
1243,2011-08-05
1244,2011-08-08
1245,2011-08-09
1246,2011-08-10
1247,2011-08-11
1248,2011-08-12
1249,2011-08-16
1250,2011-08-17
1251,2011-08-18
1252,2011-08-19
1253,2011-08-22
1254,2011-08-23
1255,2011-08-24
1256,2011-08-25
1257,2011-08-26
1258,2011-08-29
1259,2011-08-30
1260,2011-08-31
1261,2011-09-01
1262,2011-09-02
1263,2011-09-05
1264,2011-09-06
1265,2011-09-07
1266,2011-09-08
1267,2011-09-09
1268,2011-09-12
1269,2011-09-13
1270,2011-09-14
1271,2011-09-15
1272,2011-09-16
1273,2011-09-19
1274,2011-09-20
1275,2011-09-21
1276,2011-09-22
1277,2011-09-23
1278,2011-09-26
1279,2011-09-27
1280,2011-09-28
1281,2011-09-29
1282,2011-09-30
1283,2011-10-03
1284,2011-10-04
1285,2011-10-05
1286,2011-10-06
1287,2011-10-07
1288,2011-10-10
1289,2011-10-11
1290,2011-10-12
1291,2011-10-13
1292,2011-10-14
1293,2011-10-17
1294,2011-10-18
1295,2011-10-19
1296,2011-10-20
1297,2011-10-21
1298,2011-10-24
1299,2011-10-25
1300,2011-10-26
1301,2011-10-27
1302,2011-10-28
1303,2011-10-31
1304,2011-11-02
1305,2011-11-03
1306,2011-11-04
1307,2011-11-07
1308,2011-11-08
1309,2011-11-09
1310,2011-11-10
1311,2011-11-14
1312,2011-11-15
1313,2011-11-16
1314,2011-11-17
1315,2011-11-18
1316,2011-11-21
1317,2011-11-22
1318,2011-11-23
1319,2011-11-24
1320,2011-11-25
1321,2011-11-28
1322,2011-11-29
1323,2011-11-30
1324,2011-12-01
1325,2011-12-02
1326,2011-12-05
1327,2011-12-06
1328,2011-12-07
1329,2011-12-08
1330,2011-12-09
1331,2011-12-12
1332,2011-12-13
1333,2011-12-14
1334,2011-12-15
1335,2011-12-16
1336,2011-12-19
1337,2011-12-20
1338,2011-12-21
1339,2011-12-22
1340,2011-12-23
1341,2011-12-27
1342,2011-12-28
1343,2011-12-29
1344,2011-12-30
1345,2012-01-02
1346,2012-01-03
1347,2012-01-04
1348,2012-01-05
1349,2012-01-09
1350,2012-01-10
1351,2012-01-11
1352,2012-01-12
1353,2012-01-13
1354,2012-01-16
1355,2012-01-17
1356,2012-01-18
1357,2012-01-19
1358,2012-01-20
1359,2012-01-23
1360,2012-01-24
1361,2012-01-25
1362,2012-01-26
1363,2012-01-27
1364,2012-01-30
1365,2012-01-31
1366,2012-02-01
1367,2012-02-02
1368,2012-02-03
1369,2012-02-06
1370,2012-02-07
1371,2012-02-08
1372,2012-02-09
1373,2012-02-10
1374,2012-02-13
1375,2012-02-14
1376,2012-02-15
1377,2012-02-16
1378,2012-02-17
1379,2012-02-20
1380,2012-02-21
1381,2012-02-22
1382,2012-02-23
1383,2012-02-24
1384,2012-02-27
1385,2012-02-28
1386,2012-02-29
1387,2012-03-01
1388,2012-03-02
1389,2012-03-05
1390,2012-03-06
1391,2012-03-07
1392,2012-03-08
1393,2012-03-09
1394,2012-03-12
1395,2012-03-13
1396,2012-03-14
1397,2012-03-15
1398,2012-03-16
1399,2012-03-19
1400,2012-03-20
1401,2012-03-21
1402,2012-03-22
1403,2012-03-23
1404,2012-03-26
1405,2012-03-27
1406,2012-03-28
1407,2012-03-29
1408,2012-03-30
1409,2012-04-02
1410,2012-04-03
1411,2012-04-04
1412,2012-04-05
1413,2012-04-10
1414,2012-04-11
1415,2012-04-12
1416,2012-04-13
1417,2012-04-16
1418,2012-04-17
1419,2012-04-18
1420,2012-04-19
1421,2012-04-20
1422,2012-04-23
1423,2012-04-24
1424,2012-04-25
1425,2012-04-26
1426,2012-04-27
1427,2012-04-30
1428,2012-05-02
1429,2012-05-04
1430,2012-05-07
1431,2012-05-08
1432,2012-05-09
1433,2012-05-10
1434,2012-05-11
1435,2012-05-14
1436,2012-05-15
1437,2012-05-16
1438,2012-05-17
1439,2012-05-18
1440,2012-05-21
1441,2012-05-22
1442,2012-05-23
1443,2012-05-24
1444,2012-05-25
1445,2012-05-28
1446,2012-05-29
1447,2012-05-30
1448,2012-05-31
1449,2012-06-01
1450,2012-06-04
1451,2012-06-05
1452,2012-06-06
1453,2012-06-08
1454,2012-06-11
1455,2012-06-12
1456,2012-06-13
1457,2012-06-14
1458,2012-06-15
1459,2012-06-18
1460,2012-06-19
1461,2012-06-20
1462,2012-06-21
1463,2012-06-22
1464,2012-06-25
1465,2012-06-26
1466,2012-06-27
1467,2012-06-28
1468,2012-06-29
1469,2012-07-02
1470,2012-07-03
1471,2012-07-04
1472,2012-07-05
1473,2012-07-06
1474,2012-07-09
1475,2012-07-10
1476,2012-07-11
1477,2012-07-12
1478,2012-07-13
1479,2012-07-16
1480,2012-07-17
1481,2012-07-18
1482,2012-07-19
1483,2012-07-20
1484,2012-07-23
1485,2012-07-24
1486,2012-07-25
1487,2012-07-26
1488,2012-07-27
1489,2012-07-30
1490,2012-07-31
1491,2012-08-01
1492,2012-08-02
1493,2012-08-03
1494,2012-08-06
1495,2012-08-07
1496,2012-08-08
1497,2012-08-09
1498,2012-08-10
1499,2012-08-13
1500,2012-08-14
1501,2012-08-16
1502,2012-08-17
1503,2012-08-20
1504,2012-08-21
1505,2012-08-22
1506,2012-08-23
1507,2012-08-24
1508,2012-08-27
1509,2012-08-28
1510,2012-08-29
1511,2012-08-30
1512,2012-08-31
1513,2012-09-03
1514,2012-09-04
1515,2012-09-05
1516,2012-09-06
1517,2012-09-07
1518,2012-09-10
1519,2012-09-11
1520,2012-09-12
1521,2012-09-13
1522,2012-09-14
1523,2012-09-17
1524,2012-09-18
1525,2012-09-19
1526,2012-09-20
1527,2012-09-21
1528,2012-09-24
1529,2012-09-25
1530,2012-09-26
1531,2012-09-27
1532,2012-09-28
1533,2012-10-01
1534,2012-10-02
1535,2012-10-03
1536,2012-10-04
1537,2012-10-05
1538,2012-10-08
1539,2012-10-09
1540,2012-10-10
1541,2012-10-11
1542,2012-10-12
1543,2012-10-15
1544,2012-10-16
1545,2012-10-17
1546,2012-10-18
1547,2012-10-19
1548,2012-10-22
1549,2012-10-23
1550,2012-10-24
1551,2012-10-25
1552,2012-10-26
1553,2012-10-29
1554,2012-10-30
1555,2012-10-31
1556,2012-11-02
1557,2012-11-05
1558,2012-11-06
1559,2012-11-07
1560,2012-11-08
1561,2012-11-09
1562,2012-11-12
1563,2012-11-13
1564,2012-11-14
1565,2012-11-15
1566,2012-11-16
1567,2012-11-19
1568,2012-11-20
1569,2012-11-21
1570,2012-11-22
1571,2012-11-23
1572,2012-11-26
1573,2012-11-27
1574,2012-11-28
1575,2012-11-29
1576,2012-11-30
1577,2012-12-03
1578,2012-12-04
1579,2012-12-05
1580,2012-12-06
1581,2012-12-07
1582,2012-12-10
1583,2012-12-11
1584,2012-12-12
1585,2012-12-13
1586,2012-12-14
1587,2012-12-17
1588,2012-12-18
1589,2012-12-19
1590,2012-12-20
1591,2012-12-21
1592,2012-12-27
1593,2012-12-28
1594,2013-01-02
1595,2013-01-03
1596,2013-01-04
1597,2013-01-07
1598,2013-01-08
1599,2013-01-09
1600,2013-01-10
1601,2013-01-11
1602,2013-01-14
1603,2013-01-15
1604,2013-01-16
1605,2013-01-17
1606,2013-01-18
1607,2013-01-21
1608,2013-01-22
1609,2013-01-23
1610,2013-01-24
1611,2013-01-25
1612,2013-01-28
1613,2013-01-29
1614,2013-01-30
1615,2013-01-31
1616,2013-02-01
1617,2013-02-04
1618,2013-02-05
1619,2013-02-06
1620,2013-02-07
1621,2013-02-08
1622,2013-02-11
1623,2013-02-12
1624,2013-02-13
1625,2013-02-14
1626,2013-02-15
1627,2013-02-18
1628,2013-02-19
1629,2013-02-20
1630,2013-02-21
1631,2013-02-22
1632,2013-02-25
1633,2013-02-26
1634,2013-02-27
1635,2013-02-28
1636,2013-03-01
1637,2013-03-04
1638,2013-03-05
1639,2013-03-06
1640,2013-03-07
1641,2013-03-08
1642,2013-03-11
1643,2013-03-12
1644,2013-03-13
1645,2013-03-14
1646,2013-03-15
1647,2013-03-18
1648,2013-03-19
1649,2013-03-20
1650,2013-03-21
1651,2013-03-22
1652,2013-03-25
1653,2013-03-26
1654,2013-03-27
1655,2013-03-28
1656,2013-04-02
1657,2013-04-03
1658,2013-04-04
1659,2013-04-05
1660,2013-04-08
1661,2013-04-09
1662,2013-04-10
1663,2013-04-11
1664,2013-04-12
1665,2013-04-15
1666,2013-04-17
1667,2013-04-18
1668,2013-04-19
1669,2013-04-22
1670,2013-04-23
1671,2013-04-24
1672,2013-04-25
1673,2013-04-26
1674,2013-04-29
1675,2013-04-30
1676,2013-05-02
1677,2013-05-06
1678,2013-05-07
1679,2013-05-08
1680,2013-05-09
1681,2013-05-10
1682,2013-05-13
1683,2013-05-14
1684,2013-05-15
1685,2013-05-16
1686,2013-05-17
1687,2013-05-20
1688,2013-05-21
1689,2013-05-22
1690,2013-05-23
1691,2013-05-24
1692,2013-05-27
1693,2013-05-28
1694,2013-05-29
1695,2013-05-31
1696,2013-06-03
1697,2013-06-04
1698,2013-06-05
1699,2013-06-06
1700,2013-06-07
1701,2013-06-10
1702,2013-06-11
1703,2013-06-12
1704,2013-06-13
1705,2013-06-14
1706,2013-06-17
1707,2013-06-18
1708,2013-06-19
1709,2013-06-20
1710,2013-06-21
1711,2013-06-24
1712,2013-06-25
1713,2013-06-26
1714,2013-06-27
1715,2013-06-28
1716,2013-07-01
1717,2013-07-02
1718,2013-07-03
1719,2013-07-04
1720,2013-07-05
1721,2013-07-08
1722,2013-07-09
1723,2013-07-10
1724,2013-07-11
1725,2013-07-12
1726,2013-07-15
1727,2013-07-16
1728,2013-07-17
1729,2013-07-18
1730,2013-07-19
1731,2013-07-22
1732,2013-07-23
1733,2013-07-24
1734,2013-07-25
1735,2013-07-26
1736,2013-07-29
1737,2013-07-30
1738,2013-07-31
1739,2013-08-01
1740,2013-08-02
1741,2013-08-05
1742,2013-08-06
1743,2013-08-07
1744,2013-08-08
1745,2013-08-09
1746,2013-08-12
1747,2013-08-13
1748,2013-08-14
1749,2013-08-16
1750,2013-08-19
1751,2013-08-20
1752,2013-08-21
1753,2013-08-22
1754,2013-08-23
1755,2013-08-26
1756,2013-08-27
1757,2013-08-28
1758,2013-08-29
1759,2013-08-30
1760,2013-09-02
1761,2013-09-03
1762,2013-09-04
1763,2013-09-05
1764,2013-09-06
1765,2013-09-09
1766,2013-09-10
1767,2013-09-11
1768,2013-09-12
1769,2013-09-13
1770,2013-09-16
1771,2013-09-17
1772,2013-09-18
1773,2013-09-19
1774,2013-09-20
1775,2013-09-23
1776,2013-09-24
1777,2013-09-25
1778,2013-09-26
1779,2013-09-27
1780,2013-09-30
1781,2013-10-01
1782,2013-10-02
1783,2013-10-03
1784,2013-10-04
1785,2013-10-07
1786,2013-10-08
1787,2013-10-09
1788,2013-10-10
1789,2013-10-11
1790,2013-10-14
1791,2013-10-15
1792,2013-10-16
1793,2013-10-17
1794,2013-10-18
1795,2013-10-21
1796,2013-10-22
1797,2013-10-23
1798,2013-10-24
1799,2013-10-25
1800,2013-10-28
1801,2013-10-29
1802,2013-10-30
1803,2013-10-31
1804,2013-11-04
1805,2013-11-05
1806,2013-11-06
1807,2013-11-07
1808,2013-11-08
1809,2013-11-12
1810,2013-11-13
1811,2013-11-14
1812,2013-11-15
1813,2013-11-18
1814,2013-11-19
1815,2013-11-20
1816,2013-11-21
1817,2013-11-22
1818,2013-11-25
1819,2013-11-26
1820,2013-11-27
1821,2013-11-28
1822,2013-11-29
1823,2013-12-02
1824,2013-12-03
1825,2013-12-04
1826,2013-12-05
1827,2013-12-06
1828,2013-12-09
1829,2013-12-10
1830,2013-12-11
1831,2013-12-12
1832,2013-12-13
1833,2013-12-16
1834,2013-12-17
1835,2013-12-18
1836,2013-12-19
1837,2013-12-20
1838,2013-12-23
1839,2013-12-27
1840,2013-12-30
1841,2014-01-02
1842,2014-01-03
1843,2014-01-07
1844,2014-01-08
1845,2014-01-09
1846,2014-01-10
1847,2014-01-13
1848,2014-01-14
1849,2014-01-15
1850,2014-01-16
1851,2014-01-17
1852,2014-01-20
1853,2014-01-21
1854,2014-01-22
1855,2014-01-23
1856,2014-01-24
1857,2014-01-27
1858,2014-01-28
1859,2014-01-29
1860,2014-01-30
1861,2014-01-31
1862,2014-02-03
1863,2014-02-04
1864,2014-02-05
1865,2014-02-06
1866,2014-02-07
1867,2014-02-10
1868,2014-02-11
1869,2014-02-12
1870,2014-02-13
1871,2014-02-14
1872,2014-02-17
1873,2014-02-18
1874,2014-02-19
1875,2014-02-20
1876,2014-02-21
1877,2014-02-24
1878,2014-02-25
1879,2014-02-26
1880,2014-02-27
1881,2014-02-28
1882,2014-03-03
1883,2014-03-04
1884,2014-03-05
1885,2014-03-06
1886,2014-03-07
1887,2014-03-10
1888,2014-03-11
1889,2014-03-12
1890,2014-03-13
1891,2014-03-14
1892,2014-03-17
1893,2014-03-18
1894,2014-03-19
1895,2014-03-20
1896,2014-03-21
1897,2014-03-24
1898,2014-03-25
1899,2014-03-26
1900,2014-03-27
1901,2014-03-28
1902,2014-03-31
1903,2014-04-01
1904,2014-04-02
1905,2014-04-03
1906,2014-04-04
1907,2014-04-07
1908,2014-04-08
1909,2014-04-09
1910,2014-04-10
1911,2014-04-11
1912,2014-04-14
1913,2014-04-15
1914,2014-04-16
1915,2014-04-17
1916,2014-04-22
1917,2014-04-23
1918,2014-04-24
1919,2014-04-25
1920,2014-04-28
1921,2014-04-29
1922,2014-04-30
1923,2014-05-02
1924,2014-05-05
1925,2014-05-06
1926,2014-05-07
1927,2014-05-08
1928,2014-05-09
1929,2014-05-12
1930,2014-05-13
1931,2014-05-14
1932,2014-05-15
1933,2014-05-16
1934,2014-05-19
1935,2014-05-20
1936,2014-05-21
1937,2014-05-22
1938,2014-05-23
1939,2014-05-26
1940,2014-05-27
1941,2014-05-28
1942,2014-05-29
1943,2014-05-30
1944,2014-06-02
1945,2014-06-03
1946,2014-06-04
1947,2014-06-05
1948,2014-06-06
1949,2014-06-09
1950,2014-06-10
1951,2014-06-11
1952,2014-06-12
1953,2014-06-13
1954,2014-06-16
1955,2014-06-17
1956,2014-06-18
1957,2014-06-20
1958,2014-06-23
1959,2014-06-24
1960,2014-06-25
1961,2014-06-26
1962,2014-06-27
1963,2014-06-30
1964,2014-07-01
1965,2014-07-02
1966,2014-07-03
1967,2014-07-04
1968,2014-07-07
1969,2014-07-08
1970,2014-07-09
1971,2014-07-10
1972,2014-07-11
1973,2014-07-14
1974,2014-07-15
1975,2014-07-16
1976,2014-07-17
1977,2014-07-18
1978,2014-07-21
1979,2014-07-22
1980,2014-07-23
1981,2014-07-24
1982,2014-07-25
1983,2014-07-28
1984,2014-07-29
1985,2014-07-30
1986,2014-07-31
1987,2014-08-01
1988,2014-08-04
1989,2014-08-05
1990,2014-08-06
1991,2014-08-07
1992,2014-08-08
1993,2014-08-11
1994,2014-08-12
1995,2014-08-13
1996,2014-08-14
1997,2014-08-18
1998,2014-08-19
1999,2014-08-20
2000,2014-08-21
2001,2014-08-22
2002,2014-08-25
2003,2014-08-26
2004,2014-08-27
2005,2014-08-28
2006,2014-08-29
2007,2014-09-01
2008,2014-09-02
2009,2014-09-03
2010,2014-09-04
2011,2014-09-05
2012,2014-09-08
2013,2014-09-09
2014,2014-09-10
2015,2014-09-11
2016,2014-09-12
2017,2014-09-15
2018,2014-09-16
2019,2014-09-17
2020,2014-09-18
2021,2014-09-19
2022,2014-09-22
2023,2014-09-23
2024,2014-09-24
2025,2014-09-25
2026,2014-09-26
2027,2014-09-29
2028,2014-09-30
2029,2014-10-01
2030,2014-10-02
2031,2014-10-03
2032,2014-10-06
2033,2014-10-07
2034,2014-10-08
2035,2014-10-09
2036,2014-10-10
2037,2014-10-13
2038,2014-10-14
2039,2014-10-15
2040,2014-10-16
2041,2014-10-17
2042,2014-10-20
2043,2014-10-21
2044,2014-10-22
2045,2014-10-23
2046,2014-10-24
2047,2014-10-27
2048,2014-10-28
2049,2014-10-29
2050,2014-10-30
2051,2014-10-31
2052,2014-11-03
2053,2014-11-04
2054,2014-11-05
2055,2014-11-06
2056,2014-11-07
2057,2014-11-10
2058,2014-11-12
2059,2014-11-13
2060,2014-11-14
2061,2014-11-17
2062,2014-11-18
2063,2014-11-19
2064,2014-11-20
2065,2014-11-21
2066,2014-11-24
2067,2014-11-25
2068,2014-11-26
2069,2014-11-27
2070,2014-11-28
2071,2014-12-01
2072,2014-12-02
2073,2014-12-03
2074,2014-12-04
2075,2014-12-05
2076,2014-12-08
2077,2014-12-09
2078,2014-12-10
2079,2014-12-11
2080,2014-12-12
2081,2014-12-15
2082,2014-12-16
2083,2014-12-17
2084,2014-12-18
2085,2014-12-19
2086,2014-12-22
2087,2014-12-23
2088,2014-12-29
2089,2014-12-30
2090,2015-01-02
2091,2015-01-05
2092,2015-01-07
2093,2015-01-08
2094,2015-01-09
2095,2015-01-12
2096,2015-01-13
2097,2015-01-14
2098,2015-01-15
2099,2015-01-16
2100,2015-01-19
2101,2015-01-20
2102,2015-01-21
2103,2015-01-22
2104,2015-01-23
2105,2015-01-26
2106,2015-01-27
2107,2015-01-28
2108,2015-01-29
2109,2015-01-30
2110,2015-02-02
2111,2015-02-03
2112,2015-02-04
2113,2015-02-05
2114,2015-02-06
2115,2015-02-09
2116,2015-02-10
2117,2015-02-11
2118,2015-02-12
2119,2015-02-13
2120,2015-02-16
2121,2015-02-17
2122,2015-02-18
2123,2015-02-19
2124,2015-02-20
2125,2015-02-23
2126,2015-02-24
2127,2015-02-25
2128,2015-02-26
2129,2015-02-27
2130,2015-03-02
2131,2015-03-03
2132,2015-03-04
2133,2015-03-05
2134,2015-03-06
2135,2015-03-09
2136,2015-03-10
2137,2015-03-11
2138,2015-03-12
2139,2015-03-13
2140,2015-03-16
2141,2015-03-17
2142,2015-03-18
2143,2015-03-19
2144,2015-03-20
2145,2015-03-23
2146,2015-03-24
2147,2015-03-25
2148,2015-03-26
2149,2015-03-27
2150,2015-03-30
2151,2015-03-31
2152,2015-04-01
2153,2015-04-02
2154,2015-04-07
2155,2015-04-08
2156,2015-04-09
2157,2015-04-10
2158,2015-04-13
2159,2015-04-14
2160,2015-04-15
2161,2015-04-16
2162,2015-04-17
2163,2015-04-20
2164,2015-04-21
2165,2015-04-22
2166,2015-04-23
2167,2015-04-24
2168,2015-04-27
2169,2015-04-28
2170,2015-04-29
2171,2015-04-30
2172,2015-05-04
2173,2015-05-05
2174,2015-05-06
2175,2015-05-07
2176,2015-05-08
2177,2015-05-11
2178,2015-05-12
2179,2015-05-13
2180,2015-05-14
2181,2015-05-15
2182,2015-05-18
2183,2015-05-19
2184,2015-05-20
2185,2015-05-21
2186,2015-05-22
2187,2015-05-25
2188,2015-05-26
2189,2015-05-27
2190,2015-05-28
2191,2015-05-29
2192,2015-06-01
2193,2015-06-02
2194,2015-06-03
2195,2015-06-05
2196,2015-06-08
2197,2015-06-09
2198,2015-06-10
2199,2015-06-11
2200,2015-06-12
2201,2015-06-15
2202,2015-06-16
2203,2015-06-17
2204,2015-06-18
2205,2015-06-19
2206,2015-06-22
2207,2015-06-23
2208,2015-06-24
2209,2015-06-25
2210,2015-06-26
2211,2015-06-29
2212,2015-06-30
2213,2015-07-01
2214,2015-07-02
2215,2015-07-03
2216,2015-07-06
2217,2015-07-07
2218,2015-07-08
2219,2015-07-09
2220,2015-07-10
2221,2015-07-13
2222,2015-07-14
2223,2015-07-15
2224,2015-07-16
2225,2015-07-17
2226,2015-07-20
2227,2015-07-21
2228,2015-07-22
2229,2015-07-23
2230,2015-07-24
2231,2015-07-27
2232,2015-07-28
2233,2015-07-29
2234,2015-07-30
2235,2015-07-31
2236,2015-08-03
2237,2015-08-04
2238,2015-08-05
2239,2015-08-06
2240,2015-08-07
2241,2015-08-10
2242,2015-08-11
2243,2015-08-12
2244,2015-08-13
2245,2015-08-14
2246,2015-08-17
2247,2015-08-18
2248,2015-08-19
2249,2015-08-20
2250,2015-08-21
2251,2015-08-24
2252,2015-08-25
2253,2015-08-26
2254,2015-08-27
2255,2015-08-28
2256,2015-08-31
2257,2015-09-01
2258,2015-09-02
2259,2015-09-03
2260,2015-09-04
2261,2015-09-07
2262,2015-09-08
2263,2015-09-09
2264,2015-09-10
2265,2015-09-11
2266,2015-09-14
2267,2015-09-15
2268,2015-09-16
2269,2015-09-17
2270,2015-09-18
2271,2015-09-21
2272,2015-09-22
2273,2015-09-23
2274,2015-09-24
2275,2015-09-25
2276,2015-09-28
2277,2015-09-29
2278,2015-09-30
2279,2015-10-01
2280,2015-10-02
2281,2015-10-05
2282,2015-10-06
2283,2015-10-07
2284,2015-10-08
2285,2015-10-09
2286,2015-10-12
2287,2015-10-13
2288,2015-10-14
2289,2015-10-15
2290,2015-10-16
2291,2015-10-19
2292,2015-10-20
2293,2015-10-21
2294,2015-10-22
2295,2015-10-23
2296,2015-10-26
2297,2015-10-27
2298,2015-10-28
2299,2015-10-29
2300,2015-10-30
2301,2015-11-02
2302,2015-11-03
2303,2015-11-04
2304,2015-11-05
2305,2015-11-06
2306,2015-11-09
2307,2015-11-10
2308,2015-11-12
2309,2015-11-13
2310,2015-11-16
2311,2015-11-17
2312,2015-11-18
2313,2015-11-19
2314,2015-11-20
2315,2015-11-23
2316,2015-11-24
2317,2015-11-25
2318,2015-11-26
2319,2015-11-27
2320,2015-11-30
2321,2015-12-01
2322,2015-12-02
2323,2015-12-03
2324,2015-12-04
2325,2015-12-07
2326,2015-12-08
2327,2015-12-09
2328,2015-12-10
2329,2015-12-11
2330,2015-12-14
2331,2015-12-15
2332,2015-12-16
2333,2015-12-17
2334,2015-12-18
2335,2015-12-21
2336,2015-12-22
2337,2015-12-23
2338,2015-12-28
2339,2015-12-29
2340,2015-12-30
2341,2016-01-04
2342,2016-01-05
2343,2016-01-07
2344,2016-01-08
2345,2016-01-11
2346,2016-01-12
2347,2016-01-13
2348,2016-01-14
2349,2016-01-15
2350,2016-01-18
2351,2016-01-19
2352,2016-01-20
2353,2016-01-21
2354,2016-01-22
2355,2016-01-25
2356,2016-01-26
2357,2016-01-27
2358,2016-01-28
2359,2016-01-29
2360,2016-02-01
2361,2016-02-02
2362,2016-02-03
2363,2016-02-04
2364,2016-02-05
2365,2016-02-08
2366,2016-02-09
2367,2016-02-10
2368,2016-02-11
2369,2016-02-12
2370,2016-02-15
2371,2016-02-16
2372,2016-02-17
2373,2016-02-18
2374,2016-02-19
2375,2016-02-22
2376,2016-02-23
2377,2016-02-24
2378,2016-02-25
2379,2016-02-26
2380,2016-02-29
2381,2016-03-01
2382,2016-03-02
2383,2016-03-03
2384,2016-03-04
2385,2016-03-07
2386,2016-03-08
2387,2016-03-09
2388,2016-03-10
2389,2016-03-11
2390,2016-03-14
2391,2016-03-15
2392,2016-03-16
2393,2016-03-17
2394,2016-03-18
2395,2016-03-21
2396,2016-03-22
2397,2016-03-23
2398,2016-03-24
2399,2016-03-29
2400,2016-03-30
2401,2016-03-31
2402,2016-04-01
2403,2016-04-04
2404,2016-04-05
2405,2016-04-06
2406,2016-04-07
2407,2016-04-08
2408,2016-04-11
2409,2016-04-12
2410,2016-04-13
2411,2016-04-14
2412,2016-04-15
2413,2016-04-18
2414,2016-04-19
2415,2016-04-20
2416,2016-04-21
2417,2016-04-22
2418,2016-04-25
2419,2016-04-26
2420,2016-04-27
2421,2016-04-28
2422,2016-04-29
2423,2016-05-02
2424,2016-05-04
2425,2016-05-05
2426,2016-05-06
2427,2016-05-09
2428,2016-05-10
2429,2016-05-11
2430,2016-05-12
2431,2016-05-13
2432,2016-05-16
2433,2016-05-17
2434,2016-05-18
2435,2016-05-19
2436,2016-05-20
2437,2016-05-23
2438,2016-05-24
2439,2016-05-25
2440,2016-05-27
2441,2016-05-30
2442,2016-05-31
2443,2016-06-01
2444,2016-06-02
2445,2016-06-03
2446,2016-06-06
2447,2016-06-07
2448,2016-06-08
2449,2016-06-09
2450,2016-06-10
2451,2016-06-13
2452,2016-06-14
2453,2016-06-15
2454,2016-06-16
2455,2016-06-17
2456,2016-06-20
2457,2016-06-21
2458,2016-06-22
2459,2016-06-23
2460,2016-06-24
2461,2016-06-27
2462,2016-06-28
2463,2016-06-29
2464,2016-06-30
2465,2016-07-01
2466,2016-07-04
2467,2016-07-05
2468,2016-07-06
2469,2016-07-07
2470,2016-07-08
2471,2016-07-11
2472,2016-07-12
2473,2016-07-13
2474,2016-07-14
2475,2016-07-15
2476,2016-07-18
2477,2016-07-19
2478,2016-07-20
2479,2016-07-21
2480,2016-07-22
2481,2016-07-25
2482,2016-07-26
2483,2016-07-27
2484,2016-07-28
2485,2016-07-29
2486,2016-08-01
2487,2016-08-02
2488,2016-08-03
2489,2016-08-04
2490,2016-08-05
2491,2016-08-08
2492,2016-08-09
2493,2016-08-10
2494,2016-08-11
2495,2016-08-12
2496,2016-08-16
2497,2016-08-17
2498,2016-08-18
2499,2016-08-19
2500,2016-08-22
2501,2016-08-23
2502,2016-08-24
2503,2016-08-25
2504,2016-08-26
2505,2016-08-29
2506,2016-08-30
2507,2016-08-31
2508,2016-09-01
2509,2016-09-02
2510,2016-09-05
2511,2016-09-06
2512,2016-09-07
2513,2016-09-08
2514,2016-09-09
2515,2016-09-12
2516,2016-09-13
2517,2016-09-14
2518,2016-09-15
2519,2016-09-16
2520,2016-09-19
2521,2016-09-20
2522,2016-09-21
2523,2016-09-22
2524,2016-09-23
2525,2016-09-26
2526,2016-09-27
2527,2016-09-28
2528,2016-09-29
2529,2016-09-30
2530,2016-10-03
2531,2016-10-04
2532,2016-10-05
2533,2016-10-06
2534,2016-10-07
2535,2016-10-10
2536,2016-10-11
2537,2016-10-12
2538,2016-10-13
2539,2016-10-14
2540,2016-10-17
2541,2016-10-18
2542,2016-10-19
2543,2016-10-20
2544,2016-10-21
2545,2016-10-24
2546,2016-10-25
2547,2016-10-26
2548,2016-10-27
2549,2016-10-28
2550,2016-10-31
2551,2016-11-02
2552,2016-11-03
2553,2016-11-04
2554,2016-11-07
2555,2016-11-08
2556,2016-11-09
2557,2016-11-10
2558,2016-11-14
2559,2016-11-15
2560,2016-11-16
2561,2016-11-17
2562,2016-11-18
2563,2016-11-21
2564,2016-11-22
2565,2016-11-23
2566,2016-11-24
2567,2016-11-25
2568,2016-11-28
2569,2016-11-29
2570,2016-11-30
2571,2016-12-01
2572,2016-12-02
2573,2016-12-05
2574,2016-12-06
2575,2016-12-07
2576,2016-12-08
2577,2016-12-09
2578,2016-12-12
2579,2016-12-13
2580,2016-12-14
2581,2016-12-15
2582,2016-12-16
2583,2016-12-19
2584,2016-12-20
2585,2016-12-21
2586,2016-12-22
2587,2016-12-23
2588,2016-12-27
2589,2016-12-28
2590,2016-12-29
2591,2016-12-30
2592,2017-01-02
2593,2017-01-03
2594,2017-01-04
2595,2017-01-05
2596,2017-01-09
2597,2017-01-10
2598,2017-01-11
2599,2017-01-12
2600,2017-01-13
2601,2017-01-16
2602,2017-01-17
2603,2017-01-18
2604,2017-01-19
2605,2017-01-20
2606,2017-01-23
2607,2017-01-24
2608,2017-01-25
2609,2017-01-26
2610,2017-01-27
2611,2017-01-30
2612,2017-01-31
2613,2017-02-01
2614,2017-02-02
2615,2017-02-03
2616,2017-02-06
2617,2017-02-07
2618,2017-02-08
2619,2017-02-09
2620,2017-02-10
2621,2017-02-13
2622,2017-02-14
2623,2017-02-15
2624,2017-02-16
2625,2017-02-17
2626,2017-02-20
2627,2017-02-21
2628,2017-02-22
2629,2017-02-23
2630,2017-02-24
2631,2017-02-27
2632,2017-02-28
2633,2017-03-01
2634,2017-03-02
2635,2017-03-03
2636,2017-03-06
2637,2017-03-07
2638,2017-03-08
2639,2017-03-09
2640,2017-03-10
2641,2017-03-13
2642,2017-03-14
2643,2017-03-15
2644,2017-03-16
2645,2017-03-17
2646,2017-03-20
2647,2017-03-21
2648,2017-03-22
2649,2017-03-23
2650,2017-03-24
2651,2017-03-27
2652,2017-03-28
2653,2017-03-29
2654,2017-03-30
2655,2017-03-31
2656,2017-04-03
2657,2017-04-04
2658,2017-04-05
2659,2017-04-06
2660,2017-04-07
2661,2017-04-10
2662,2017-04-11
2663,2017-04-12
2664,2017-04-13
2665,2017-04-18
2666,2017-04-19
2667,2017-04-20
2668,2017-04-21
2669,2017-04-24
2670,2017-04-25
2671,2017-04-26
2672,2017-04-27
2673,2017-04-28
2674,2017-05-02
2675,2017-05-04
2676,2017-05-05
2677,2017-05-08
2678,2017-05-09
2679,2017-05-10
2680,2017-05-11
2681,2017-05-12
2682,2017-05-15
2683,2017-05-16
2684,2017-05-17
2685,2017-05-18
2686,2017-05-19
2687,2017-05-22
2688,2017-05-23
2689,2017-05-24
2690,2017-05-25
2691,2017-05-26
2692,2017-05-29
2693,2017-05-30
2694,2017-05-31
2695,2017-06-01
2696,2017-06-02
2697,2017-06-05
2698,2017-06-06
2699,2017-06-07
2700,2017-06-08
2701,2017-06-09
2702,2017-06-12
2703,2017-06-13
2704,2017-06-14
2705,2017-06-16
2706,2017-06-19
2707,2017-06-20
2708,2017-06-21
2709,2017-06-22
2710,2017-06-23
2711,2017-06-26
2712,2017-06-27
2713,2017-06-28
2714,2017-06-29
2715,2017-06-30
2716,2017-07-03
2717,2017-07-04
2718,2017-07-05
2719,2017-07-06
2720,2017-07-07
2721,2017-07-10
2722,2017-07-11
2723,2017-07-12
2724,2017-07-13
2725,2017-07-14
2726,2017-07-17
2727,2017-07-18
2728,2017-07-19
2729,2017-07-20
2730,2017-07-21
2731,2017-07-24
2732,2017-07-25
2733,2017-07-26
2734,2017-07-27
2735,2017-07-28
2736,2017-07-31
2737,2017-08-01
2738,2017-08-02
2739,2017-08-03
2740,2017-08-04
2741,2017-08-07
2742,2017-08-08
2743,2017-08-09
2744,2017-08-10
2745,2017-08-11
2746,2017-08-14
2747,2017-08-16
2748,2017-08-17
2749,2017-08-18
2750,2017-08-21
2751,2017-08-22
2752,2017-08-23
2753,2017-08-24
2754,2017-08-25
2755,2017-08-28
2756,2017-08-29
2757,2017-08-30
2758,2017-08-31
2759,2017-09-01
2760,2017-09-04
2761,2017-09-05
2762,2017-09-06
2763,2017-09-07
2764,2017-09-08
2765,2017-09-11
2766,2017-09-12
2767,2017-09-13
2768,2017-09-14
2769,2017-09-15
2770,2017-09-18
2771,2017-09-19
2772,2017-09-20
2773,2017-09-21
2774,2017-09-22
2775,2017-09-25
2776,2017-09-26
2777,2017-09-27
2778,2017-09-28
2779,2017-09-29
2780,2017-10-02
2781,2017-10-03
2782,2017-10-04
2783,2017-10-05
2784,2017-10-06
2785,2017-10-09
2786,2017-10-10
2787,2017-10-11
2788,2017-10-12
2789,2017-10-13
2790,2017-10-16
2791,2017-10-17
2792,2017-10-18
2793,2017-10-19
2794,2017-10-20
2795,2017-10-23
2796,2017-10-24
2797,2017-10-25
2798,2017-10-26
2799,2017-10-27
2800,2017-10-30
2801,2017-10-31
2802,2017-11-02
2803,2017-11-03
2804,2017-11-06
2805,2017-11-07
2806,2017-11-08
2807,2017-11-09
2808,2017-11-10
2809,2017-11-13
2810,2017-11-14
2811,2017-11-15
2812,2017-11-16
2813,2017-11-17
2814,2017-11-20
2815,2017-11-21
2816,2017-11-22
2817,2017-11-23
2818,2017-11-24
2819,2017-11-27
2820,2017-11-28
2821,2017-11-29
2822,2017-11-30
2823,2017-12-01
2824,2017-12-04
2825,2017-12-05
2826,2017-12-06
2827,2017-12-07
2828,2017-12-08
2829,2017-12-11
2830,2017-12-12
2831,2017-12-13
2832,2017-12-14
2833,2017-12-15
2834,2017-12-18
2835,2017-12-19
2836,2017-12-20
2837,2017-12-21
2838,2017-12-22
2839,2017-12-27
2840,2017-12-28
2841,2017-12-29
2842,2018-01-03
2843,2018-01-04
2844,2018-01-05
2845,2018-01-08
2846,2018-01-09
2847,2018-01-10
2848,2018-01-11
2849,2018-01-12
2850,2018-01-15
2851,2018-01-16
2852,2018-01-17
2853,2018-01-18
2854,2018-01-19
2855,2018-01-22
2856,2018-01-23
2857,2018-01-24
2858,2018-01-25
2859,2018-01-26
2860,2018-01-29
2861,2018-01-30
2862,2018-01-31
2863,2018-02-01
2864,2018-02-02
2865,2018-02-05
2866,2018-02-06
2867,2018-02-07
2868,2018-02-08
2869,2018-02-09
2870,2018-02-12
2871,2018-02-13
2872,2018-02-14
2873,2018-02-15
2874,2018-02-16
2875,2018-02-19
2876,2018-02-20
2877,2018-02-21
2878,2018-02-22
2879,2018-02-23
2880,2018-02-26
2881,2018-02-27
2882,2018-02-28
2883,2018-03-01
2884,2018-03-02
2885,2018-03-05
2886,2018-03-06
2887,2018-03-07
2888,2018-03-08
2889,2018-03-09
2890,2018-03-12
2891,2018-03-13
2892,2018-03-14
2893,2018-03-15
2894,2018-03-16
2895,2018-03-19
2896,2018-03-20
2897,2018-03-21
2898,2018-03-22
2899,2018-03-23
2900,2018-03-26
2901,2018-03-27
2902,2018-03-28
2903,2018-03-29
2904,2018-04-03
2905,2018-04-04
2906,2018-04-05
2907,2018-04-06
2908,2018-04-09
2909,2018-04-10
2910,2018-04-11
2911,2018-04-12
2912,2018-04-13
2913,2018-04-16
2914,2018-04-17
2915,2018-04-18
2916,2018-04-19
2917,2018-04-20
2918,2018-04-23
2919,2018-04-24
2920,2018-04-25
2921,2018-04-26
2922,2018-04-27
2923,2018-04-30
2924,2018-05-02
2925,2018-05-04
2926,2018-05-07
2927,2018-05-08
2928,2018-05-09
2929,2018-05-10
2930,2018-05-11
2931,2018-05-14
2932,2018-05-15
2933,2018-05-16
2934,2018-05-17
2935,2018-05-18
2936,2018-05-21
2937,2018-05-22
2938,2018-05-23
2939,2018-05-24
2940,2018-05-25
2941,2018-05-28
2942,2018-05-29
2943,2018-05-30
2944,2018-06-01
2945,2018-06-04
2946,2018-06-05
2947,2018-06-06
2948,2018-06-07
2949,2018-06-08
2950,2018-06-11
2951,2018-06-12
2952,2018-06-13
2953,2018-06-14
2954,2018-06-15
2955,2018-06-18
2956,2018-06-19
2957,2018-06-20
2958,2018-06-21
2959,2018-06-22
2960,2018-06-25
2961,2018-06-26
2962,2018-06-27
2963,2018-06-28
2964,2018-06-29
2965,2018-07-02
2966,2018-07-03
2967,2018-07-04
2968,2018-07-05
2969,2018-07-06
2970,2018-07-09
2971,2018-07-10
2972,2018-07-11
2973,2018-07-12
2974,2018-07-13
2975,2018-07-16
2976,2018-07-17
2977,2018-07-18
2978,2018-07-19
2979,2018-07-20
2980,2018-07-23
2981,2018-07-24
2982,2018-07-25
2983,2018-07-26
2984,2018-07-27
2985,2018-07-30
2986,2018-07-31
2987,2018-08-01
2988,2018-08-02
2989,2018-08-03
2990,2018-08-06
2991,2018-08-07
2992,2018-08-08
2993,2018-08-09
2994,2018-08-10
2995,2018-08-13
2996,2018-08-14
2997,2018-08-16
2998,2018-08-17
2999,2018-08-20
3000,2018-08-21
3001,2018-08-22
3002,2018-08-23
3003,2018-08-24
3004,2018-08-27
3005,2018-08-28
3006,2018-08-29
3007,2018-08-30
3008,2018-08-31
3009,2018-09-03
3010,2018-09-04
3011,2018-09-05
3012,2018-09-06
3013,2018-09-07
3014,2018-09-10
3015,2018-09-11
3016,2018-09-12
3017,2018-09-13
3018,2018-09-14
3019,2018-09-17
3020,2018-09-18
3021,2018-09-19
3022,2018-09-20
3023,2018-09-21
3024,2018-09-24
3025,2018-09-25
3026,2018-09-26
3027,2018-09-27
3028,2018-09-28
3029,2018-10-01
3030,2018-10-02
3031,2018-10-03
3032,2018-10-04
3033,2018-10-05
3034,2018-10-08
3035,2018-10-09
3036,2018-10-10
3037,2018-10-11
3038,2018-10-12
3039,2018-10-15
3040,2018-10-16
3041,2018-10-17
3042,2018-10-18
3043,2018-10-19
3044,2018-10-22
3045,2018-10-23
3046,2018-10-24
3047,2018-10-25
3048,2018-10-26
3049,2018-10-29
3050,2018-10-30
3051,2018-10-31
3052,2018-11-02
3053,2018-11-05
3054,2018-11-06
3055,2018-11-07
3056,2018-11-08
3057,2018-11-09
3058,2018-11-13
3059,2018-11-14
3060,2018-11-15
3061,2018-11-16
3062,2018-11-19
3063,2018-11-20
3064,2018-11-21
3065,2018-11-22
3066,2018-11-23
3067,2018-11-26
3068,2018-11-27
3069,2018-11-28
3070,2018-11-29
3071,2018-11-30
3072,2018-12-03
3073,2018-12-04
3074,2018-12-05
3075,2018-12-06
3076,2018-12-07
3077,2018-12-10
3078,2018-12-11
3079,2018-12-12
3080,2018-12-13
3081,2018-12-14
3082,2018-12-17
3083,2018-12-18
3084,2018-12-19
3085,2018-12-20
3086,2018-12-21
3087,2018-12-27
3088,2018-12-28
3089,2019-01-02
3090,2019-01-03
3091,2019-01-04
3092,2019-01-07
3093,2019-01-08
3094,2019-01-09
3095,2019-01-10
3096,2019-01-11
3097,2019-01-14
3098,2019-01-15
3099,2019-01-16
3100,2019-01-17
3101,2019-01-18
3102,2019-01-21
3103,2019-01-22
3104,2019-01-23
3105,2019-01-24
3106,2019-01-25
3107,2019-01-28
3108,2019-01-29
3109,2019-01-30
3110,2019-01-31
3111,2019-02-01
3112,2019-02-04
3113,2019-02-05
3114,2019-02-06
3115,2019-02-07
3116,2019-02-08
3117,2019-02-11
3118,2019-02-12
3119,2019-02-13
3120,2019-02-14
3121,2019-02-15
3122,2019-02-18
3123,2019-02-19
3124,2019-02-20
3125,2019-02-21
3126,2019-02-22
3127,2019-02-25
3128,2019-02-26
3129,2019-02-27
3130,2019-02-28
3131,2019-03-01
3132,2019-03-04
3133,2019-03-05
3134,2019-03-06
3135,2019-03-07
3136,2019-03-08
3137,2019-03-11
3138,2019-03-12
3139,2019-03-13
3140,2019-03-14
3141,2019-03-15
3142,2019-03-18
3143,2019-03-19
3144,2019-03-20
3145,2019-03-21
3146,2019-03-22
3147,2019-03-25
3148,2019-03-26
3149,2019-03-27
3150,2019-03-28
3151,2019-03-29
3152,2019-04-01
3153,2019-04-02
3154,2019-04-03
3155,2019-04-04
3156,2019-04-05
3157,2019-04-08
3158,2019-04-09
3159,2019-04-10
3160,2019-04-11
3161,2019-04-12
3162,2019-04-15
3163,2019-04-16
3164,2019-04-17
3165,2019-04-18
3166,2019-04-23
3167,2019-04-24
3168,2019-04-25
3169,2019-04-26
3170,2019-04-29
3171,2019-04-30
3172,2019-05-02
3173,2019-05-06
3174,2019-05-07
3175,2019-05-08
3176,2019-05-09
3177,2019-05-10
3178,2019-05-13
3179,2019-05-14
3180,2019-05-15
3181,2019-05-16
3182,2019-05-17
3183,2019-05-20
3184,2019-05-21
3185,2019-05-22
3186,2019-05-23
3187,2019-05-24
3188,2019-05-27
3189,2019-05-28
3190,2019-05-29
3191,2019-05-30
3192,2019-05-31
3193,2019-06-03
3194,2019-06-04
3195,2019-06-05
3196,2019-06-06
3197,2019-06-07
3198,2019-06-10
3199,2019-06-11
3200,2019-06-12
3201,2019-06-13
3202,2019-06-14
3203,2019-06-17
3204,2019-06-18
3205,2019-06-19
3206,2019-06-21
3207,2019-06-24
3208,2019-06-25
3209,2019-06-26
3210,2019-06-27
3211,2019-06-28
3212,2019-07-01
3213,2019-07-02
3214,2019-07-03
3215,2019-07-04
3216,2019-07-05
3217,2019-07-08
3218,2019-07-09
3219,2019-07-10
3220,2019-07-11
3221,2019-07-12
3222,2019-07-15
3223,2019-07-16
3224,2019-07-17
3225,2019-07-18
3226,2019-07-19
3227,2019-07-22
3228,2019-07-23
3229,2019-07-24
3230,2019-07-25
3231,2019-07-26
3232,2019-07-29
3233,2019-07-30
3234,2019-07-31
3235,2019-08-01
3236,2019-08-02
3237,2019-08-05
3238,2019-08-06
3239,2019-08-07
3240,2019-08-08
3241,2019-08-09
3242,2019-08-12
3243,2019-08-13
3244,2019-08-14
3245,2019-08-16
3246,2019-08-19
3247,2019-08-20
3248,2019-08-21
3249,2019-08-22
3250,2019-08-23
3251,2019-08-26
3252,2019-08-27
3253,2019-08-28
3254,2019-08-29
3255,2019-08-30
3256,2019-09-02
3257,2019-09-03
3258,2019-09-04
3259,2019-09-05
3260,2019-09-06
3261,2019-09-09
3262,2019-09-10
3263,2019-09-11
3264,2019-09-12
3265,2019-09-13
3266,2019-09-16
3267,2019-09-17
3268,2019-09-18
3269,2019-09-19
3270,2019-09-20
3271,2019-09-23
3272,2019-09-24
3273,2019-09-25
3274,2019-09-26
3275,2019-09-27
3276,2019-09-30
3277,2019-10-01
3278,2019-10-02
3279,2019-10-03
3280,2019-10-04
3281,2019-10-07
3282,2019-10-08
3283,2019-10-09
3284,2019-10-10
3285,2019-10-11
3286,2019-10-14
3287,2019-10-15
3288,2019-10-16
3289,2019-10-17
3290,2019-10-18
3291,2019-10-21
3292,2019-10-22
3293,2019-10-23
3294,2019-10-24
3295,2019-10-25
3296,2019-10-28
3297,2019-10-29
3298,2019-10-30
3299,2019-10-31
3300,2019-11-04
3301,2019-11-05
3302,2019-11-06
3303,2019-11-07
3304,2019-11-08
3305,2019-11-12
3306,2019-11-13
3307,2019-11-14
3308,2019-11-15
3309,2019-11-18
3310,2019-11-19
3311,2019-11-20
3312,2019-11-21
3313,2019-11-22
3314,2019-11-25
3315,2019-11-26
3316,2019-11-27
3317,2019-11-28
3318,2019-11-29
3319,2019-12-02
3320,2019-12-03
3321,2019-12-04
3322,2019-12-05
3323,2019-12-06
3324,2019-12-09
3325,2019-12-10
3326,2019-12-11
3327,2019-12-12
3328,2019-12-13
3329,2019-12-16
3330,2019-12-17
3331,2019-12-18
3332,2019-12-19
3333,2019-12-20
3334,2019-12-23
3335,2019-12-27
3336,2019-12-30
3337,2020-01-02
3338,2020-01-03
3339,2020-01-07
3340,2020-01-08
3341,2020-01-09
3342,2020-01-10
3343,2020-01-13
3344,2020-01-14
3345,2020-01-15
3346,2020-01-16
3347,2020-01-17
3348,2020-01-20
3349,2020-01-21
3350,2020-01-22
3351,2020-01-23
3352,2020-01-24
3353,2020-01-27
3354,2020-01-28
3355,2020-01-29
3356,2020-01-30
3357,2020-01-31
3358,2020-02-03
3359,2020-02-04
3360,2020-02-05
3361,2020-02-06
3362,2020-02-07
3363,2020-02-10
3364,2020-02-11
3365,2020-02-12
3366,2020-02-13
3367,2020-02-14
3368,2020-02-17
3369,2020-02-18
3370,2020-02-19
3371,2020-02-20
3372,2020-02-21
3373,2020-02-24
3374,2020-02-25
3375,2020-02-26
3376,2020-02-27
3377,2020-02-28
3378,2020-03-02
3379,2020-03-03
3380,2020-03-04
3381,2020-03-05
3382,2020-03-06
3383,2020-03-09
3384,2020-03-10
3385,2020-03-11
3386,2020-03-12
3387,2020-03-13
3388,2020-03-16
3389,2020-03-17
3390,2020-03-18
3391,2020-03-19
3392,2020-03-20
3393,2020-03-23
3394,2020-03-24
3395,2020-03-25
3396,2020-03-26
3397,2020-03-27
3398,2020-03-30
3399,2020-03-31
3400,2020-04-01
3401,2020-04-02
3402,2020-04-03
3403,2020-04-06
3404,2020-04-07
3405,2020-04-08
3406,2020-04-09
3407,2020-04-14
3408,2020-04-15
3409,2020-04-16
3410,2020-04-17
3411,2020-04-20
3412,2020-04-21
3413,2020-04-22
3414,2020-04-23
3415,2020-04-24
3416,2020-04-27
3417,2020-04-28
3418,2020-04-29
3419,2020-04-30
3420,2020-05-04
3421,2020-05-05
3422,2020-05-06
3423,2020-05-07
3424,2020-05-08
3425,2020-05-11
3426,2020-05-12
3427,2020-05-13
3428,2020-05-14
3429,2020-05-15
3430,2020-05-18
3431,2020-05-19
3432,2020-05-20
3433,2020-05-21
3434,2020-05-22
3435,2020-05-25
3436,2020-05-26
3437,2020-05-27
3438,2020-05-28
3439,2020-05-29
3440,2020-06-01
3441,2020-06-02
3442,2020-06-03
3443,2020-06-04
3444,2020-06-05
3445,2020-06-08
3446,2020-06-09
3447,2020-06-10
3448,2020-06-12
3449,2020-06-15
3450,2020-06-16
3451,2020-06-17
3452,2020-06-18
3453,2020-06-19
3454,2020-06-22
3455,2020-06-23
3456,2020-06-24
3457,2020-06-25
3458,2020-06-26
3459,2020-06-29
3460,2020-06-30
3461,2020-07-01
3462,2020-07-02
3463,2020-07-03
3464,2020-07-06
3465,2020-07-07
3466,2020-07-08
3467,2020-07-09
3468,2020-07-10
3469,2020-07-13
3470,2020-07-14
3471,2020-07-15
3472,2020-07-16
3473,2020-07-17
3474,2020-07-20
3475,2020-07-21
3476,2020-07-22
3477,2020-07-23
3478,2020-07-24
3479,2020-07-27
3480,2020-07-28
3481,2020-07-29
3482,2020-07-30
3483,2020-07-31
3484,2020-08-03
3485,2020-08-04
3486,2020-08-05
3487,2020-08-06
3488,2020-08-07
3489,2020-08-10
3490,2020-08-11
3491,2020-08-12
3492,2020-08-13
3493,2020-08-14
3494,2020-08-17
3495,2020-08-18
3496,2020-08-19
3497,2020-08-20
3498,2020-08-21
3499,2020-08-24
3500,2020-08-25
3501,2020-08-26
3502,2020-08-27
3503,2020-08-28
3504,2020-08-31
3505,2020-09-01
3506,2020-09-02
3507,2020-09-03
3508,2020-09-04
3509,2020-09-07
3510,2020-09-08
3511,2020-09-09
3512,2020-09-10
3513,2020-09-11
3514,2020-09-14
3515,2020-09-15
3516,2020-09-16
3517,2020-09-17
3518,2020-09-18
3519,2020-09-21
3520,2020-09-22
3521,2020-09-23
3522,2020-09-24
3523,2020-09-25
3524,2020-09-28
3525,2020-09-29
3526,2020-09-30
3527,2020-10-01
3528,2020-10-02
3529,2020-10-05
3530,2020-10-06
3531,2020-10-07
3532,2020-10-08
3533,2020-10-09
3534,2020-10-12
3535,2020-10-13
3536,2020-10-14
3537,2020-10-15
3538,2020-10-16
3539,2020-10-19
3540,2020-10-20
3541,2020-10-21
3542,2020-10-22
3543,2020-10-23
3544,2020-10-26
3545,2020-10-27
3546,2020-10-28
3547,2020-10-29
3548,2020-10-30
3549,2020-11-02
3550,2020-11-03
3551,2020-11-04
3552,2020-11-05
3553,2020-11-06
3554,2020-11-09
3555,2020-11-10
3556,2020-11-12
3557,2020-11-13
3558,2020-11-16
3559,2020-11-17
3560,2020-11-18
3561,2020-11-19
3562,2020-11-20
3563,2020-11-23
3564,2020-11-24
3565,2020-11-25
3566,2020-11-26
3567,2020-11-27
3568,2020-11-30
3569,2020-12-01
3570,2020-12-02
3571,2020-12-03
3572,2020-12-04
3573,2020-12-07
3574,2020-12-08
3575,2020-12-09
3576,2020-12-10
3577,2020-12-11
3578,2020-12-14
3579,2020-12-15
3580,2020-12-16
3581,2020-12-17
3582,2020-12-18
3583,2020-12-21
3584,2020-12-22
3585,2020-12-23
3586,2020-12-28
3587,2020-12-29
3588,2020-12-30
3589,2021-01-04
3590,2021-01-05
3591,2021-01-07
3592,2021-01-08
3593,2021-01-11
3594,2021-01-12
3595,2021-01-13
3596,2021-01-14
3597,2021-01-15
3598,2021-01-18
3599,2021-01-19
3600,2021-01-20
3601,2021-01-21
3602,2021-01-22
3603,2021-01-25
3604,2021-01-26
3605,2021-01-27
3606,2021-01-28
3607,2021-01-29
3608,2021-02-01
3609,2021-02-02
3610,2021-02-03
3611,2021-02-04
3612,2021-02-05
3613,2021-02-08
3614,2021-02-09
3615,2021-02-10
3616,2021-02-11
3617,2021-02-12
3618,2021-02-15
3619,2021-02-16
3620,2021-02-17
3621,2021-02-18
3622,2021-02-19
3623,2021-02-22
3624,2021-02-23
3625,2021-02-24
3626,2021-02-25
3627,2021-02-26
3628,2021-03-01
3629,2021-03-02
3630,2021-03-03
3631,2021-03-04
3632,2021-03-05
3633,2021-03-08
3634,2021-03-09
3635,2021-03-10
3636,2021-03-11
3637,2021-03-12
3638,2021-03-15
3639,2021-03-16
3640,2021-03-17
3641,2021-03-18
3642,2021-03-19
3643,2021-03-22
3644,2021-03-23
3645,2021-03-24
3646,2021-03-25
3647,2021-03-26
3648,2021-03-29
3649,2021-03-30
3650,2021-03-31
3651,2021-04-01
3652,2021-04-06
3653,2021-04-07
3654,2021-04-08
3655,2021-04-09
3656,2021-04-12
3657,2021-04-13
3658,2021-04-14
3659,2021-04-15
3660,2021-04-16
3661,2021-04-19
3662,2021-04-20
3663,2021-04-21
3664,2021-04-22
3665,2021-04-23
3666,2021-04-26
3667,2021-04-27
3668,2021-04-28
3669,2021-04-29
3670,2021-04-30
3671,2021-05-04
3672,2021-05-05
3673,2021-05-06
3674,2021-05-07
3675,2021-05-10
3676,2021-05-11
3677,2021-05-12
3678,2021-05-13
3679,2021-05-14
3680,2021-05-17
3681,2021-05-18
3682,2021-05-19
3683,2021-05-20
3684,2021-05-21
3685,2021-05-24
3686,2021-05-25
3687,2021-05-26
3688,2021-05-27
3689,2021-05-28
3690,2021-05-31
3691,2021-06-01
3692,2021-06-02
3693,2021-06-04
3694,2021-06-07
3695,2021-06-08
3696,2021-06-09
3697,2021-06-10
3698,2021-06-11
3699,2021-06-14
3700,2021-06-15
3701,2021-06-16
3702,2021-06-17
3703,2021-06-18
3704,2021-06-21
3705,2021-06-22
3706,2021-06-23
3707,2021-06-24
3708,2021-06-25
3709,2021-06-28
3710,2021-06-29
3711,2021-06-30
3712,2021-07-01
3713,2021-07-02
3714,2021-07-05
3715,2021-07-06
3716,2021-07-07
3717,2021-07-08
3718,2021-07-09
3719,2021-07-12
3720,2021-07-13
3721,2021-07-14
3722,2021-07-15
3723,2021-07-16
3724,2021-07-19
3725,2021-07-20
3726,2021-07-21
3727,2021-07-22
3728,2021-07-23
3729,2021-07-26
3730,2021-07-27
3731,2021-07-28
3732,2021-07-29
3733,2021-07-30
3734,2021-08-02
3735,2021-08-03
3736,2021-08-04
3737,2021-08-05
3738,2021-08-06
3739,2021-08-09
3740,2021-08-10
3741,2021-08-11
3742,2021-08-12
3743,2021-08-13
3744,2021-08-16
3745,2021-08-17
3746,2021-08-18
3747,2021-08-19
3748,2021-08-20
3749,2021-08-23
3750,2021-08-24
3751,2021-08-25
3752,2021-08-26
3753,2021-08-27
3754,2021-08-30
3755,2021-08-31
3756,2021-09-01
3757,2021-09-02
3758,2021-09-03
3759,2021-09-06
3760,2021-09-07
3761,2021-09-08
3762,2021-09-09
3763,2021-09-10
3764,2021-09-13
3765,2021-09-14
3766,2021-09-15
3767,2021-09-16
3768,2021-09-17
3769,2021-09-20
3770,2021-09-21
3771,2021-09-22
3772,2021-09-23
3773,2021-09-24
3774,2021-09-27
3775,2021-09-28
3776,2021-09-29
3777,2021-09-30
3778,2021-10-01
3779,2021-10-04
3780,2021-10-05
3781,2021-10-06
3782,2021-10-07
3783,2021-10-08
3784,2021-10-11
3785,2021-10-12
3786,2021-10-13
3787,2021-10-14
3788,2021-10-15
3789,2021-10-18
3790,2021-10-19
3791,2021-10-20
3792,2021-10-21
3793,2021-10-22
3794,2021-10-25
3795,2021-10-26
3796,2021-10-27
3797,2021-10-28
3798,2021-10-29
3799,2021-11-02
3800,2021-11-03
3801,2021-11-04
3802,2021-11-05
3803,2021-11-08
3804,2021-11-09
3805,2021-11-10
3806,2021-11-12
3807,2021-11-15
3808,2021-11-16
3809,2021-11-17
3810,2021-11-18
3811,2021-11-19
3812,2021-11-22
3813,2021-11-23
3814,2021-11-24
3815,2021-11-25
3816,2021-11-26
3817,2021-11-29
3818,2021-11-30
3819,2021-12-01
3820,2021-12-02
3821,2021-12-03
3822,2021-12-06
3823,2021-12-07
3824,2021-12-08
3825,2021-12-09
3826,2021-12-10
3827,2021-12-13
3828,2021-12-14
3829,2021-12-15
3830,2021-12-16
3831,2021-12-17
3832,2021-12-20
3833,2021-12-21
3834,2021-12-22
3835,2021-12-23
3836,2021-12-27
3837,2021-12-28
3838,2021-12-29
3839,2021-12-30
3840,2022-01-03
3841,2022-01-04
3842,2022-01-05
3843,2022-01-07
3844,2022-01-10
3845,2022-01-11
3846,2022-01-12
3847,2022-01-13
3848,2022-01-14
3849,2022-01-17
3850,2022-01-18
3851,2022-01-19
3852,2022-01-20
3853,2022-01-21
3854,2022-01-24
3855,2022-01-25
3856,2022-01-26
3857,2022-01-27
3858,2022-01-28
3859,2022-01-31
3860,2022-02-01
3861,2022-02-02
3862,2022-02-03
3863,2022-02-04
3864,2022-02-07
3865,2022-02-08
3866,2022-02-09
3867,2022-02-10
3868,2022-02-11
3869,2022-02-14
3870,2022-02-15
3871,2022-02-16
3872,2022-02-17
3873,2022-02-18
3874,2022-02-21
3875,2022-02-22
3876,2022-02-23
3877,2022-02-24
3878,2022-02-25
3879,2022-02-28
3880,2022-03-01
3881,2022-03-02
3882,2022-03-03
3883,2022-03-04
3884,2022-03-07
3885,2022-03-08
3886,2022-03-09
3887,2022-03-10
3888,2022-03-11
3889,2022-03-14
3890,2022-03-15
3891,2022-03-16
3892,2022-03-17
3893,2022-03-18
3894,2022-03-21
3895,2022-03-22
3896,2022-03-23
3897,2022-03-24
3898,2022-03-25
3899,2022-03-28
3900,2022-03-29
3901,2022-03-30
3902,2022-03-31
3903,2022-04-01
3904,2022-04-04
3905,2022-04-05
3906,2022-04-06
3907,2022-04-07
3908,2022-04-08
3909,2022-04-11
3910,2022-04-12
3911,2022-04-13
3912,2022-04-14
3913,2022-04-19
3914,2022-04-20
3915,2022-04-21
3916,2022-04-22
3917,2022-04-25
3918,2022-04-26
3919,2022-04-27
3920,2022-04-28
3921,2022-04-29
3922,2022-05-02
3923,2022-05-04
3924,2022-05-05
3925,2022-05-06
3926,2022-05-09
3927,2022-05-10
3928,2022-05-11
3929,2022-05-12
3930,2022-05-13
3931,2022-05-16
3932,2022-05-17
3933,2022-05-18
3934,2022-05-19
3935,2022-05-20
3936,2022-05-23
3937,2022-05-24
3938,2022-05-25
3939,2022-05-26
3940,2022-05-27
3941,2022-05-30
3942,2022-05-31
3943,2022-06-01
3944,2022-06-02
3945,2022-06-03
3946,2022-06-06
3947,2022-06-07
3948,2022-06-08
3949,2022-06-09
3950,2022-06-10
3951,2022-06-13
3952,2022-06-14
3953,2022-06-15
3954,2022-06-17
3955,2022-06-20
3956,2022-06-21
3957,2022-06-22
3958,2022-06-23
3959,2022-06-24
3960,2022-06-27
3961,2022-06-28
3962,2022-06-29
3963,2022-06-30
3964,2022-07-01
3965,2022-07-04
3966,2022-07-05
3967,2022-07-06
3968,2022-07-07
3969,2022-07-08
3970,2022-07-11
3971,2022-07-12
3972,2022-07-13
3973,2022-07-14
3974,2022-07-15
3975,2022-07-18
3976,2022-07-19
3977,2022-07-20
3978,2022-07-21
3979,2022-07-22
3980,2022-07-25
3981,2022-07-26
3982,2022-07-27
3983,2022-07-28
3984,2022-07-29
3985,2022-08-01
3986,2022-08-02
3987,2022-08-03
3988,2022-08-04
3989,2022-08-05
3990,2022-08-08
3991,2022-08-09
3992,2022-08-10
3993,2022-08-11
3994,2022-08-12
3995,2022-08-16
3996,2022-08-17
3997,2022-08-18
3998,2022-08-19
3999,2022-08-22
4000,2022-08-23
4001,2022-08-24
4002,2022-08-25
4003,2022-08-26
4004,2022-08-29
4005,2022-08-30
4006,2022-08-31
4007,2022-09-01
4008,2022-09-02
4009,2022-09-05
4010,2022-09-06
4011,2022-09-07
4012,2022-09-08
4013,2022-09-09
4014,2022-09-12
4015,2022-09-13
4016,2022-09-14
4017,2022-09-15
4018,2022-09-16
4019,2022-09-19
4020,2022-09-20
4021,2022-09-21
4022,2022-09-22
4023,2022-09-23
4024,2022-09-26
4025,2022-09-27
4026,2022-09-28
4027,2022-09-29
4028,2022-09-30
4029,2022-10-03
4030,2022-10-04
4031,2022-10-05
4032,2022-10-06
4033,2022-10-07
4034,2022-10-10
4035,2022-10-11
4036,2022-10-12
4037,2022-10-13
4038,2022-10-14
4039,2022-10-17
4040,2022-10-18
4041,2022-10-19
4042,2022-10-20
4043,2022-10-21
4044,2022-10-24
4045,2022-10-25
4046,2022-10-26
4047,2022-10-27
4048,2022-10-28
4049,2022-10-31
4050,2022-11-02
4051,2022-11-03
4052,2022-11-04
4053,2022-11-07
4054,2022-11-08
4055,2022-11-09
4056,2022-11-10
4057,2022-11-14
4058,2022-11-15
4059,2022-11-16
4060,2022-11-17
4061,2022-11-18
4062,2022-11-21
4063,2022-11-22
4064,2022-11-23
4065,2022-11-24
4066,2022-11-25
4067,2022-11-28
4068,2022-11-29
4069,2022-11-30
4070,2022-12-01
4071,2022-12-02
4072,2022-12-05
4073,2022-12-06
4074,2022-12-07
4075,2022-12-08
4076,2022-12-09
4077,2022-12-12
4078,2022-12-13
4079,2022-12-14
4080,2022-12-15
4081,2022-12-16
4082,2022-12-19
4083,2022-12-20
4084,2022-12-21
4085,2022-12-22
4086,2022-12-23
4087,2022-12-27
4088,2022-12-28
4089,2022-12-29
4090,2022-12-30
4091,2023-01-02
4092,2023-01-03
4093,2023-01-04
4094,2023-01-05
4095,2023-01-09
4096,2023-01-10
4097,2023-01-11
4098,2023-01-12
4099,2023-01-13
4100,2023-01-16
4101,2023-01-17
4102,2023-01-18
4103,2023-01-19
4104,2023-01-20
4105,2023-01-23
4106,2023-01-24
4107,2023-01-25
4108,2023-01-26
4109,2023-01-27
4110,2023-01-30
4111,2023-01-31
4112,2023-02-01
4113,2023-02-02
4114,2023-02-03
4115,2023-02-06
4116,2023-02-07
4117,2023-02-08
4118,2023-02-09
4119,2023-02-10
4120,2023-02-13
4121,2023-02-14
4122,2023-02-15
4123,2023-02-16
4124,2023-02-17
4125,2023-02-20
4126,2023-02-21
4127,2023-02-22
4128,2023-02-23
4129,2023-02-24
4130,2023-02-27
4131,2023-02-28
4132,2023-03-01
4133,2023-03-02
4134,2023-03-03
4135,2023-03-06
4136,2023-03-07
4137,2023-03-08
4138,2023-03-09
4139,2023-03-10
4140,2023-03-13
4141,2023-03-14
4142,2023-03-15
4143,2023-03-16
4144,2023-03-17
4145,2023-03-20
4146,2023-03-21
4147,2023-03-22
4148,2023-03-23
4149,2023-03-24
4150,2023-03-27
4151,2023-03-28
4152,2023-03-29
4153,2023-03-30
4154,2023-03-31
4155,2023-04-03
4156,2023-04-04
4157,2023-04-05
4158,2023-04-06
4159,2023-04-11
4160,2023-04-12
4161,2023-04-13
4162,2023-04-14
4163,2023-04-17
4164,2023-04-18
4165,2023-04-19
4166,2023-04-20
4167,2023-04-21
4168,2023-04-24
4169,2023-04-25
4170,2023-04-26
4171,2023-04-27
4172,2023-04-28
4173,2023-05-02
4174,2023-05-04
4175,2023-05-05
4176,2023-05-08
4177,2023-05-09
4178,2023-05-10
4179,2023-05-11
4180,2023-05-12
4181,2023-05-15
4182,2023-05-16
4183,2023-05-17
4184,2023-05-18
4185,2023-05-19
4186,2023-05-22
4187,2023-05-23
4188,2023-05-24
4189,2023-05-25
4190,2023-05-26
4191,2023-05-29
4192,2023-05-30
4193,2023-05-31
4194,2023-06-01
4195,2023-06-02
4196,2023-06-05
4197,2023-06-06
4198,2023-06-07
4199,2023-06-09
4200,2023-06-12
4201,2023-06-13
4202,2023-06-14
4203,2023-06-15
4204,2023-06-16
4205,2023-06-19
4206,2023-06-20
4207,2023-06-21
4208,2023-06-22
4209,2023-06-23
4210,2023-06-26
4211,2023-06-27
4212,2023-06-28
4213,2023-06-29
4214,2023-06-30
4215,2023-07-03
4216,2023-07-04
4217,2023-07-05
4218,2023-07-06
4219,2023-07-07
4220,2023-07-10
4221,2023-07-11
4222,2023-07-12
4223,2023-07-13
4224,2023-07-14
4225,2023-07-17
4226,2023-07-18
4227,2023-07-19
4228,2023-07-20
4229,2023-07-21
4230,2023-07-24
4231,2023-07-25
4232,2023-07-26
4233,2023-07-27
4234,2023-07-28
4235,2023-07-31
4236,2023-08-01
4237,2023-08-02
4238,2023-08-03
4239,2023-08-04
4240,2023-08-07
4241,2023-08-08
4242,2023-08-09
4243,2023-08-10
4244,2023-08-11
4245,2023-08-14
4246,2023-08-16
4247,2023-08-17
4248,2023-08-18
4249,2023-08-21
4250,2023-08-22
4251,2023-08-23
4252,2023-08-24
4253,2023-08-25
4254,2023-08-28
4255,2023-08-29
4256,2023-08-30
4257,2023-08-31
4258,2023-09-01
4259,2023-09-04
4260,2023-09-05
4261,2023-09-06
4262,2023-09-07
4263,2023-09-08
4264,2023-09-11
4265,2023-09-12
4266,2023-09-13
4267,2023-09-14
4268,2023-09-15
4269,2023-09-18
4270,2023-09-19
4271,2023-09-20
4272,2023-09-21
4273,2023-09-22
4274,2023-09-25
4275,2023-09-26
4276,2023-09-27
4277,2023-09-28
4278,2023-09-29
4279,2023-10-02
4280,2023-10-03
4281,2023-10-04
4282,2023-10-05
4283,2023-10-06
4284,2023-10-09
4285,2023-10-10
4286,2023-10-11
4287,2023-10-12
4288,2023-10-13
4289,2023-10-16
4290,2023-10-17
4291,2023-10-18
4292,2023-10-19
4293,2023-10-20
4294,2023-10-23
4295,2023-10-24
4296,2023-10-25
4297,2023-10-26
4298,2023-10-27
4299,2023-10-30
4300,2023-10-31
4301,2023-11-02
4302,2023-11-03
4303,2023-11-06
4304,2023-11-07
4305,2023-11-08
4306,2023-11-09
4307,2023-11-10
4308,2023-11-13
4309,2023-11-14
4310,2023-11-15
4311,2023-11-16
4312,2023-11-17
4313,2023-11-20
4314,2023-11-21
4315,2023-11-22
4316,2023-11-23
4317,2023-11-24
4318,2023-11-27
4319,2023-11-28
4320,2023-11-29
4321,2023-11-30
4322,2023-12-01
4323,2023-12-04
4324,2023-12-05
4325,2023-12-06
4326,2023-12-07
4327,2023-12-08
4328,2023-12-11
4329,2023-12-12
4330,2023-12-13
4331,2023-12-14
4332,2023-12-15
4333,2023-12-18
4334,2023-12-19
4335,2023-12-20
4336,2023-12-21
4337,2023-12-22
4338,2023-12-27
4339,2023-12-28
4340,2023-12-29
4341,2024-01-02
4342,2024-01-03
4343,2024-01-04
4344,2024-01-05
4345,2024-01-08
4346,2024-01-09
4347,2024-01-10
4348,2024-01-11
4349,2024-01-12
4350,2024-01-15
4351,2024-01-16
4352,2024-01-17
4353,2024-01-18
4354,2024-01-19
4355,2024-01-22
4356,2024-01-23
4357,2024-01-24
4358,2024-01-25
4359,2024-01-26
4360,2024-01-29
4361,2024-01-30
4362,2024-01-31
4363,2024-02-01
4364,2024-02-02
4365,2024-02-05
4366,2024-02-06
4367,2024-02-07
4368,2024-02-08
4369,2024-02-09
4370,2024-02-12
4371,2024-02-13
4372,2024-02-14
4373,2024-02-15
4374,2024-02-16
4375,2024-02-19
4376,2024-02-20
4377,2024-02-21
4378,2024-02-22
4379,2024-02-23
4380,2024-02-26
4381,2024-02-27
4382,2024-02-28
4383,2024-02-29
4384,2024-03-01
4385,2024-03-04
4386,2024-03-05
4387,2024-03-06
4388,2024-03-07
4389,2024-03-08
4390,2024-03-11
4391,2024-03-12
4392,2024-03-13
4393,2024-03-14
4394,2024-03-15
4395,2024-03-18
4396,2024-03-19
4397,2024-03-20
4398,2024-03-21
4399,2024-03-22
4400,2024-03-25
4401,2024-03-26
4402,2024-03-27
4403,2024-03-28
4404,2024-04-02
4405,2024-04-03
4406,2024-04-04
4407,2024-04-05
4408,2024-04-08
4409,2024-04-09
4410,2024-04-10
4411,2024-04-11
4412,2024-04-12
4413,2024-04-15
4414,2024-04-16
4415,2024-04-17
4416,2024-04-18
4417,2024-04-19
4418,2024-04-22
4419,2024-04-23
4420,2024-04-24
4421,2024-04-25
4422,2024-04-26
4423,2024-04-29
4424,2024-04-30
4425,2024-05-02
4426,2024-05-06
4427,2024-05-07
4428,2024-05-08
4429,2024-05-09
4430,2024-05-10
4431,2024-05-13
4432,2024-05-14
4433,2024-05-15
4434,2024-05-16
4435,2024-05-17
4436,2024-05-20
4437,2024-05-21
4438,2024-05-22
4439,2024-05-23
4440,2024-05-24
4441,2024-05-27
4442,2024-05-28
4443,2024-05-29
4444,2024-05-31
4445,2024-06-03
4446,2024-06-04
4447,2024-06-05
4448,2024-06-06
4449,2024-06-07
4450,2024-06-10
4451,2024-06-11
4452,2024-06-12
4453,2024-06-13
4454,2024-06-14
4455,2024-06-17
4456,2024-06-18
4457,2024-06-19
4458,2024-06-20
4459,2024-06-21
4460,2024-06-24
4461,2024-06-25
4462,2024-06-26
4463,2024-06-27
4464,2024-06-28
4465,2024-07-01
4466,2024-07-02
4467,2024-07-03
4468,2024-07-04
4469,2024-07-05
4470,2024-07-08
4471,2024-07-09
4472,2024-07-10
4473,2024-07-11
4474,2024-07-12
4475,2024-07-15
4476,2024-07-16
4477,2024-07-17
4478,2024-07-18
4479,2024-07-19
4480,2024-07-22
4481,2024-07-23
4482,2024-07-24
4483,2024-07-25
4484,2024-07-26
4485,2024-07-29
4486,2024-07-30
4487,2024-07-31
4488,2024-08-01
4489,2024-08-02
4490,2024-08-05
4491,2024-08-06
4492,2024-08-07
4493,2024-08-08
4494,2024-08-09
4495,2024-08-12
4496,2024-08-13
4497,2024-08-14
4498,2024-08-16
4499,2024-08-19
4500,2024-08-20
4501,2024-08-21
4502,2024-08-22
4503,2024-08-23
4504,2024-08-26
4505,2024-08-27
4506,2024-08-28
4507,2024-08-29
4508,2024-08-30
4509,2024-09-02
4510,2024-09-03
4511,2024-09-04
4512,2024-09-05
4513,2024-09-06
4514,2024-09-09
4515,2024-09-10
4516,2024-09-11
4517,2024-09-12
4518,2024-09-13
4519,2024-09-16
4520,2024-09-17
4521,2024-09-18
4522,2024-09-19
4523,2024-09-20
4524,2024-09-23
4525,2024-09-24
4526,2024-09-25
4527,2024-09-26
4528,2024-09-27
4529,2024-09-30
4530,2024-10-01
4531,2024-10-02
4532,2024-10-03
4533,2024-10-04
4534,2024-10-07
4535,2024-10-08
4536,2024-10-09
4537,2024-10-10
4538,2024-10-11
4539,2024-10-14
4540,2024-10-15
4541,2024-10-16
4542,2024-10-17
4543,2024-10-18
4544,2024-10-21
4545,2024-10-22
4546,2024-10-23
4547,2024-10-24
4548,2024-10-25
4549,2024-10-28
4550,2024-10-29
4551,2024-10-30
4552,2024-10-31
4553,2024-11-04
4554,2024-11-05
4555,2024-11-06
4556,2024-11-07
4557,2024-11-08
4558,2024-11-12
4559,2024-11-13
4560,2024-11-14
4561,2024-11-15
4562,2024-11-18
4563,2024-11-19
4564,2024-11-20
4565,2024-11-21
4566,2024-11-22
4567,2024-11-25
4568,2024-11-26
4569,2024-11-27
4570,2024-11-28
4571,2024-11-29
4572,2024-12-02
4573,2024-12-03
4574,2024-12-04
4575,2024-12-05
4576,2024-12-06
4577,2024-12-09
4578,2024-12-10
4579,2024-12-11
4580,2024-12-12
4581,2024-12-13
4582,2024-12-16
4583,2024-12-17
4584,2024-12-18
4585,2024-12-19
4586,2024-12-20
4587,2024-12-23
4588,2024-12-27
4589,2024-12-30
4590,2025-01-02
4591,2025-01-03
4592,2025-01-07
4593,2025-01-08
4594,2025-01-09
4595,2025-01-10
4596,2025-01-13
4597,2025-01-14
4598,2025-01-15
4599,2025-01-16
4600,2025-01-17
4601,2025-01-20
4602,2025-01-21
4603,2025-01-22
4604,2025-01-23
4605,2025-01-24
4606,2025-01-27
4607,2025-01-28
4608,2025-01-29
4609,2025-01-30
4610,2025-01-31
4611,2025-02-03
4612,2025-02-04
4613,2025-02-05
4614,2025-02-06
4615,2025-02-07
4616,2025-02-10
4617,2025-02-11
4618,2025-02-12
4619,2025-02-13
4620,2025-02-14
4621,2025-02-17
4622,2025-02-18
4623,2025-02-19
4624,2025-02-20
4625,2025-02-21
4626,2025-02-24
4627,2025-02-25
4628,2025-02-26
4629,2025-02-27
4630,2025-02-28
4631,2025-03-03
4632,2025-03-04
4633,2025-03-05
4634,2025-03-06
4635,2025-03-07
4636,2025-03-10
4637,2025-03-11
4638,2025-03-12
4639,2025-03-13
4640,2025-03-14
4641,2025-03-17
4642,2025-03-18
4643,2025-03-19
4644,2025-03-20
4645,2025-03-21
4646,2025-03-24
4647,2025-03-25
4648,2025-03-26
4649,2025-03-27
4650,2025-03-28
4651,2025-03-31
4652,2025-04-01
4653,2025-04-02
4654,2025-04-03
4655,2025-04-04
4656,2025-04-07
4657,2025-04-08
4658,2025-04-09
4659,2025-04-10
4660,2025-04-11
4661,2025-04-14
4662,2025-04-15
4663,2025-04-16
4664,2025-04-17
4665,2025-04-22
4666,2025-04-23
4667,2025-04-24
4668,2025-04-25
4669,2025-04-28
4670,2025-04-29
4671,2025-04-30
4672,2025-05-02
4673,2025-05-05
4674,2025-05-06
4675,2025-05-07
4676,2025-05-08
4677,2025-05-09
4678,2025-05-12
4679,2025-05-13
4680,2025-05-14
4681,2025-05-15
4682,2025-05-16
4683,2025-05-19
4684,2025-05-20
4685,2025-05-21
4686,2025-05-22
4687,2025-05-23
4688,2025-05-26
4689,2025-05-27
4690,2025-05-28
4691,2025-05-29
4692,2025-05-30
4693,2025-06-02
4694,2025-06-03
4695,2025-06-04
4696,2025-06-05
4697,2025-06-06
4698,2025-06-09
4699,2025-06-10
4700,2025-06-11
4701,2025-06-12
4702,2025-06-13
4703,2025-06-16
4704,2025-06-17
4705,2025-06-18
4706,2025-06-20
4707,2025-06-23
4708,2025-06-24
4709,2025-06-25
4710,2025-06-26
4711,2025-06-27
4712,2025-06-30
4713,2025-07-01
4714,2025-07-02
4715,2025-07-03
4716,2025-07-04
4717,2025-07-07
4718,2025-07-08
4719,2025-07-09
4720,2025-07-10
4721,2025-07-11
4722,2025-07-14
4723,2025-07-15
4724,2025-07-16
4725,2025-07-17
4726,2025-07-18
4727,2025-07-21
4728,2025-07-22
4729,2025-07-23
4730,2025-07-24
4731,2025-07-25
4732,2025-07-28
4733,2025-07-29
4734,2025-07-30
4735,2025-07-31
4736,2025-08-01
4737,2025-08-04
4738,2025-08-05
4739,2025-08-06
4740,2025-08-07
4741,2025-08-08
4742,2025-08-11
4743,2025-08-12
4744,2025-08-13
4745,2025-08-14
4746,2025-08-18
4747,2025-08-19
4748,2025-08-20
4749,2025-08-21
4750,2025-08-22
4751,2025-08-25
4752,2025-08-26
4753,2025-08-27
4754,2025-08-28
4755,2025-08-29
4756,2025-09-01
4757,2025-09-02
4758,2025-09-03
4759,2025-09-04
4760,2025-09-05
4761,2025-09-08
4762,2025-09-09
4763,2025-09-10
4764,2025-09-11
4765,2025-09-12
4766,2025-09-15
4767,2025-09-16
4768,2025-09-17
4769,2025-09-18
4770,2025-09-19
4771,2025-09-22
4772,2025-09-23
4773,2025-09-24
4774,2025-09-25
4775,2025-09-26
4776,2025-09-29
4777,2025-09-30
4778,2025-10-01
4779,2025-10-02
4780,2025-10-03
4781,2025-10-06
4782,2025-10-07
4783,2025-10-08
4784,2025-10-09
4785,2025-10-10
4786,2025-10-13
4787,2025-10-14
4788,2025-10-15
4789,2025-10-16
4790,2025-10-17
4791,2025-10-20
4792,2025-10-21
4793,2025-10-22
4794,2025-10-23
4795,2025-10-24
4796,2025-10-27
4797,2025-10-28
4798,2025-10-29
4799,2025-10-30
4800,2025-10-31
4801,2025-11-03
4802,2025-11-04
4803,2025-11-05
4804,2025-11-06
4805,2025-11-07
4806,2025-11-10
4807,2025-11-12
4808,2025-11-13
4809,2025-11-14
4810,2025-11-17
4811,2025-11-18
4812,2025-11-19
4813,2025-11-20
4814,2025-11-21
4815,2025-11-24
4816,2025-11-25
4817,2025-11-26
4818,2025-11-27
4819,2025-11-28
4820,2025-12-01
4821,2025-12-02
4822,2025-12-03
4823,2025-12-04
4824,2025-12-05
4825,2025-12-08
4826,2025-12-09
4827,2025-12-10
4828,2025-12-11
4829,2025-12-12
4830,2025-12-15
4831,2025-12-16
4832,2025-12-17
4833,2025-12-18
4834,2025-12-19
4835,2025-12-22
4836,2025-12-23
4837,2025-12-29
4838,2025-12-30
4839,2026-01-02
4840,2026-01-05
4841,2026-01-07
4842,2026-01-08
4843,2026-01-09
4844,2026-01-12
4845,2026-01-13
4846,2026-01-14
4847,2026-01-15
4848,2026-01-16
4849,2026-01-19
4850,2026-01-20
4851,2026-01-21
4852,2026-01-22
4853,2026-01-23
4854,2026-01-26
4855,2026-01-27
4856,2026-01-28
4857,2026-01-29
4858,2026-01-30
4859,2026-02-02
4860,2026-02-03
4861,2026-02-04
4862,2026-02-05
4863,2026-02-06
4864,2026-02-09
4865,2026-02-10
4866,2026-02-11
4867,2026-02-12
4868,2026-02-13
4869,2026-02-16
4870,2026-02-17
4871,2026-02-18
4872,2026-02-19
4873,2026-02-20
4874,2026-02-23
4875,2026-02-24
4876,2026-02-25
4877,2026-02-26
4878,2026-02-27
4879,2026-03-02
4880,2026-03-03
4881,2026-03-04
4882,2026-03-05
4883,2026-03-06
4884,2026-03-09
4885,2026-03-10
4886,2026-03-11
4887,2026-03-12
4888,2026-03-13
4889,2026-03-16
4890,2026-03-17
4891,2026-03-18
4892,2026-03-19
4893,2026-03-20
4894,2026-03-23
4895,2026-03-24
4896,2026-03-25
4897,2026-03-26
4898,2026-03-27
4899,2026-03-30
4900,2026-03-31
4901,2026-04-01
4902,2026-04-02
4903,2026-04-07
4904,2026-04-08
4905,2026-04-09
4906,2026-04-10
4907,2026-04-13
4908,2026-04-14
4909,2026-04-15
4910,2026-04-16
4911,2026-04-17
4912,2026-04-20
4913,2026-04-21
4914,2026-04-22
4915,2026-04-23
4916,2026-04-24
4917,2026-04-27
4918,2026-04-28
4919,2026-04-29
4920,2026-04-30
4921,2026-05-04
4922,2026-05-05
4923,2026-05-06
4924,2026-05-07
4925,2026-05-08
4926,2026-05-11
4927,2026-05-12
4928,2026-05-13
4929,2026-05-14
4930,2026-05-15
4931,2026-05-18
4932,2026-05-19
4933,2026-05-20
4934,2026-05-21
4935,2026-05-22
4936,2026-05-25
4937,2026-05-26
4938,2026-05-27
4939,2026-05-28
4940,2026-05-29
4941,2026-06-01
4942,2026-06-02
4943,2026-06-03
4944,2026-06-05
4945,2026-06-08
4946,2026-06-09
4947,2026-06-10
4948,2026-06-11
4949,2026-06-12
4950,2026-06-15
4951,2026-06-16
4952,2026-06-17
4953,2026-06-18
4954,2026-06-19
4955,2026-06-22
4956,2026-06-23
4957,2026-06-24
4958,2026-06-25
4959,2026-06-26
4960,2026-06-29
4961,2026-06-30
4962,2026-07-01
4963,2026-07-02
4964,2026-07-03
4965,2026-07-06
