market,feature_set,model,horizon_step,seeds_completed,price_rmse_mean,price_rmse_std,rmse_mean,rmse_std,mean_ratio_to_persistence
bist100,close,naive_persistence,1,5,164.8922780960078,0.0,0.0199811136669677,0.0,1.0
bist100,close,lstm_gru,1,5,165.36876921484085,1.0442058228772855,0.02014159174603334,0.0002183762995464122,1.0028897115397704
bist100,close,mlp,1,5,167.21795461420402,6.817138569880251,0.020383791126411838,0.0003003554273729556,1.0141042172808246
bist100,close,cnn1d,1,5,207.83389945926393,9.420501814010839,0.024489466264305183,0.0012023728332393544,1.2604222699758783
bist100,close,dnfs,1,5,214.99750260642213,6.629805807851343,0.024458757918128078,0.0009393835896887874,1.303866409567347
bist100,close,linear_regression,1,5,347.6012946743109,0.0,0.0404633699145154,0.0,2.108050775257781
bist100,close,naive_persistence,2,5,198.54117117130824,0.0,0.0242825735390601,0.0,1.0
bist100,close,lstm_gru,2,5,202.63053255960753,2.8721536429426675,0.02490559370924904,0.0003798883534300755,1.0205970447548676
bist100,close,mlp,2,5,207.72345174049352,12.924771878172269,0.024853235780713002,0.0005018143692156067,1.0462487478794134
bist100,close,cnn1d,2,5,294.34317961962245,13.441934774161895,0.0341531679503376,0.0017908560367278768,1.482529683305096
bist100,close,dnfs,2,5,324.0429674579008,15.922291233114375,0.03519231425532132,0.001913278467600544,1.6321197540348205
bist100,close,linear_regression,2,5,538.8786279191347,0.0,0.05942834957918329,0.0,2.7141908388067857
bist100,close,naive_persistence,3,5,258.6130748454131,0.0,0.0359074397001824,0.0,1.0
bist100,close,lstm_gru,3,5,265.45258055077136,2.3017749401684657,0.03672521890363174,0.0003502241303096221,1.0264468674271265
bist100,close,mlp,3,5,282.0613830319153,13.57514353638051,0.0371675813086799,0.0007525167666352367,1.0906694613198442
bist100,close,cnn1d,3,5,408.0757379943303,16.63315121906166,0.0504792762397799,0.002450267052567413,1.5779393143144795
bist100,close,dnfs,3,5,447.59891775770546,31.665406982877272,0.051442674713842694,0.0031862498075533314,1.7307667759074412
bist100,close,linear_regression,3,5,693.9648055371736,0.0,0.0828821116084791,0.0,2.6834095915374485
bist100,close,naive_persistence,4,5,290.8548500972844,0.0,0.0387233712375708,0.0,1.0
bist100,close,lstm_gru,4,5,295.67862369401297,3.6688679604402203,0.0395561470125856,0.0004078948134412487,1.0165848140236105
bist100,close,mlp,4,5,327.02268289660674,21.71163437294428,0.04121648887358378,0.0016500576069248324,1.124350110672815
bist100,close,cnn1d,4,5,477.69078341234734,24.653709280073883,0.058333286616478366,0.003895414052824885,1.6423682921311802
bist100,close,dnfs,4,5,557.1262869928123,53.86877475134484,0.06180279870541614,0.005067477784492182,1.9154787578975085
bist100,close,linear_regression,4,5,884.7344678579809,0.0,0.1054265858611586,0.0,3.0418418931713096
bist100,close,naive_persistence,5,5,340.3552018286413,0.0,0.0460337849208705,0.0,1.0
bist100,close,lstm_gru,5,5,344.6191912190396,5.247294508765863,0.04693673179233742,0.0012061780209081862,1.012528057063588
bist100,close,mlp,5,5,381.54755062038646,32.211639368584244,0.04921212392729964,0.0014108408153767848,1.1210275282129645
bist100,close,cnn1d,5,5,565.6161330158997,33.14693394347244,0.0701713450731955,0.005003040584408477,1.661840718099765
bist100,close,dnfs,5,5,685.914006727304,64.4449541581203,0.07552778867360985,0.005801166599354919,2.0152887425902817
bist100,close,linear_regression,5,5,1064.5209559056534,0.0,0.1268340303074865,0.0,3.1276764691306465
bist100,close,naive_persistence,6,5,312.632978095178,0.0,0.0412270511841203,0.0,1.0
bist100,close,lstm_gru,6,5,323.74952298741243,5.159421426224704,0.0427668572293618,0.0011286066818239425,1.0355578127424871
bist100,close,mlp,6,5,382.243391068989,34.676502516762554,0.04615804994452286,0.001674659486346622,1.2226585736346052
bist100,close,cnn1d,6,5,606.9291190423667,41.69818544884364,0.07349942798718702,0.006220866927025985,1.9413470796980132
bist100,close,dnfs,6,5,795.4483481229774,98.89281064275222,0.08378239547192615,0.006818914034477992,2.5443520161229154
bist100,close,linear_regression,6,5,1193.3059766754573,0.0,0.1398969343749074,0.0,3.8169548969084355
bist100,close,naive_persistence,7,5,362.6158377105467,0.0,0.0442406836131711,0.0,1.0
bist100,close,lstm_gru,7,5,372.8171999021265,7.541251362783932,0.04590039456548152,0.001027108989578454,1.0281326989355686
bist100,close,mlp,7,5,447.8036535607186,40.236186412810966,0.05039548845790202,0.002584487050027928,1.234925800229862
bist100,close,cnn1d,7,5,684.1004278256867,48.517449252518766,0.08191471356408998,0.007492129680878565,1.88657073597475
bist100,close,dnfs,7,5,928.4480591836179,131.40180033146495,0.09580744002716152,0.00797801221591055,2.560417837912362
bist100,close,linear_regression,7,5,1195.2017840208282,0.0,0.1367471393200578,0.0,3.2960551077056985
bist100,close,naive_persistence,8,5,374.3872622729846,0.0,0.0470042093577225,0.0,1.0
bist100,close,lstm_gru,8,5,389.0014306373463,8.132003157459968,0.049017150199593865,0.0009583047970791276,1.0390348973830892
bist100,close,mlp,8,5,480.7243068233573,43.72746603056086,0.05422279974398938,0.003618798604272183,1.2840295471186118
bist100,close,cnn1d,8,5,768.8889459703626,62.226353367724066,0.09279837251293946,0.00934721412323512,2.0537262440561532
bist100,close,dnfs,8,5,1059.6772679438516,169.67477409625107,0.10860189851049273,0.009860020879951895,2.8304308792727775
bist100,close,linear_regression,8,5,1263.1599265135033,0.0,0.1437950966516321,0.0,3.3739393772229085
bist100,close,naive_persistence,9,5,378.0350943139446,0.0,0.0501458975405503,0.0,1.0
bist100,close,lstm_gru,9,5,401.5918190448836,14.299088186363416,0.05290628784417482,0.0011927908649961277,1.062313592270288
bist100,close,mlp,9,5,510.0961872972992,57.51478650754254,0.05915607628166658,0.005124568401923689,1.3493355378103669
bist100,close,cnn1d,9,5,845.6364877965292,67.68352011753814,0.10308211486550171,0.009651456671492479,2.2369258847017477
bist100,close,dnfs,9,5,1208.5042403813911,218.23445179544404,0.12266752875091895,0.011584396149362578,3.196804366998191
bist100,close,linear_regression,9,5,1216.633921909428,0.0,0.1389161279100917,0.0,3.2183094644092938
bist100,close,naive_persistence,10,5,423.7535390395772,0.0,0.05443788489361549,0.0,1.0
bist100,close,lstm_gru,10,5,447.03167355197013,17.15646530654164,0.0573777470861362,0.0012191521620712055,1.0549331919803007
bist100,close,mlp,10,5,571.5126511746394,64.93291664760324,0.06491694877343793,0.006110527978985452,1.3486911577657925
bist100,close,cnn1d,10,5,918.472003886857,76.74131592660785,0.11268850964646995,0.011375099327892811,2.1674674528230304
bist100,close,linear_regression,10,5,1225.5864480398511,0.0,0.137314092589799,0.0,2.8922152504439267
bist100,close,dnfs,10,5,1394.2100128668544,291.27359945725954,0.13813463253617345,0.014816849298689186,3.2901436434649804
bist100,close,naive_persistence,11,5,501.30507299630943,0.0,0.059353984128977,0.0,1.0
bist100,close,lstm_gru,11,5,526.8148586401288,23.01087891177947,0.062493333406406615,0.001280046547412673,1.050886749442504
bist100,close,mlp,11,5,660.4332817384155,74.10961748794028,0.07173668106160536,0.007166501196123485,1.3174278843638945
bist100,close,cnn1d,11,5,994.7399058641549,72.07992066464129,0.12092489844556675,0.01229803305842325,1.9843004977359926
bist100,close,linear_regression,11,5,1141.4857171283495,0.0,0.1264324073923444,0.0,2.2770280585944778
bist100,close,dnfs,11,5,1592.9423515832775,385.4703223670111,0.15219012404518478,0.018542440632436055,3.177590727463085
bist100,close,naive_persistence,12,5,485.1922610278928,0.0,0.0588022645019138,0.0,1.0
bist100,close,lstm_gru,12,5,492.97094266795966,22.542459002847494,0.0611344129392381,0.001557123407417505,1.0160321634635876
bist100,close,mlp,12,5,659.0962984864411,94.34240039411601,0.07315431572687864,0.009780645878519624,1.3584229416399345
bist100,close,cnn1d,12,5,1013.0679431449577,85.24614345255199,0.12625330277105615,0.013695945033141733,2.0879721803450577
bist100,close,linear_regression,12,5,1137.4175070619117,0.0,0.1208903311136504,0.0,2.344261437006976
bist100,close,dnfs,12,5,1788.1003725385349,492.86647667504354,0.16560179181673146,0.020804580502548443,3.685343968080604
bist100,close,naive_persistence,13,5,496.39925603149305,0.0,0.0617774429710939,0.0,1.0
bist100,close,lstm_gru,13,5,500.65720175908547,15.35677566764275,0.06424665191094084,0.0012132315175936185,1.0085776633946493
bist100,close,mlp,13,5,684.5434202618586,100.21400094976075,0.07618284931381916,0.009926945506671857,1.3790178207245924
bist100,close,cnn1d,13,5,1078.9040939131264,100.09473156974875,0.13648758408948133,0.015548579533676764,2.173460336219113
bist100,close,linear_regression,13,5,1224.4692125119852,0.0,0.1271266011919255,0.0,2.46670235225796
bist100,close,dnfs,13,5,2018.3977717462906,616.3346599207667,0.1803832695329693,0.022932015068277915,4.0660773504830505
bist100,close,lstm_gru,14,5,548.6905436116301,9.631671042390193,0.06993506952213958,0.0014315052802628327,0.9955133202328392
bist100,close,naive_persistence,14,5,551.1634374548576,0.0,0.0674423993849423,0.0,1.0
bist100,close,mlp,14,5,745.0099159177936,112.31986892937041,0.0831789736127074,0.010922241681365978,1.3517041684732813
bist100,close,cnn1d,14,5,1187.3133957519208,102.0071349260099,0.15040870011381743,0.016121219333696524,2.154194772488272
bist100,close,linear_regression,14,5,1529.7516219082345,0.0,0.152859402127235,0.0,2.7754954664124054
bist100,close,dnfs,14,5,2330.288732603848,773.3786623998557,0.19974392711715497,0.023363132032394623,4.227945059934619
bist100,close,lstm_gru,15,5,594.3560570174311,14.267110030730116,0.07512379253255176,0.0015266675304464814,0.999320392367548
bist100,close,naive_persistence,15,5,594.7602606300345,0.0,0.0723948985918035,0.0,1.0
bist100,close,mlp,15,5,800.8658950922845,125.29500543716452,0.08941145971660955,0.011808876009223486,1.3465356515983777
bist100,close,cnn1d,15,5,1260.8337963807312,105.06667851450955,0.16086319574018906,0.017860101970883075,2.11990255543489
bist100,close,linear_regression,15,5,1761.645789414726,0.0,0.1846505233177161,0.0,2.9619426616509315
bist100,close,dnfs,15,5,2685.92609548368,1001.0829468416877,0.2175910347159226,0.0269238853755909,4.515981099070836
bist100,close,naive_persistence,16,5,630.6143238286485,0.0,0.0781166199425053,0.0,1.0
bist100,close,lstm_gru,16,5,635.9168267510388,18.213552615994143,0.08183084778523306,0.0015768410509342185,1.0084084720597484
bist100,close,mlp,16,5,856.041059149314,127.40440810001313,0.09581832119724502,0.012297455656920322,1.3574716380560978
bist100,close,cnn1d,16,5,1348.2633776874889,103.31995332758899,0.17355755957314067,0.018003467344651455,2.138015783564474
bist100,close,linear_regression,16,5,2341.6560102434137,0.0,0.24302031584392864,0.0,3.7132934057484115
bist100,close,dnfs,16,5,3117.8603106376518,1282.5802263688763,0.23762594542818602,0.03011349630580566,4.944163481267263
bist100,close,naive_persistence,17,5,659.1099576588017,0.0,0.0836830832825828,0.0,1.0
bist100,close,lstm_gru,17,5,662.7729498561275,15.327554175084543,0.08743959321633492,0.0015169754996356426,1.0055574827155351
bist100,close,mlp,17,5,886.2321130309601,134.46823546536686,0.10085387337910397,0.011217155718324111,1.3445891732221888
bist100,close,cnn1d,17,5,1411.1055090727211,104.47176449474337,0.18352746289115504,0.01806479379568839,2.1409257934519044
bist100,close,linear_regression,17,5,2541.5078392575087,0.0,0.2882573208567128,0.0,3.8559694171289687
bist100,close,dnfs,17,5,3659.5704231577183,1658.8768207900096,0.2581511585708284,0.03283131504105769,5.552291208217719
bist100,close,naive_persistence,18,5,689.9999730699458,0.0,0.0916338596298989,0.0,1.0
bist100,close,lstm_gru,18,5,703.798130481084,16.46030019967395,0.09577802216729794,0.0018107428901875768,1.0199973303618368
bist100,close,mlp,18,5,929.4682069756833,132.14178348944566,0.10807893662478334,0.010501985142011233,1.347055425002839
bist100,close,cnn1d,18,5,1485.246439883144,110.40871886231162,0.19499801945514894,0.019134781699903812,2.1525311563056877
bist100,close,linear_regression,18,5,3548.4345750045795,0.0,0.3480460452314312,0.0,5.142659005067631
bist100,close,dnfs,18,5,4377.115823943854,2187.2290865611353,0.281752385199402,0.037354703489189386,6.34364636924434
bist100,close,naive_persistence,19,5,723.9702005960701,0.0,0.0933147515838339,0.0,1.0
bist100,close,lstm_gru,19,5,743.1178972668641,21.58365144609257,0.0980403781899332,0.00174727013796033,1.0264481834404635
bist100,close,mlp,19,5,986.5561025246967,136.15372711847428,0.11254596557719823,0.010652005957681215,1.3627026384683105
bist100,close,cnn1d,19,5,1571.3825510947863,123.36292981515825,0.20557226147573834,0.02037355967758219,2.170507225022538
bist100,close,linear_regression,19,5,3346.5004627172893,0.0,0.3685125739587585,0.0,4.622428464544533
bist100,close,dnfs,19,5,5350.083943701848,2940.5221873851233,0.3061159566397653,0.043594034708871306,7.3899228715449
bist100,close,naive_persistence,20,5,744.8082921587538,0.0,0.0956597778489549,0.0,1.0
bist100,close,lstm_gru,20,5,779.0483134823223,20.20984681518392,0.10130197592165771,0.002639829244494432,1.0459715898494193
bist100,close,mlp,20,5,1040.0718049325767,134.52221124357476,0.11801676769109107,0.009899800241335716,1.3964288742248432
bist100,close,cnn1d,20,5,1638.4200566046989,121.49915591876972,0.21455312959029435,0.021095655301815206,2.1997876149524314
bist100,close,linear_regression,20,5,5609.479674290186,0.0,0.41663948812889406,0.0,7.531440953794513
bist100,close,dnfs,20,5,6742.747203548321,4079.9589385707523,0.33246604236598465,0.05254138131183842,9.052996958459108
bist100,indicators,naive_persistence,1,5,146.9388811494616,0.0,0.0205060815810273,0.0,1.0
bist100,indicators,lstm_gru,1,5,150.0537594996919,2.8788161147313427,0.02055197774519546,0.0003748546992962134,1.0211984624209978
bist100,indicators,mlp,1,5,160.45531457448809,7.253359534901578,0.021645567839191,0.0011616849545196934,1.0919867724545826
bist100,indicators,cnn1d,1,5,167.1786666335111,7.956110221806341,0.0223492867513789,0.0010841588911676386,1.137742885516205
bist100,indicators,naive_persistence,2,5,224.9830135517745,0.0,0.0280314947994574,0.0,1.0
bist100,indicators,lstm_gru,2,5,228.33701038261034,6.810267978212867,0.028065560011945878,0.0007320658161877881,1.014907778049048
bist100,indicators,mlp,2,5,251.30833787208257,17.701877721674617,0.03069177637748856,0.002645045252994936,1.117010275152395
bist100,indicators,cnn1d,2,5,265.15829673833673,15.699193014648003,0.03235363127360944,0.0024418698353660395,1.178570295385064
bist100,indicators,naive_persistence,3,5,249.37524289957565,0.0,0.0321524764022248,0.0,1.0
bist100,indicators,lstm_gru,3,5,256.84902698442295,9.136450156230307,0.03231998898296498,0.0009953877526918766,1.02997003230131
bist100,indicators,mlp,3,5,301.3161896000326,20.467360992279808,0.03663817727387936,0.003299573106532608,1.208284295171088
bist100,indicators,cnn1d,3,5,325.8011271325539,24.600371239190256,0.03987912731672784,0.004205508842720833,1.3064694126984981
bist100,indicators,naive_persistence,4,5,308.93260015257925,0.0,0.0393267510304069,0.0,1.0
bist100,indicators,lstm_gru,4,5,320.27036814684936,10.569479214333889,0.03966383966686872,0.0013488566554228753,1.0366998108605903
bist100,indicators,mlp,4,5,379.1008394119613,29.73657560897065,0.045575192395571,0.004688284539180209,1.2271312228775033
bist100,indicators,cnn1d,4,5,427.27160975460777,25.73377302769076,0.051209993686803956,0.00450556302005757,1.3830576946025825
bist100,indicators,naive_persistence,5,5,380.8861193904128,0.0,0.0459161329750177,0.0,1.0
bist100,indicators,lstm_gru,5,5,390.63815851975767,14.447701695017638,0.045972038697067764,0.0017297928870858164,1.0256035561100325
bist100,indicators,mlp,5,5,459.4240686570861,46.06283297848516,0.05380485258807714,0.006383303664661598,1.2061979822010027
bist100,indicators,cnn1d,5,5,521.1041321486906,34.61019832128191,0.06071078349102388,0.005857984580133587,1.3681363158696596
bist100,indicators,naive_persistence,6,5,461.85699383885355,0.0,0.0537277289092737,0.0,1.0
bist100,indicators,lstm_gru,6,5,473.98849975843234,17.166987773599732,0.05388094918066816,0.0020345270516399522,1.0262668013723129
bist100,indicators,mlp,6,5,536.3354322669514,41.7311394012776,0.061901659220289486,0.006349285098831804,1.1612586567306245
bist100,indicators,cnn1d,6,5,607.926309477348,54.93229980014374,0.06990388615305441,0.008281075649292513,1.3162652457081971
bist100,indicators,naive_persistence,7,5,483.412655610725,0.0,0.057081775441904,0.0,1.0
bist100,indicators,lstm_gru,7,5,488.118714771999,19.364558481672987,0.0566930659797061,0.002671321656772905,1.00973507645415
bist100,indicators,mlp,7,5,583.7347796674462,55.45625113883808,0.06730565289771631,0.00813653117842711,1.207528956663284
bist100,indicators,cnn1d,7,5,661.439865196947,60.32679832678315,0.07645551948559204,0.009317642348779215,1.3682717188305908
bist100,indicators,naive_persistence,8,5,475.44457662040566,0.0,0.0571828187873535,0.0,1.0
bist100,indicators,lstm_gru,8,5,478.1108982883934,17.035740475823907,0.05696100173009566,0.0027154884273864082,1.0056080599066681
bist100,indicators,mlp,8,5,602.6493157549933,62.11573221897676,0.07031940283251052,0.009426335596456708,1.2675490380788332
bist100,indicators,cnn1d,8,5,715.7028834229346,70.62579816708885,0.08340456080065695,0.011486607520096224,1.5053339939438426
bist100,indicators,lstm_gru,9,5,494.84941874596154,20.968248580934972,0.0602152868203925,0.0031185737817434355,0.9866888545072433
bist100,indicators,naive_persistence,9,5,501.5252949148711,0.0,0.0606345093083608,0.0,1.0
bist100,indicators,mlp,9,5,666.3707400345636,71.09836702321134,0.07662411855238034,0.011008493408695906,1.3286881973673401
bist100,indicators,cnn1d,9,5,809.2462518652844,70.09253288258687,0.09297219805516913,0.012169595337122235,1.61357016300174
bist100,indicators,lstm_gru,10,5,530.9938446228365,27.533719632271833,0.06319222961828076,0.003610034433860488,0.998797163016968
bist100,indicators,naive_persistence,10,5,531.6333128329237,0.0,0.0630024349905946,0.0,1.0
bist100,indicators,mlp,10,5,722.4705803371581,82.00449263748318,0.08161225300697039,0.013084007999110038,1.358964088400173
bist100,indicators,cnn1d,10,5,894.7772069447186,83.04257438795489,0.10099478098004781,0.0134889510150545,1.6830721200985388
bist100,indicators,naive_persistence,11,5,569.8189418461694,0.0,0.0676184650990264,0.0,1.0
bist100,indicators,lstm_gru,11,5,571.2440043073991,29.91108038086397,0.0685571656467818,0.003962764738649105,1.002500903982961
bist100,indicators,mlp,11,5,776.6487293129765,97.96789147151311,0.08760399552547708,0.015690959285055667,1.362974573636837
bist100,indicators,cnn1d,11,5,963.496332949665,95.86533573330962,0.10875976367466204,0.015373924457828744,1.6908815453344026
bist100,indicators,naive_persistence,12,5,576.7100667480024,0.0,0.0699863630164476,0.0,1.0
bist100,indicators,lstm_gru,12,5,579.4318279960587,35.031806407172006,0.07167786646104794,0.004096272970622727,1.0047194620052393
bist100,indicators,mlp,12,5,825.8929191631314,105.69479771046285,0.09259270883189526,0.016258490932765456,1.432076474441032
bist100,indicators,cnn1d,12,5,1041.107346129102,110.47978005357132,0.11708122603330695,0.017456974901695163,1.805252597721727
bist100,indicators,naive_persistence,13,5,589.6214716352995,0.0,0.0747101625951867,0.0,1.0
bist100,indicators,lstm_gru,13,5,605.2780259510179,38.321745770713534,0.07753246890179735,0.004295200741090433,1.0265535688045677
bist100,indicators,mlp,13,5,884.0046366892466,111.27998069975574,0.09967482472968583,0.017655281030834826,1.4992748385459629
bist100,indicators,cnn1d,13,5,1110.766338332904,130.4163994970904,0.12482840632743282,0.019855826178832515,1.8838634475983773
bist100,indicators,naive_persistence,14,5,644.9960638477672,0.0,0.0778913268085762,0.0,1.0
bist100,indicators,lstm_gru,14,5,664.0428409034242,40.390798792017435,0.08063844867712228,0.004355472190300006,1.029530067117049
bist100,indicators,mlp,14,5,973.3973539473467,126.59471723604662,0.10763073976014041,0.019998893758971445,1.5091523941099414
bist100,indicators,cnn1d,14,5,1228.8597033611375,143.66343255315616,0.13427037050912477,0.02196905298403415,1.905220469145645
bist100,indicators,naive_persistence,15,5,655.6319249243617,0.0,0.0776531784402196,0.0,1.0
bist100,indicators,lstm_gru,15,5,689.9524316599112,48.40305962581394,0.0818133825738669,0.004548244297336097,1.0523472171363666
bist100,indicators,mlp,15,5,1044.1290726744396,150.59842864362113,0.11222376691255956,0.022143600843145365,1.5925537378230898
bist100,indicators,cnn1d,15,5,1324.9595164334164,163.82103840573103,0.14078447851000003,0.02367780132904343,2.020889261282194
bist100,indicators,naive_persistence,16,5,648.0403204327528,0.0,0.0796917270936301,0.0,1.0
bist100,indicators,lstm_gru,16,5,687.8816602651652,44.449079218469265,0.08458436252387114,0.004202840164436899,1.0614797236780067
bist100,indicators,mlp,16,5,1043.5416152215107,161.59042438225418,0.11744582632178205,0.024348492883401747,1.610303529454228
bist100,indicators,cnn1d,16,5,1381.6543246260876,167.82335339658533,0.14849034993770532,0.025627723965797124,2.132049937422778
bist100,indicators,naive_persistence,17,5,665.4834618773277,0.0,0.083496073602026,0.0,1.0
bist100,indicators,lstm_gru,17,5,716.5583392451692,47.92503164076404,0.08933214523030444,0.004819065819289245,1.07674852989398
bist100,indicators,mlp,17,5,1078.6552560063906,176.7938925377313,0.1230051125833966,0.02668931756803332,1.6208595972670845
bist100,indicators,cnn1d,17,5,1476.427050110429,178.73574347756326,0.15812772751959442,0.027609924712877605,2.2185781235576174
bist100,indicators,naive_persistence,18,5,716.8255604883732,0.0,0.0899633692787804,0.0,1.0
bist100,indicators,lstm_gru,18,5,779.6913723976683,46.44629113230407,0.0967304971969753,0.0047833395658957,1.0877002933132918
bist100,indicators,mlp,18,5,1148.362098798441,184.10322493581205,0.13247182612846958,0.02834410980880415,1.6020105337985744
bist100,indicators,cnn1d,18,5,1595.7764456364798,195.87914721019905,0.1690598916388643,0.03037828441347253,2.226171238298586
bist100,indicators,naive_persistence,19,5,756.9057639949094,0.0,0.0931989310467196,0.0,1.0
bist100,indicators,lstm_gru,19,5,821.1986793837281,44.83210280726162,0.10063614734393007,0.0042309129569510955,1.0849417700949773
bist100,indicators,mlp,19,5,1194.747953357879,200.99255207173366,0.1379016432783627,0.030704973336015653,1.5784632779806844
bist100,indicators,cnn1d,19,5,1700.2371941693023,215.48519270057906,0.17706686579865377,0.032774540679884286,2.2462997047288136
bist100,indicators,naive_persistence,20,5,753.477052018749,0.0,0.0933163831604647,0.0,1.0
bist100,indicators,lstm_gru,20,5,818.0768964039814,48.543361702240375,0.10088897344617795,0.0041456668547629446,1.0857356494297385
bist100,indicators,mlp,20,5,1199.8673886080578,233.22395761305938,0.1412906937855368,0.03378920194106565,1.5924405201104934
bist100,indicators,cnn1d,20,5,1787.1210857778824,227.09037242330123,0.18427400082232642,0.03516976104369431,2.3718321360813164
sp500,close,lstm_gru,1,5,51.92513530010192,0.06140044162808737,0.01060281469438012,7.520663891365099e-06,0.9945633884156312
sp500,close,mlp,1,5,51.95174361505455,0.18233435902968093,0.01061165560527942,3.809205070113094e-05,0.9950730386211891
sp500,close,cnn1d,1,5,52.072148907064125,0.24617617213928925,0.01062655619303214,3.514240124535508e-05,0.9973792568816157
sp500,close,naive_persistence,1,5,52.208975219588766,0.0,0.0106270770231044,0.0,1.0
sp500,close,dnfs,1,5,52.78654946639085,0.41390432093945995,0.01073745298669106,7.0109309272987e-05,1.0110627386263153
sp500,close,linear_regression,1,5,56.808952334796246,0.0,0.0110009893481818,0.0,1.0881070179190488
sp500,close,linear_regression,2,5,78.20435267328651,0.0,0.015141828113056099,0.0,0.9570674733426096
sp500,close,mlp,2,5,80.65441450709812,0.2945726775878301,0.01534318759780542,6.367298188971256e-05,0.9870514116870058
sp500,close,lstm_gru,2,5,80.76586504561413,0.1142172671228785,0.01536213700447868,2.867723037686454e-05,0.9884153470902668
sp500,close,cnn1d,2,5,81.0739410160307,0.6032707264100464,0.01542790390459978,8.618831583490189e-05,0.9921855910795744
sp500,close,naive_persistence,2,5,81.71247571516939,0.0,0.015487089348206102,0.0,1.0
sp500,close,dnfs,2,5,84.34943459178967,0.6404951212698216,0.01596046495055498,0.00011809467022280873,1.0322711905806414
sp500,close,mlp,3,5,118.99911193014573,0.40391861239555127,0.023146282005800677,8.463123127680043e-05,0.9910097277504011
sp500,close,lstm_gru,3,5,119.25684520232275,0.16536756996323057,0.023193288052745658,2.7804962009752238e-05,0.9931560982211515
sp500,close,cnn1d,3,5,119.402433501633,0.6925019103690402,0.02323207730037574,0.0001203623720565789,0.9943685393774162
sp500,close,naive_persistence,3,5,120.07865170029615,0.0,0.0232883457313159,0.0,1.0
sp500,close,dnfs,3,5,123.01071051742399,0.951993550875278,0.023823125846673482,0.0001546261351229031,1.0244178192843632
sp500,close,linear_regression,3,5,124.71897825531487,0.0,0.0235927677937205,0.0,1.038644059450305
sp500,close,mlp,4,5,133.25506072323418,0.6198080302363657,0.026355627082211657,0.00010884160551544457,0.995938661148481
sp500,close,lstm_gru,4,5,133.42182335819513,0.39176216040779693,0.02639822058911498,7.517700602675248e-05,0.9971850329897542
sp500,close,naive_persistence,4,5,133.7984616136592,0.0,0.026438332158120796,0.0,1.0
sp500,close,cnn1d,4,5,134.01071427829675,1.1483112174151422,0.026495537798357262,0.00014176213506720729,1.0015863610244669
sp500,close,dnfs,4,5,138.81895402899963,1.0681856323992127,0.02733224804683964,0.00013720611818161064,1.0375227962623144
sp500,close,linear_regression,4,5,140.1921873961657,0.0,0.027590333505340604,0.0,1.0477862428715232
sp500,close,mlp,5,5,142.501880592725,0.8222308880158764,0.027715248807777197,0.0001422232711871021,0.9894469509523101
sp500,close,lstm_gru,5,5,143.01847343253183,0.42459438012950285,0.027806128658560643,8.051520723752651e-05,0.993033859476637
sp500,close,cnn1d,5,5,143.62243548202113,1.323693351403654,0.02791133337095878,0.0001667855696333606,0.997227406999466
sp500,close,naive_persistence,5,5,144.02174917571037,0.0,0.0278753353687869,0.0,1.0
sp500,close,dnfs,5,5,150.59691177117526,0.9718806647836916,0.0290583823780311,0.00016011070298049888,1.0456539559691296
sp500,close,linear_regression,5,5,157.46024898651578,0.0,0.030255182274939403,0.0,1.0933088223668919
sp500,close,mlp,6,5,114.20857819211396,1.0933773700722416,0.0231117967204906,0.00018417642198368512,0.9694379462402646
sp500,close,lstm_gru,6,5,114.31266816456518,0.5380147684396175,0.02312616960274946,9.802658278510411e-05,0.9703214943127006
sp500,close,cnn1d,6,5,116.4795208617184,1.277143336569264,0.02347298283502468,0.0001450288157696337,0.9887144141947772
sp500,close,linear_regression,6,5,117.66021938768554,0.0,0.0233339339058772,0.0,0.9987365506425061
sp500,close,naive_persistence,6,5,117.80906517538835,0.0,0.0235404901785517,0.0,1.0
sp500,close,dnfs,6,5,127.29646200461418,2.097296157564705,0.025197579660183,0.0003912032131546816,1.0805319761692487
sp500,close,mlp,7,5,130.33670980949066,1.660066848207768,0.02588075397013906,0.0002803052166168252,0.9840055475228084
sp500,close,lstm_gru,7,5,130.659406483763,0.6569163187453112,0.02594433031878038,0.00010518329983015387,0.986441816768175
sp500,close,naive_persistence,7,5,132.4552591574384,0.0,0.026080140311172402,0.0,1.0
sp500,close,cnn1d,7,5,132.78581840812083,1.4952728163994808,0.026264695699885883,0.00022298950529184676,1.0024956294886676
sp500,close,linear_regression,7,5,134.07830480697453,0.0,0.0260494893580902,0.0,1.0122535387410094
sp500,close,dnfs,7,5,142.4401768540532,1.8535587763824757,0.027945926966601604,0.0003818877957146609,1.0753833238493502
sp500,close,mlp,8,5,139.86105399903823,1.7043727512160618,0.027474236819829738,0.00026536537132902665,0.979481356593374
sp500,close,lstm_gru,8,5,140.015669110973,0.9637698049963477,0.02752737616191318,0.0001512220666995959,0.9805641642460945
sp500,close,cnn1d,8,5,142.0308299674223,1.6225350448873246,0.0278110696945294,0.00030289751610536005,0.9946768313038046
sp500,close,naive_persistence,8,5,142.79093017704136,0.0,0.027816188569355298,0.0,1.0
sp500,close,linear_regression,8,5,148.7830940826887,0.0,0.028753452464732498,0.0,1.0419645974588012
sp500,close,dnfs,8,5,155.34081466873502,2.753074332397,0.03020951674013996,0.0005641458603461865,1.0878899274354015
sp500,close,lstm_gru,9,5,145.07977832324272,1.036084824485228,0.02973582770227094,0.00017567405416914653,0.9797073116146995
sp500,close,mlp,9,5,145.08085201711134,1.750233550148391,0.029684580644367083,0.000285900640646684,0.9797145621477903
sp500,close,linear_regression,9,5,145.3094414739107,0.0,0.029706530428171403,0.0,0.9812582008600401
sp500,close,cnn1d,9,5,147.03186846795737,1.7636018696467284,0.0299890032542336,0.00036160986389123,0.9928895552727155
sp500,close,naive_persistence,9,5,148.08481737686557,0.0,0.0300486775312682,0.0,1.0
sp500,close,dnfs,9,5,161.4832888247054,3.5215279651796507,0.03257641131817804,0.0007394391589602815,1.090478360207189
sp500,close,mlp,10,5,151.26259802805785,2.4942615093543306,0.03222971979107972,0.00038402570030089667,0.9765838175445911
sp500,close,lstm_gru,10,5,151.6461410880696,1.2417874085577738,0.03234537831664354,0.00023851752977268782,0.9790600539085175
sp500,close,cnn1d,10,5,154.4129166268454,2.077140101907276,0.0326891739674183,0.0004436524415917623,0.9969229509707871
sp500,close,naive_persistence,10,5,154.88951927175583,0.0,0.0326236374519882,0.0,1.0
sp500,close,linear_regression,10,5,158.96639686942171,0.0,0.0332240962720306,0.0,1.026321197307824
sp500,close,dnfs,10,5,171.2843633428435,4.026916610336103,0.03547996532097518,0.0008476216556866607,1.1058486342276184
sp500,close,linear_regression,11,5,163.8713095972314,0.0,0.0348897636296237,0.0,0.9674315927413069
sp500,close,mlp,11,5,164.44119333352384,2.6390992998151446,0.03501092297483026,0.0004142504297565931,0.9707959615990027
sp500,close,lstm_gru,11,5,165.25647206211255,1.353615281766721,0.03516087601400094,0.0002812135089745442,0.9756090457249872
sp500,close,cnn1d,11,5,167.948562470325,2.4419388753575215,0.03552063943171426,0.0005323383074160101,0.991502085927215
sp500,close,naive_persistence,11,5,169.3880072004749,0.0,0.0355316696097247,0.0,1.0
sp500,close,dnfs,11,5,185.67136223570202,4.56009102447039,0.03834067762081506,0.0009272885148743162,1.0961305071377065
sp500,close,mlp,12,5,169.24143374122667,2.5460590057608328,0.03524084724243296,0.0004140876082967581,0.9687826176155978
sp500,close,lstm_gru,12,5,169.71680817848008,1.6355508202897073,0.03534491642440398,0.00032881437518921875,0.9715037863122307
sp500,close,cnn1d,12,5,172.4717342618889,2.7163502799325383,0.03573921324538428,0.0006062238763823101,0.9872737100444011
sp500,close,linear_regression,12,5,172.5191475185146,0.0,0.0351949313969281,0.0,0.9875451160343417
sp500,close,naive_persistence,12,5,174.69495288609707,0.0,0.0358058321929151,0.0,1.0
sp500,close,dnfs,12,5,192.92220909740703,5.774306384435656,0.03903641949173114,0.0011474627037075889,1.1043376234412126
sp500,close,mlp,13,5,181.74600993420393,2.29694728449186,0.03812101396946046,0.000409512124361206,0.9785896144651843
sp500,close,lstm_gru,13,5,182.3169262277915,1.5963751189185935,0.03826025113163778,0.00029538254490226097,0.9816636448432711
sp500,close,cnn1d,13,5,185.24063750119927,2.812778370085218,0.038680437475499464,0.0005711629911157878,0.9974060178884201
sp500,close,naive_persistence,13,5,185.72239807953733,0.0,0.0385543319204775,0.0,1.0
sp500,close,linear_regression,13,5,186.115843056521,0.0,0.038192894225367,0.0,1.002118457337683
sp500,close,dnfs,13,5,208.59789180114194,4.37015365590299,0.04256279200706754,0.0009537917755885267,1.1231703551006702
sp500,close,linear_regression,14,5,173.6475351276821,0.0,0.0376501433244014,0.0,0.9420677481951703
sp500,close,mlp,14,5,178.23092085415,2.1089251504652933,0.038807445083923406,0.00039319458233043325,0.9669334041762274
sp500,close,lstm_gru,14,5,178.4647562753005,1.801568704609719,0.03889324620738064,0.00036679792914160006,0.9682020015593664
sp500,close,cnn1d,14,5,181.76750083510646,3.0091030145178235,0.03930815923910014,0.0006286774348299545,0.9861199589207104
sp500,close,naive_persistence,14,5,184.3259526295843,0.0,0.0393901287173368,0.0,1.0
sp500,close,dnfs,14,5,208.84366662407956,5.500383721471378,0.04362692672431962,0.0011595929152148543,1.1330128158554282
sp500,close,mlp,15,5,177.22712643230935,2.1456669860860313,0.03778267167526432,0.00040197011125240635,0.9507654981508942
sp500,close,lstm_gru,15,5,177.94263508795967,2.4207927616489138,0.037935706970423325,0.00045137172058645167,0.9546039677865258
sp500,close,linear_regression,15,5,180.71624458486545,0.0,0.037613436164904,0.0,0.9694834744855688
sp500,close,cnn1d,15,5,182.28642026356457,3.1758143471517086,0.038518129693062744,0.0006204292370681219,0.9779069528288403
sp500,close,naive_persistence,15,5,186.4046673727552,0.0,0.0386943558129825,0.0,1.0
sp500,close,dnfs,15,5,214.28764785093972,6.935201529937228,0.0435903114817971,0.0013597475697587939,1.149583059647464
sp500,close,linear_regression,16,5,168.66748234502393,0.0,0.0355040492032272,0.0,0.9070765510472227
sp500,close,lstm_gru,16,5,178.41087181707783,2.8597879666910093,0.037456407479262675,0.0005469396302168194,0.959475507828599
sp500,close,mlp,16,5,179.90843981547545,1.520210069686568,0.03754065803398182,0.0003219759282921819,0.9675292760835047
sp500,close,cnn1d,16,5,182.68039474721886,4.149480791622231,0.038042016781927576,0.0006055623576861861,0.9824365675435194
sp500,close,naive_persistence,16,5,185.9462491344273,0.0,0.0382282128335626,0.0,1.0
sp500,close,dnfs,16,5,214.39704238463406,9.284623360470482,0.043272347867418334,0.0018344064624317424,1.1530054700357986
sp500,close,lstm_gru,17,5,174.3716926908301,2.9666002734872117,0.03595689779411556,0.0005619383696596172,0.966333606486938
sp500,close,mlp,17,5,176.33108141921133,1.3026295606339602,0.036156109551020374,0.00029782802240136617,0.9771921532337637
sp500,close,linear_regression,17,5,179.11539348312056,0.0,0.0362358538405653,0.0,0.9926222627703674
sp500,close,cnn1d,17,5,179.12144359110783,4.711890367540193,0.03663625763043242,0.0006572037773804466,0.9926557912782392
sp500,close,naive_persistence,17,5,180.4466816845483,0.0,0.0366406662054102,0.0,1.0
sp500,close,dnfs,17,5,212.29183020069166,8.754571255305068,0.042317139874854484,0.0017121132980880615,1.1764795463061721
sp500,close,linear_regression,18,5,186.20535057464815,0.0,0.0378743603954674,0.0,0.9366788813285838
sp500,close,lstm_gru,18,5,193.85454056263714,2.883312895879822,0.0395460119144042,0.0005352731733032759,0.975157016886493
sp500,close,mlp,18,5,196.88365861018548,0.8826273198028616,0.039936173935250716,0.00019540032873014812,0.990394553807068
sp500,close,cnn1d,18,5,197.80656659125154,5.019113591666597,0.04006920578032772,0.0007287793734176041,0.9950371079152414
sp500,close,naive_persistence,18,5,198.79315556953176,0.0,0.0401683755529517,0.0,1.0
sp500,close,dnfs,18,5,228.26753274942294,11.180800795065071,0.0454857596261304,0.00207474887032831,1.1482665592557684
sp500,close,linear_regression,19,5,194.72913629173547,0.0,0.0397026876407445,0.0,0.959471389604577
sp500,close,lstm_gru,19,5,197.15482912480223,3.197678292692875,0.04059995088123544,0.0005894135734161692,0.9714232881114835
sp500,close,cnn1d,19,5,201.2203271759201,5.918623741180455,0.04108321780688476,0.0008542241714300832,0.9914548516403066
sp500,close,mlp,19,5,201.33269179562012,1.381957471238687,0.04117727934651398,0.00020743670350251625,0.9920084957423606
sp500,close,naive_persistence,19,5,202.9546043806355,0.0,0.0413397319033842,0.0,1.0
sp500,close,dnfs,19,5,232.29691535284888,11.114952311569658,0.046640488251485056,0.0020409228379243915,1.144575734370543
sp500,close,linear_regression,20,5,200.74247758291295,0.0,0.0410911919896428,0.0,0.9596503146844956
sp500,close,lstm_gru,20,5,202.69792418458,3.413671720420537,0.041986788221730784,0.0006323207968426973,0.9689983359365668
sp500,close,mlp,20,5,206.0874660837024,1.4235889432934266,0.042473477698832716,0.0002464533357964522,0.985202056191965
sp500,close,cnn1d,20,5,207.3925517829996,5.329307633335324,0.04253731327932928,0.0008097495559874806,0.9914410242325159
sp500,close,naive_persistence,20,5,209.1829435276235,0.0,0.042810920527792,0.0,1.0
sp500,close,dnfs,20,5,241.46793682535616,10.86178244294301,0.0485826567660626,0.001965698139150603,1.1543385553013277
sp500,indicators,cnn1d,1,5,74.38077270049497,0.444646416197233,0.01448594158243364,8.961355648408093e-05,0.9884718892013131
sp500,indicators,lstm_gru,1,5,75.07003211922131,0.16893629740493477,0.014633805905209522,4.502830757619801e-05,0.9976316967032013
sp500,indicators,mlp,1,5,75.18598614875138,0.7620513843152384,0.01465809038672464,0.0001678898230974159,0.9991726500231085
sp500,indicators,naive_persistence,1,5,75.2482427806771,0.0,0.0146733725582572,0.0,1.0
sp500,indicators,dnfs,1,5,77.09316529635757,1.5571486204411462,0.01504413531776994,0.0003273965907414926,1.0245178152672318
sp500,indicators,linear_regression,1,5,79.44959232967626,0.0,0.0157748714427848,0.0,1.055833191497171
sp500,indicators,cnn1d,2,5,64.19883061746478,0.9008350792248065,0.01271794428317696,0.00017268168481750112,0.9978870804247771
sp500,indicators,lstm_gru,2,5,64.20349442960918,0.4612034446197174,0.01286411953951932,0.00011437976553215242,0.9979595733010441
sp500,indicators,naive_persistence,2,5,64.33476480138097,0.0,0.012806493348279598,0.0,1.0
sp500,indicators,mlp,2,5,64.6175048704543,1.211859788056237,0.01287024945595694,0.0002862477254754357,1.0043948255650925
sp500,indicators,dnfs,2,5,70.5903491498201,5.015956086542602,0.01415061070274826,0.0009036083223393568,1.0972348988568128
sp500,indicators,linear_regression,2,5,71.58366517289592,0.0,0.014173305832463002,0.0,1.1126747007453013
sp500,indicators,cnn1d,3,5,92.11130216894244,1.8676830260684358,0.01824660067367952,0.0003210249632543868,0.9759383854125124
sp500,indicators,linear_regression,3,5,92.6698617979919,0.0,0.0190219764359011,0.0,0.9818564407400914
sp500,indicators,mlp,3,5,93.38818298627318,1.9215379164169697,0.01852726335493618,0.0004096594115473957,0.9894672029830683
sp500,indicators,lstm_gru,3,5,93.52549182535735,0.8385672767042714,0.0186713745861161,0.0001814202982067168,0.9909220186632645
sp500,indicators,naive_persistence,3,5,94.38229251532982,0.0,0.0187071327287123,0.0,1.0
sp500,indicators,dnfs,3,5,105.23620112933204,8.385360241644637,0.02105635629029978,0.0015205276327298679,1.1149994169959296
sp500,indicators,cnn1d,4,5,106.31768500197404,2.6571883107117507,0.02130955999325156,0.0004575616212200487,0.9677100688218969
sp500,indicators,mlp,4,5,108.69291809546928,2.539587443056187,0.02178026736056282,0.0005278504672108638,0.9893295856532844
sp500,indicators,lstm_gru,4,5,109.35720297210727,0.9934303271323605,0.022136136991941203,0.00021825112917014572,0.9953759472127631
sp500,indicators,naive_persistence,4,5,109.86522557464612,0.0,0.0221091145434559,0.0,1.0
sp500,indicators,linear_regression,4,5,120.9057808760804,0.0,0.0244055981883296,0.0,1.1004918093390066
sp500,indicators,dnfs,4,5,126.0325537406361,10.93758232053844,0.025544790800535698,0.0020312743030312845,1.1471560093872046
sp500,indicators,cnn1d,5,5,109.85753100175263,2.9335456074485204,0.0226849717600132,0.0005130063684674629,0.950270544633294
sp500,indicators,mlp,5,5,113.08124651075889,2.954573083262956,0.023350223547875498,0.0006091089443983605,0.9781557689283611
sp500,indicators,lstm_gru,5,5,114.2621389864579,1.3403231800574922,0.02381022573172518,0.00035284574026489264,0.9883705200319332
sp500,indicators,naive_persistence,5,5,115.60658343266473,0.0,0.0239444294248654,0.0,1.0
sp500,indicators,linear_regression,5,5,122.37223566114544,0.0,0.026500836085541,0.0,1.0585230704652853
sp500,indicators,dnfs,5,5,139.25932252914015,12.627312490161572,0.028745921770370542,0.002390595987971763,1.2045968178815007
sp500,indicators,cnn1d,6,5,109.42034104744494,3.1010937334563704,0.02310126318058776,0.0005677874187078361,0.9267294940791867
sp500,indicators,mlp,6,5,114.18240804375827,3.6737617958917292,0.0240250066797247,0.0007761130805545259,0.9670615557051974
sp500,indicators,lstm_gru,6,5,115.53362649536436,1.2770044311207744,0.0244922971115737,0.0003349759837264801,0.9785056252452877
sp500,indicators,naive_persistence,6,5,118.0714995546427,0.0,0.0248357877865613,0.0,1.0
sp500,indicators,linear_regression,6,5,128.64867760132634,0.0,0.0271873478568558,0.0,1.0895828213123406
sp500,indicators,dnfs,6,5,150.95629697816156,13.14900666162575,0.03113852428638684,0.002534395438984993,1.2785159631880512
sp500,indicators,cnn1d,7,5,114.76376729299182,3.6726309054265025,0.02332096709124454,0.0006417779950019638,0.9108420919568847
sp500,indicators,mlp,7,5,121.58438807712764,3.7877653743640547,0.02464302791063022,0.0007824791607675439,0.964975104927837
sp500,indicators,lstm_gru,7,5,122.66609889867561,1.8575052737438986,0.02499333341029402,0.0004025337585216491,0.9735602862165947
sp500,indicators,naive_persistence,7,5,125.99743501799458,0.0,0.0254747123592719,0.0,1.0
sp500,indicators,linear_regression,7,5,142.66243128532463,0.0,0.028267616344611602,0.0,1.1322645676473495
sp500,indicators,dnfs,7,5,168.1221003472061,15.062251276691347,0.0336876219065228,0.003119971373637254,1.3343295466546237
sp500,indicators,cnn1d,8,5,118.17236552875201,2.8278835594954375,0.02413976067015754,0.0005304161534093474,0.9205977764230451
sp500,indicators,mlp,8,5,123.82892469287182,4.133624146938076,0.025145862849041002,0.0008346704310729651,0.9646640500005772
sp500,indicators,lstm_gru,8,5,125.99561320784774,2.1704947629482008,0.02584003759450172,0.0005536891828122455,0.9815431961542764
sp500,indicators,naive_persistence,8,5,128.3648174644818,0.0,0.026123459180836202,0.0,1.0
sp500,indicators,linear_regression,8,5,138.14044120763668,0.0,0.027261791838905,0.0,1.0761550083289744
sp500,indicators,dnfs,8,5,174.78966221260512,11.770595313081914,0.03526078436436938,0.0026199423682604253,1.3616633098159387
sp500,indicators,cnn1d,9,5,121.70219753406998,4.025953231112535,0.026320146532151322,0.0007572419506448073,0.8980204856678444
sp500,indicators,mlp,9,5,130.0003745396313,5.822819052962934,0.02780293918970806,0.0011903899675042018,0.959251368065065
sp500,indicators,lstm_gru,9,5,131.9233413991088,2.3336997236799295,0.02855303653570502,0.0005722710920261477,0.973440624036287
sp500,indicators,naive_persistence,9,5,135.5227408242941,0.0,0.028938027091961797,0.0,1.0
sp500,indicators,linear_regression,9,5,149.88051589636012,0.0,0.031232853285523797,0.0,1.105943659231929
sp500,indicators,dnfs,9,5,191.8455109747039,14.682561465613897,0.03951246979121204,0.003299163905180906,1.4155964512511783
sp500,indicators,cnn1d,10,5,125.86983672378202,3.858672331646468,0.02642918947337718,0.0008098588249589652,0.8773538278017016
sp500,indicators,mlp,10,5,136.339761372246,6.160323139819365,0.028369434405405382,0.0012276039840653096,0.950332618481182
sp500,indicators,lstm_gru,10,5,137.86195385846588,4.416954980277369,0.028878623770902317,0.0007816784890050004,0.9609427967351406
sp500,indicators,naive_persistence,10,5,143.4653075363694,0.0,0.0296236991757562,0.0,1.0
sp500,indicators,linear_regression,10,5,146.04076085471942,0.0,0.029175948770476003,0.0,1.0179517498869692
sp500,indicators,dnfs,10,5,208.54236969416928,16.529999548469306,0.0420929793566012,0.003705785200867366,1.4536083550464103
sp500,indicators,cnn1d,11,5,136.80171377389166,3.088786968904735,0.02783517289671832,0.0007599077602564062,0.8867641386926222
sp500,indicators,linear_regression,11,5,148.95526384142616,0.0,0.0305237628088606,0.0,0.9655448210421713
sp500,indicators,lstm_gru,11,5,149.32757222628086,3.5645459355408478,0.030438996621734722,0.0006444152747980618,0.9679581659858567
sp500,indicators,mlp,11,5,151.77346238621502,6.595941980362134,0.03053313045985178,0.001384060422092184,0.9838127018770926
sp500,indicators,naive_persistence,11,5,154.270688004571,0.0,0.0312863408985336,0.0,1.0
sp500,indicators,dnfs,11,5,219.11337975405496,23.261890947668924,0.044100371825315975,0.005142415938045743,1.420317641596067
sp500,indicators,cnn1d,12,5,145.33595321512672,4.223633921896374,0.02854543058948844,0.000922442237058592,0.9118652059958023
sp500,indicators,lstm_gru,12,5,155.9327075254809,3.670217237595714,0.030796237897359503,0.0006551201722907425,0.9783512429215391
sp500,indicators,naive_persistence,12,5,159.3831547245106,0.0,0.0313772725780999,0.0,1.0
sp500,indicators,linear_regression,12,5,159.58308015152534,0.0,0.0312706474220828,0.0,1.0012543698696408
sp500,indicators,mlp,12,5,159.71249082086482,5.901773665655908,0.03115219851400618,0.0012500409800177876,1.0020663168383348
sp500,indicators,dnfs,12,5,231.50747635483472,23.948544884908298,0.045404646221014436,0.005108743206264731,1.4525216090432456
sp500,indicators,cnn1d,13,5,163.21113228512266,4.521093498687306,0.03209479200381294,0.001107419267094518,0.9136228715350196
sp500,indicators,linear_regression,13,5,174.28375504455332,0.0,0.0344724964357255,0.0,0.9756051717571792
sp500,indicators,lstm_gru,13,5,175.41428999047403,3.0121542831502786,0.0344094739300444,0.0005492529836658518,0.9819336774736787
sp500,indicators,naive_persistence,13,5,178.64168834883057,0.0,0.0349338125200169,0.0,1.0
sp500,indicators,mlp,13,5,179.2402247142781,6.124863012780824,0.03469494210769632,0.001151011266895414,1.0033504853821062
sp500,indicators,dnfs,13,5,246.38852098596718,27.8897943510253,0.04843264277459508,0.00557939013197483,1.3792330517210996
sp500,indicators,cnn1d,14,5,174.72252887468662,4.330881974212323,0.03411976673848316,0.0011109363162591327,0.9203034135605517
sp500,indicators,lstm_gru,14,5,187.17025420466263,3.2540414049272592,0.03658773463558422,0.0006201369188006213,0.9858684221832075
sp500,indicators,naive_persistence,14,5,189.8531791800104,0.0,0.03697590022721,0.0,1.0
sp500,indicators,mlp,14,5,192.36674622866252,5.612134001606617,0.03689166280755748,0.0009960311083252625,1.0132395309865676
sp500,indicators,linear_regression,14,5,195.56689366587565,0.0,0.0381090255016337,0.0,1.030095437487764
sp500,indicators,dnfs,14,5,258.9383254058271,28.70453861344948,0.050811259004670886,0.005442873313309526,1.363887223401791
sp500,indicators,cnn1d,15,5,184.18342620475838,4.940129575967401,0.03615756559012364,0.001187363880199489,0.9195612701387897
sp500,indicators,lstm_gru,15,5,197.67463333376816,4.6944301862459055,0.03879208411608592,0.0008733905689668377,0.986917990658615
sp500,indicators,naive_persistence,15,5,200.29489299495995,0.0,0.0392197795133196,0.0,1.0
sp500,indicators,mlp,15,5,200.96698591466924,5.237706121300304,0.03879632682680252,0.0009928162367901512,1.0033555170062485
sp500,indicators,linear_regression,15,5,201.53704946917625,0.0,0.0391897070539255,0.0,1.0062016382726622
sp500,indicators,dnfs,15,5,279.08785467113705,29.62567140383986,0.05454718064226656,0.0055762812608561715,1.393384776306602
sp500,indicators,cnn1d,16,5,191.98984094551778,5.636684232972719,0.03789358755272918,0.001206817225305719,0.9071297528792133
sp500,indicators,lstm_gru,16,5,206.9271780209877,6.197716878685197,0.04081982379975726,0.0011302069365249597,0.9777069397929197
sp500,indicators,mlp,16,5,210.27986001255167,5.821915535455735,0.04078279279123068,0.0011658090709144862,0.9935479737325906
sp500,indicators,naive_persistence,16,5,211.64540170372047,0.0,0.0415084956985202,0.0,1.0
sp500,indicators,linear_regression,16,5,212.93341898803823,0.0,0.0412550716744505,0.0,1.0060857324276804
sp500,indicators,dnfs,16,5,290.29848544605227,32.071179527825095,0.05691242164183866,0.006117306734998754,1.3716267072621648
sp500,indicators,cnn1d,17,5,210.3743390060318,4.781392563034629,0.04119527971971976,0.0009790483534685857,0.9201005609474885
sp500,indicators,lstm_gru,17,5,223.73868465897766,6.407607851343224,0.043687775574244705,0.001114564075119317,0.9785513301338342
sp500,indicators,mlp,17,5,225.51641566122402,4.818263956383474,0.04354075774872228,0.0009660059383613075,0.9863264765709372
sp500,indicators,naive_persistence,17,5,228.64276790505966,0.0,0.0442919720505946,0.0,1.0
sp500,indicators,linear_regression,17,5,234.0650620278866,0.0,0.044425748682248,0.0,1.0237151350664129
sp500,indicators,dnfs,17,5,307.14931322073545,32.602919119803516,0.05951396197387052,0.006089469869616877,1.343358970130533
sp500,indicators,cnn1d,18,5,221.77556740221843,4.2730335605259055,0.0429790459820919,0.0007127949629159531,0.9183064981383542
sp500,indicators,lstm_gru,18,5,235.33607864368642,5.615213348264391,0.04580511446253318,0.0008458851527857642,0.9744565318728352
sp500,indicators,mlp,18,5,236.43537748021618,6.0889652562781444,0.04541089975510394,0.0014696305219144372,0.9790084005786894
sp500,indicators,linear_regression,18,5,241.05119808402247,0.0,0.0466021835949016,0.0,0.9981211374070378
sp500,indicators,naive_persistence,18,5,241.50495270567632,0.0,0.0467825544449258,0.0,1.0
sp500,indicators,dnfs,18,5,314.36153965724804,39.08700743099833,0.06115148989819323,0.007856254085542993,1.3016774030318234
sp500,indicators,cnn1d,19,5,225.15389253983653,4.609192374876839,0.04460358357020186,0.0005586963910917554,0.9277497458074618
sp500,indicators,lstm_gru,19,5,238.59864222596457,4.6418751104149045,0.04750643756429364,0.0007331053564562554,0.9831490238880896
sp500,indicators,mlp,19,5,238.94644731144882,7.137023438703199,0.0467173494473006,0.001639724566048031,0.9845821595803429
sp500,indicators,naive_persistence,19,5,242.6881748632279,0.0,0.0480391710250885,0.0,1.0
sp500,indicators,linear_regression,19,5,253.58509888344287,0.0,0.0488117638183525,0.0,1.0449009269873002
sp500,indicators,dnfs,19,5,321.14542341286364,40.26840824782388,0.0634026486770194,0.0080660147325932,1.3232841838868004
sp500,indicators,cnn1d,20,5,230.14946692175653,3.872447604869403,0.044229445390707375,0.00043364159857069823,0.9259639905451735
sp500,indicators,linear_regression,20,5,230.43230731229318,0.0,0.0445139399256013,0.0,0.927101946762112
sp500,indicators,lstm_gru,20,5,242.59679137783468,5.379381908264488,0.046890630163678435,0.0007378639416638158,0.9760435079089007
sp500,indicators,mlp,20,5,243.0936839488661,7.131880954957836,0.046368090646318236,0.0016434327419551646,0.9780426636492914
sp500,indicators,naive_persistence,20,5,248.55120638789964,0.0,0.0477422957245552,0.0,1.0
sp500,indicators,dnfs,20,5,333.33470893021376,39.475517604947626,0.06446254948741684,0.00810049840012361,1.3411108068009028
wig20,close,linear_regression,1,5,37.39173615373549,0.0,0.012869665955982,0.0,0.9499369820934858
wig20,close,lstm_gru,1,5,39.2212500392878,0.10356447558011239,0.013387975746746519,2.748885661091291e-05,0.9964157786915964
wig20,close,dnfs,1,5,39.25450612540136,0.18929688885929372,0.013375710944841222,6.462740256783486e-05,0.9972606494927024
wig20,close,cnn1d,1,5,39.25519971676819,0.35797186979568907,0.013380058328834479,9.321203959258269e-05,0.9972782701799876
wig20,close,naive_persistence,1,5,39.36233335324098,0.0,0.0134272619159815,0.0,1.0
wig20,close,mlp,1,5,39.39187991356967,0.4714230704485392,0.01342253921118454,0.0001254557405557401,1.0007506303059714
wig20,close,cnn1d,2,5,47.102391324436205,0.6063283151556964,0.017235972994567177,0.000176013451632132,0.9939671896204227
wig20,close,dnfs,2,5,47.35267355821491,0.29282197431712664,0.017281334594584898,9.764531188662203e-05,0.9992487118855541
wig20,close,naive_persistence,2,5,47.38827580659249,0.0,0.0173451572915458,0.0,1.0
wig20,close,lstm_gru,2,5,47.4409911656104,0.24994421348343066,0.01733980452255634,5.877140678675052e-05,1.0011124135267775
wig20,close,mlp,2,5,47.71876254063303,0.45465928069453815,0.01744527630036272,0.00012900948360597146,1.0069740189617653
wig20,close,linear_regression,2,5,47.73765506033227,0.0,0.0174370630979454,0.0,1.00737269393733
wig20,close,cnn1d,3,5,57.34871539930159,0.704169212162207,0.02240125681513978,0.00017170157792314482,0.9920169927136042
wig20,close,dnfs,3,5,57.76556488121555,0.25526512468716367,0.02248562917383238,8.62270913148823e-05,0.9992276471560494
wig20,close,naive_persistence,3,5,57.81021476499869,0.0,0.0225383659361829,0.0,1.0
wig20,close,lstm_gru,3,5,57.857286143588155,0.3205971159074748,0.02252870168531738,7.459600972996736e-05,1.000814239815244
wig20,close,mlp,3,5,58.28321110318434,0.604455009898233,0.022689368032472217,0.00014831682249132852,1.0081818816987345
wig20,close,linear_regression,3,5,59.29612952114892,0.0,0.0228501036628391,0.0,1.0257033253066183
wig20,close,cnn1d,4,5,67.99832632137719,1.1140630118864914,0.02587547470614606,0.00025027184329994755,0.984813391126977
wig20,close,dnfs,4,5,68.65379504292736,0.6841004746872146,0.02600725677277298,0.0001802069948804517,0.9943064832274592
wig20,close,naive_persistence,4,5,69.04691481049309,0.0,0.026166541168328,0.0,1.0
wig20,close,mlp,4,5,69.17807453038105,1.3206500446686489,0.026218887356656822,0.0003067152874351055,1.001899573938212
wig20,close,lstm_gru,4,5,69.50305214676057,0.6158928504976696,0.02621030649728954,0.00013788809642225805,1.0066061943175795
wig20,close,linear_regression,4,5,70.57212296233702,0.0,0.026312565779449897,0.0,1.0220894468062771
wig20,close,cnn1d,5,5,77.39839504538281,1.599178224158799,0.028537871475494157,0.0003794258621416162,0.988847062965222
wig20,close,naive_persistence,5,5,78.27135048901383,0.0,0.0287758126789776,0.0,1.0
wig20,close,lstm_gru,5,5,78.76157680258028,0.8046022239351612,0.028816163803366702,0.00018465285263646628,1.0062631641143749
wig20,close,linear_regression,5,5,78.83137469178352,0.0,0.028532863377768603,0.0,1.0071549066072176
wig20,close,dnfs,5,5,78.83163839737813,0.41619051362242065,0.02884371066020582,0.00011654674497614783,1.007158275727502
wig20,close,mlp,5,5,78.84176484273098,1.4688524883815142,0.02891848445008276,0.0003546788314615121,1.0072876518694696
wig20,close,cnn1d,6,5,78.39594947472088,1.2115771493356509,0.029702115974130784,0.0003078489268869639,0.9915922766130603
wig20,close,naive_persistence,6,5,79.06066971648328,0.0,0.0298117524737207,0.0,1.0
wig20,close,dnfs,6,5,79.34571930199135,0.3617787005532012,0.02981583223276362,0.00013003339551708045,1.00360545371713
wig20,close,lstm_gru,6,5,79.72432531933433,0.843604736122346,0.029877080368992483,0.00020312618900732605,1.0083942572865998
wig20,close,mlp,6,5,79.74934736789429,0.8853558686888556,0.03003432520835216,0.00018719609737318058,1.0087107490219935
wig20,close,linear_regression,6,5,80.43226794294105,0.0,0.0297317076870173,0.0,1.0173486795821034
wig20,close,cnn1d,7,5,95.28454358415131,2.0242170488338425,0.03650251160670734,0.0004776043166895786,0.9879426404267221
wig20,close,naive_persistence,7,5,96.44744510976372,0.0,0.0367492372446746,0.0,1.0
wig20,close,mlp,7,5,96.97454605950279,1.6873972291883874,0.036892590875107975,0.00045666279194427945,1.0054651623911777
wig20,close,lstm_gru,7,5,97.01168874095212,0.9656800999806064,0.03678721929372974,0.00025075294238469445,1.0058502703783003
wig20,close,dnfs,7,5,98.11971133752945,0.5156893616902355,0.03711286455172712,0.00016961275995998885,1.01733862650133
wig20,close,linear_regression,7,5,98.22320534739043,0.0,0.036741535127898,0.0,1.0184116876875875
wig20,close,cnn1d,8,5,101.36699660022158,1.8279721015095614,0.038697715849143124,0.0004767645461936472,0.9986037656698283
wig20,close,linear_regression,8,5,101.4757423336856,0.0,0.0381394182848725,0.0,0.999675060100756
wig20,close,naive_persistence,8,5,101.50872656906932,0.0,0.0386512587816093,0.0,1.0
wig20,close,lstm_gru,8,5,102.2048689479297,1.032164470470129,0.038793183472540384,0.0002699853633611322,1.0068579559845694
wig20,close,mlp,8,5,103.31868612332771,1.5054994213078052,0.03917531706222654,0.0004048591665449696,1.01783058083215
wig20,close,dnfs,8,5,103.66447199175482,0.304358837468974,0.03912034274351392,0.00011847245796773342,1.0212370452821973
wig20,close,cnn1d,9,5,104.33198860697792,2.6175275073831945,0.0397047872710418,0.000608644322791847,0.9952311131584317
wig20,close,naive_persistence,9,5,104.83192017166088,0.0,0.0396622281592086,0.0,1.0
wig20,close,lstm_gru,9,5,105.87746003082609,1.0908190307665964,0.03985813886890046,0.00027906484576863794,1.009973487630992
wig20,close,mlp,9,5,106.6181718806725,2.235428857966993,0.0402769892542172,0.0005916684275148745,1.017039196707326
wig20,close,dnfs,9,5,107.89850333474871,0.5792205776377497,0.04044022710854476,0.00020707673086972343,1.0292523799818445
wig20,close,linear_regression,9,5,108.33105195381181,0.0,0.0400505065014037,0.0,1.0333784955614775
wig20,close,cnn1d,10,5,114.56426249212709,3.031460274314582,0.0446010115952713,0.0006930242242849851,0.9819161678987754
wig20,close,mlp,10,5,116.64115599550817,2.796720402785287,0.04500526908289548,0.0007973886247618356,0.9997169660326083
wig20,close,naive_persistence,10,5,116.67417875121228,0.0,0.0449760290682423,0.0,1.0
wig20,close,lstm_gru,10,5,117.76813149035165,1.139864765635063,0.04507617773996512,0.00028906759371278033,1.0093761340413807
wig20,close,dnfs,10,5,118.73398223998183,1.249826695313718,0.045465695386388796,0.00036113521095530504,1.0176543217258185
wig20,close,linear_regression,10,5,123.96418698312337,0.0,0.046376953045518,0.0,1.0624817616882976
wig20,close,cnn1d,11,5,117.68237402685534,1.872979047327395,0.04705596053363472,0.0005053581715878984,0.9896828646008832
wig20,close,naive_persistence,11,5,118.90917609684394,0.0,0.0473179579512335,0.0,1.0
wig20,close,mlp,11,5,118.93802996398149,2.052122796532165,0.04718456740304664,0.0006554456650428944,1.000242654672118
wig20,close,lstm_gru,11,5,119.39289291282539,1.0928640314814282,0.047196980296362726,0.0002751499032767584,1.0040679519601374
wig20,close,dnfs,11,5,121.73080948081511,1.3510640479539036,0.0479453746407892,0.0004445307490560988,1.0237293157398815
wig20,close,linear_regression,11,5,123.88819194960004,0.0,0.0481065990464741,0.0,1.0418724274794489
wig20,close,cnn1d,12,5,115.83572636377565,2.8660074306810737,0.04518414023314618,0.0006144997033683152,0.9697993696774126
wig20,close,mlp,12,5,117.66003353585111,2.5383393864132153,0.045464554204529925,0.0007220960275163998,0.9850728263311972
wig20,close,naive_persistence,12,5,119.44297963640297,0.0,0.0460618829994859,0.0,1.0
wig20,close,lstm_gru,12,5,120.04546896906956,1.27803542139155,0.04583026956480364,0.00032956490954891575,1.0050441585976895
wig20,close,dnfs,12,5,120.87184122591343,1.6984122927755028,0.046334758821520515,0.0005194761968861591,1.0119627088495284
wig20,close,linear_regression,12,5,127.1833569142037,0.0,0.0475153144809335,0.0,1.0648039533287201
wig20,close,cnn1d,13,5,119.28270340826569,2.176747184341667,0.046659574176798356,0.0005495146219878366,0.978533359341742
wig20,close,mlp,13,5,120.9118094916852,3.3252272148455226,0.046921469697660825,0.0009959249702998078,0.9918976997111614
wig20,close,naive_persistence,13,5,121.89947564844083,0.0,0.04741199112853,0.0,1.0
wig20,close,lstm_gru,13,5,122.38762259680853,1.3057037854449007,0.04717166910174546,0.00033079330233328787,1.0040045040864285
wig20,close,dnfs,13,5,123.99186588231434,0.9968201163617597,0.04784719275128876,0.0003632172799008697,1.0171648829721627
wig20,close,linear_regression,13,5,129.10650612804235,0.0,0.0487085770533125,0.0,1.0591227356907313
wig20,close,cnn1d,14,5,118.59912736631445,2.7054735467785456,0.04624232558353212,0.0005968558704250511,0.9874043775353648
wig20,close,naive_persistence,14,5,120.1120129347074,0.0,0.0466893911782986,0.0,1.0
wig20,close,lstm_gru,14,5,120.9334914309411,1.710648958085464,0.04656505572108346,0.00045056649775930064,1.0068392700793405
wig20,close,mlp,14,5,121.18802138467406,4.150864368073859,0.046742923394781574,0.001149021034668801,1.0089583749674695
wig20,close,dnfs,14,5,124.73427749193897,1.0298986443288973,0.04777362038150176,0.0004075975762200284,1.0384829497424561
wig20,close,linear_regression,14,5,127.20006487798142,0.0,0.0480238375799626,0.0,1.0590120152854907
wig20,close,cnn1d,15,5,120.4712015641613,2.2249021560356015,0.04701606759941642,0.0006018092475961835,0.9842651199006218
wig20,close,naive_persistence,15,5,122.39710534121632,0.0,0.0476125460523086,0.0,1.0
wig20,close,mlp,15,5,122.81910904839769,3.7984261920287286,0.0474535602444522,0.0009702927740242965,1.0034478242439224
wig20,close,lstm_gru,15,5,123.94847093638896,1.6028882171023133,0.047721289557977234,0.0004155436026927607,1.0126748552659621
wig20,close,dnfs,15,5,126.78836876544965,1.0441840753325398,0.04870328277431306,0.0004180332424574766,1.03587718363103
wig20,close,linear_regression,15,5,130.02869937345517,0.0,0.0489036715883113,0.0,1.0623510989983271
wig20,close,cnn1d,16,5,128.7120345205516,2.606201792596971,0.050396463830972085,0.000686682164969538,0.997047997186457
wig20,close,naive_persistence,16,5,129.09311776741004,0.0,0.0503875928791754,0.0,1.0
wig20,close,mlp,16,5,130.63841946547672,4.226865834883328,0.050625991224021095,0.0010249819189660455,1.0119704421489835
wig20,close,lstm_gru,16,5,131.2240082292431,1.8022025824055046,0.050726007948506145,0.0005007400467197068,1.0165066155244027
wig20,close,dnfs,16,5,134.52817978704402,0.9448163523554964,0.051808434782974554,0.00038895846305875216,1.0421018727692863
wig20,close,linear_regression,16,5,136.25581831592748,0.0,0.0514909061095256,0.0,1.0554847591598389
wig20,close,cnn1d,17,5,136.2184570302607,2.5727082754200756,0.05400482708371927,0.0006978726424285802,0.9865119286049271
wig20,close,mlp,17,5,137.69444923664653,3.949921197450083,0.05412089843849362,0.0009041353164639116,0.9972012577154752
wig20,close,naive_persistence,17,5,138.080902096028,0.0,0.0543891423450477,0.0,1.0
wig20,close,lstm_gru,17,5,140.81345273336402,2.1501666008473745,0.05476946264562356,0.0005843363407905795,1.0197894900442905
wig20,close,dnfs,17,5,141.92993676434457,1.0277498779062253,0.05535235366623772,0.0003245828012163623,1.027875213805018
wig20,close,linear_regression,17,5,147.22187272319127,0.0,0.05578579951467,0.0,1.0662001079686327
wig20,close,naive_persistence,18,5,137.56333773842812,0.0,0.0542819207554016,0.0,1.0
wig20,close,cnn1d,18,5,139.19073036535661,2.6367086671488567,0.05479661843267812,0.0007472834074190081,1.0118301333311854
wig20,close,lstm_gru,18,5,140.57152896762878,2.503504131973594,0.0548375511045429,0.0007027761617949223,1.021867681307069
wig20,close,mlp,18,5,141.29347590071453,4.151444380466986,0.05507512655324742,0.0009208256402861311,1.0271157869793703
wig20,close,linear_regression,18,5,144.7924878683269,0.0,0.0554069358966815,0.0,1.0525514301175563
wig20,close,dnfs,18,5,145.3041319745828,1.2650299005568302,0.05620691536427016,0.0002910796817535845,1.0562707648957566
wig20,close,naive_persistence,19,5,136.57990577946683,0.0,0.0537744995033221,0.0,1.0
wig20,close,cnn1d,19,5,140.34138026002762,2.718486336159995,0.05520110611971006,0.0008820008060689406,1.0275404676778324
wig20,close,lstm_gru,19,5,140.78994046969908,2.5091192568406924,0.05490508448041502,0.0007192756703310308,1.030824700501918
wig20,close,mlp,19,5,142.154565393803,4.519514141203315,0.05532226896979094,0.0010407779599619028,1.040816103822311
wig20,close,linear_regression,19,5,144.2125624071954,0.0,0.05499540277059021,0.0,1.0558841843107791
wig20,close,dnfs,19,5,145.63641457364224,1.1929783058334358,0.05631046989257978,0.0003382586163725588,1.0663092329906774
wig20,close,naive_persistence,20,5,141.87111788799456,0.0,0.0564174866007476,0.0,1.0
wig20,close,lstm_gru,20,5,146.36189887266556,2.654231384946901,0.057567623264487,0.000759373580007481,1.03165394797422
wig20,close,cnn1d,20,5,146.41113077097145,2.9443894644406856,0.057986562033375946,0.000982229625306643,1.0320009664444965
wig20,close,mlp,20,5,148.67361939780145,4.986416448319884,0.058229482427161514,0.0011260684111689268,1.0479484592147739
wig20,close,linear_regression,20,5,151.4056297774012,0.0,0.0582332196811849,0.0,1.0672054469672538
wig20,close,dnfs,20,5,153.53830845869726,1.002845554807689,0.05960809259927038,0.00027199024717386466,1.0822379547323635
wig20,indicators,linear_regression,1,5,27.94482792721513,0.0,0.01062909933146,0.0,0.9676453454398436
wig20,indicators,dnfs,1,5,28.298978357088373,0.4888817794021517,0.01063243304277052,0.00015406237485909516,0.979908509698537
wig20,indicators,mlp,1,5,28.669734192707427,0.32998728375569447,0.010778592838433802,9.113851492585777e-05,0.9927466692164938
wig20,indicators,cnn1d,1,5,28.74325727891461,0.20579669267419148,0.010806372485577939,4.5220859444294294e-05,0.9952925525669318
wig20,indicators,lstm_gru,1,5,28.748340962319702,0.06196114618435024,0.010807065833981281,1.4622057529911126e-05,0.9954685852337795
wig20,indicators,naive_persistence,1,5,28.879204616555864,0.0,0.01081781467166,0.0,1.0
wig20,indicators,cnn1d,2,5,46.07720314047999,0.3816278249119483,0.01793795386751726,0.00010129064244902805,0.9843195379846877
wig20,indicators,mlp,2,5,46.167155674971376,0.8650092374613606,0.01801335410739318,0.00029172511143473384,0.9862411397998232
wig20,indicators,dnfs,2,5,46.597671861992175,1.1831647792401732,0.01813981950652454,0.00038477448326017466,0.9954379977994565
wig20,indicators,naive_persistence,2,5,46.81122477241407,0.0,0.0181716916453814,0.0,1.0
wig20,indicators,lstm_gru,2,5,47.026132192425464,0.18984262098974924,0.01826534254938382,3.258052299936887e-05,1.004590937773071
wig20,indicators,linear_regression,2,5,49.10833527522989,0.0,0.0188974539560609,0.0,1.0490717881017613
wig20,indicators,mlp,3,5,50.74075113810485,1.100696665252457,0.01983392785372394,0.0003811610035954845,0.9940231056871454
wig20,indicators,cnn1d,3,5,50.78417481292627,0.7553418730930392,0.019744976896209403,0.0002064162505591299,0.9948737855674816
wig20,indicators,naive_persistence,3,5,51.04584676935546,0.0,0.0198396725972618,0.0,1.0
wig20,indicators,dnfs,3,5,51.38334875737961,1.3584284202721584,0.01990983160064658,0.0003904092587272199,1.0066117423724816
wig20,indicators,lstm_gru,3,5,51.81542334405462,0.3381687652299646,0.02015653197368618,8.195763910699523e-05,1.0150761839288593
wig20,indicators,linear_regression,3,5,54.91105396117744,0.0,0.0210593762713368,0.0,1.075720307066047
wig20,indicators,cnn1d,4,5,55.538601778950955,1.1448910583717016,0.021743883528310682,0.00032753134574828503,0.9970212349392599
wig20,indicators,naive_persistence,4,5,55.70453249406914,0.0,0.0217126810916465,0.0,1.0
wig20,indicators,mlp,4,5,56.34102475659457,1.349982512948585,0.022047037709141702,0.00040751939680831056,1.0114262203455922
wig20,indicators,lstm_gru,4,5,56.811746428942726,0.5374188154364552,0.022194052276650722,0.00013438728571445386,1.019876550171056
wig20,indicators,dnfs,4,5,57.06406111392273,1.8297510443550236,0.02211640555502746,0.0005578651230984992,1.0244060682135394
wig20,indicators,linear_regression,4,5,59.70727863307737,0.0,0.0226761712009631,0.0,1.0718567405522055
wig20,indicators,cnn1d,5,5,67.76804637828357,1.134476182078887,0.02694009891203708,0.0003022544000137974,0.984494979841155
wig20,indicators,naive_persistence,5,5,68.83533970809857,0.0,0.0271350285160179,0.0,1.0
wig20,indicators,mlp,5,5,69.18158524488793,2.1012226490468806,0.02746076486894124,0.000702037805214511,1.0050300548854356
wig20,indicators,lstm_gru,5,5,69.62527319445753,0.7989531862307786,0.027435567068149303,0.0001698220904734942,1.0114756967817509
wig20,indicators,dnfs,5,5,69.89948054974892,2.4725806387030156,0.02751738110321672,0.0006593656407545577,1.01545922263423
wig20,indicators,linear_regression,5,5,76.2071821654275,0.0,0.029165608774497597,0.0,1.1070938632480027
wig20,indicators,cnn1d,6,5,80.64147174774538,1.2573299339874062,0.03165131257245722,0.00032630256076624485,0.9873829370468246
wig20,indicators,naive_persistence,6,5,81.67193165089213,0.0,0.031950230530652,0.0,1.0
wig20,indicators,lstm_gru,6,5,81.76883839250408,0.41127041073883225,0.03203516473538326,0.00010599036726946094,1.001186536667532
wig20,indicators,mlp,6,5,81.96297056620436,2.317357595402415,0.03215902295640276,0.0007735263070033238,1.0035635120833957
wig20,indicators,dnfs,6,5,82.40547352352311,2.7135042112258505,0.032132950307904376,0.0008055820251146425,1.0089815663448065
wig20,indicators,linear_regression,6,5,86.37130075500666,0.0,0.0331203249164418,0.0,1.0575395856216803
wig20,indicators,cnn1d,7,5,78.29083041490117,1.4290690006736548,0.03061719047810472,0.00035907845546919397,0.9778732882466346
wig20,indicators,lstm_gru,7,5,79.69455037586859,0.9424009816684683,0.030920308464871437,0.00014210203217636285,0.9954061237873264
wig20,indicators,mlp,7,5,79.74635452988738,2.179384984548414,0.031229056084019803,0.0007567267656625822,0.9960531714449733
wig20,indicators,naive_persistence,7,5,80.06234688676251,0.0,0.0310569708465894,0.0,1.0
wig20,indicators,dnfs,7,5,80.36489363393339,4.042993820951491,0.031204805961836956,0.001104120242698592,1.0037788893148334
wig20,indicators,linear_regression,7,5,85.06270122747826,0.0,0.0320053137877031,0.0,1.0624557552352054
wig20,indicators,cnn1d,8,5,78.67609596361254,1.6338535992635101,0.031046992642982003,0.0003848831198919165,0.9772929970922803
wig20,indicators,lstm_gru,8,5,80.36820341131458,0.7759807889738718,0.0314782589130495,7.77879913041075e-05,0.9983118941119257
wig20,indicators,naive_persistence,8,5,80.504102861369,0.0,0.0315795461808002,0.0,1.0
wig20,indicators,mlp,8,5,80.6439244124589,2.0901016925956553,0.03176970347924146,0.0007397568352971067,1.001736825156982
wig20,indicators,dnfs,8,5,82.07530450165389,3.446461222391918,0.03190214847298672,0.0010147941121151582,1.0195170380693583
wig20,indicators,linear_regression,8,5,85.90325134001279,0.0,0.0325289368481229,0.0,1.0670667492306736
wig20,indicators,cnn1d,9,5,74.68552647052357,2.0741559675831027,0.02942605166007476,0.0005675024154992396,0.9938653666980015
wig20,indicators,naive_persistence,9,5,75.14652283201825,0.0,0.029583959033908695,0.0,1.0
wig20,indicators,lstm_gru,9,5,75.38869501716815,0.5957948760470466,0.029607955106135418,0.00017874760936160538,1.0032226665456132
wig20,indicators,mlp,9,5,77.75173411205002,2.9150803307148054,0.030580060440322722,0.0010177315020723967,1.034668420864335
wig20,indicators,dnfs,9,5,77.94197432418278,3.8745844936965983,0.030280920505819604,0.0011363139197501798,1.0372000112156017
wig20,indicators,linear_regression,9,5,79.38703866856477,0.0,0.0301592161643217,0.0,1.056429967438756
wig20,indicators,naive_persistence,10,5,84.39276203180115,0.0,0.0325339629763589,0.0,1.0
wig20,indicators,lstm_gru,10,5,85.22569926527625,0.6702386768408343,0.03270176433430614,0.00027750220033859446,1.0098697709782414
wig20,indicators,cnn1d,10,5,85.41851277882756,2.0357316561446077,0.032895992418228936,0.0005695669765915,1.0121544872134876
wig20,indicators,mlp,10,5,87.04011713977829,2.2830258332362057,0.033468616517715086,0.0008866810821505678,1.031369456861473
wig20,indicators,linear_regression,10,5,88.36406825482842,0.0,0.0328637612043242,0.0,1.0470574268150008
wig20,indicators,dnfs,10,5,88.42376680398965,3.9535980602739063,0.033635586374519286,0.001329158805873065,1.0477648162607776
wig20,indicators,naive_persistence,11,5,99.67254395228176,0.0,0.0385957880876822,0.0,1.0
wig20,indicators,lstm_gru,11,5,100.89225040583486,0.6826896120536442,0.0389741761168093,0.0003765433414446298,1.0122371357766995
wig20,indicators,linear_regression,11,5,101.17804768964363,0.0,0.0379880688229011,0.0,1.015104497965685
wig20,indicators,cnn1d,11,5,102.15795244057341,1.9584541773928967,0.03945269386453248,0.0005626318064601184,1.0249357384665685
wig20,indicators,mlp,11,5,103.06357444907765,2.510256477166841,0.03967028910952996,0.0009686113062945492,1.034021711118554
wig20,indicators,dnfs,11,5,103.77476085766823,4.943942072150751,0.03978373699144104,0.0016218426122901442,1.0411569399427631
wig20,indicators,naive_persistence,12,5,109.84229353707651,0.0,0.0428870773815999,0.0,1.0
wig20,indicators,mlp,12,5,111.10255950404539,2.504178304580261,0.04325531420554342,0.0009156201221411461,1.0114734127118665
wig20,indicators,lstm_gru,12,5,111.23819086624276,0.2983168141417016,0.04321640634045491,0.0002218245512358127,1.0127081953973864
wig20,indicators,cnn1d,12,5,111.55894736453126,1.4098413834204375,0.04342537772989012,0.000411898878248139,1.015628350175293
wig20,indicators,dnfs,12,5,111.6347410370599,6.077641735950733,0.0435400262148997,0.001888821729361138,1.016318372844048
wig20,indicators,linear_regression,12,5,115.50995453636384,0.0,0.0435449489339823,0.0,1.0515981669426289
wig20,indicators,naive_persistence,13,5,109.40901692844572,0.0,0.0427533220694077,0.0,1.0
wig20,indicators,lstm_gru,13,5,111.72240424817082,0.4688418615466867,0.04339364595097892,0.0002843325720415211,1.0211443936219449
wig20,indicators,mlp,13,5,112.99196537535106,3.156826264137097,0.04371110511038056,0.0010548224933277558,1.032748200719586
wig20,indicators,cnn1d,13,5,113.14655106798254,1.508115963063567,0.0438547725152981,0.000440348690574269,1.034161116190096
wig20,indicators,dnfs,13,5,113.79787320120154,5.130876004014018,0.044035920266278325,0.0016247872375483967,1.0401142099250023
wig20,indicators,linear_regression,13,5,113.92912545563249,0.0,0.0434406200996113,0.0,1.0413138574322713
wig20,indicators,naive_persistence,14,5,112.22378496973627,0.0,0.0436453236510092,0.0,1.0
wig20,indicators,linear_regression,14,5,114.39324951773133,0.0,0.0432575144565331,0.0,1.019331593107291
wig20,indicators,lstm_gru,14,5,115.47350021582001,0.9090192427174797,0.0447838333038013,0.00039894004555142805,1.028957455382209
wig20,indicators,cnn1d,14,5,117.73997262116674,1.7418958794552462,0.04555626056193722,0.0005608863371548313,1.049153462903769
wig20,indicators,mlp,14,5,117.82442724595774,3.6274497170806996,0.0452743554350282,0.0010909561080143348,1.0499060183875621
wig20,indicators,dnfs,14,5,118.14862366678285,5.404928329072261,0.045411727243754876,0.001706949660575085,1.0527948571565677
wig20,indicators,naive_persistence,15,5,114.13246763874966,0.0,0.0442710523396006,0.0,1.0
wig20,indicators,linear_regression,15,5,117.74400061779029,0.0,0.0442777266493678,0.0,1.0316433443853312
wig20,indicators,lstm_gru,15,5,118.75454899795996,0.8499751808945385,0.045765451169419616,0.0003816244583715599,1.0404975153419098
wig20,indicators,cnn1d,15,5,120.57583314143533,2.4818733832626303,0.046389302249774424,0.0008080900811173964,1.0564551493189487
wig20,indicators,dnfs,15,5,121.83621311286103,5.34787265343953,0.04646751860489934,0.0017015738788560685,1.0674982818955179
wig20,indicators,mlp,15,5,122.09886943183798,4.677855186984764,0.04658476404698992,0.0015038023944069388,1.0697996105569494
wig20,indicators,naive_persistence,16,5,121.44620072719631,0.0,0.0463255613755699,0.0,1.0
wig20,indicators,linear_regression,16,5,125.42947803735089,0.0,0.0468735987905702,0.0,1.032798698405578
wig20,indicators,lstm_gru,16,5,125.75917665192284,0.7789749961170901,0.04775050315789896,0.00025033979263195885,1.0355134693296395
wig20,indicators,cnn1d,16,5,128.9847899784467,3.1761349326099144,0.04884932722911088,0.001005023029215105,1.0620734877345754
wig20,indicators,dnfs,16,5,131.95083514852007,4.5502592046874115,0.049316254604766394,0.0014643653350387732,1.0864961963274606
wig20,indicators,mlp,16,5,132.74881555324185,6.359648534035215,0.0494640338449954,0.001982811075921452,1.0930668457174262
wig20,indicators,naive_persistence,17,5,124.20113588068526,0.0,0.0475427890270149,0.0,1.0
wig20,indicators,lstm_gru,17,5,130.06044174086531,0.43633838642881667,0.0494072922065456,0.0001094089243126342,1.0471759442345911
wig20,indicators,linear_regression,17,5,130.41033132603891,0.0,0.0486569422982449,0.0,1.0499930648888636
wig20,indicators,cnn1d,17,5,132.21159057450345,3.00323026419684,0.05030198643915804,0.0009515853773615856,1.0644958247524685
wig20,indicators,dnfs,17,5,135.17019439338702,3.7922579649861174,0.050764189945498604,0.0012447973763681707,1.0883168936815466
wig20,indicators,mlp,17,5,136.15920846309226,4.769261190973106,0.05106765728178149,0.0015762386648708372,1.0962798971008978
wig20,indicators,naive_persistence,18,5,126.17983999212736,0.0,0.0498278223878295,0.0,1.0
wig20,indicators,lstm_gru,18,5,130.85043604066638,0.3543683364872056,0.05127386797949278,0.0002459207711028794,1.0370153904841728
wig20,indicators,cnn1d,18,5,133.46467359715533,2.715338842186312,0.05242555879314163,0.0007864944605511903,1.0577337362726287
wig20,indicators,linear_regression,18,5,135.83628014242677,0.0,0.0520385023353636,0.0,1.0765291836707187
wig20,indicators,dnfs,18,5,136.11818691095456,4.09079696734626,0.05278098358043698,0.0014117199497232565,1.0787633501472762
wig20,indicators,mlp,18,5,137.543940699606,6.331003706542649,0.053339061618939455,0.0019590002524730813,1.0900627287860538
wig20,indicators,naive_persistence,19,5,131.9924073009782,0.0,0.0513085232829044,0.0,1.0
wig20,indicators,lstm_gru,19,5,135.63305221239784,1.4041716008608742,0.052344566971453274,0.00021785568909279181,1.0275822298105222
wig20,indicators,cnn1d,19,5,137.7298991975074,3.4125870165727124,0.0533858284034618,0.0009130307272202214,1.043468348019793
wig20,indicators,dnfs,19,5,143.03656993952197,6.034018497072039,0.0544706910002534,0.0019752558483715054,1.083672711668635
wig20,indicators,mlp,19,5,143.05155089777537,6.820077382648961,0.0547105325590891,0.0021967861258822747,1.0837862103051075
wig20,indicators,linear_regression,19,5,145.4364485981067,0.0,0.0543779115914189,0.0,1.1018546564308997
wig20,indicators,naive_persistence,20,5,133.75027549774717,0.0,0.05086583207494779,0.0,1.0
wig20,indicators,lstm_gru,20,5,138.54749574286126,1.8699247171109254,0.0523211517866497,0.0003820054158146507,1.0358669933744915
wig20,indicators,cnn1d,20,5,140.11157780721427,3.4034653263533063,0.05317886790441172,0.000861474925794211,1.0475610407963178
wig20,indicators,mlp,20,5,146.4410720325464,6.904224892570692,0.054706559243517514,0.002157539508715872,1.0948842646310137
wig20,indicators,dnfs,20,5,146.78459675928661,4.405296444855463,0.05465814378515158,0.0017185403394582982,1.0974526685125146
wig20,indicators,linear_regression,20,5,148.17109725896063,0.0,0.05456597226423819,0.0,1.107819006036039
