market,model,feature_set,seed,recursive_expanding_price_rmse,recursive_expanding_price_mae,recursive_expanding_rmse,recursive_expanding_mae,direct_expanding_price_rmse,direct_expanding_price_mae,direct_expanding_rmse,direct_expanding_mae,price_rmse_delta,price_rmse_delta_pct,price_rmse_candidate_wins,price_mae_delta,price_mae_delta_pct,price_mae_candidate_wins,rmse_delta,rmse_delta_pct,rmse_candidate_wins,mae_delta,mae_delta_pct,mae_candidate_wins
bist100,cnn1d,close,1,1666.540692234554,1115.300168751805,0.2335987689175168,0.1418099827632847,2272.779424055388,1813.9561859990952,0.2910834945248913,0.2343028271120274,606.2387318208341,36.37707345795252,False,698.6560172472903,62.64286842430908,False,0.0574847256073745,24.608317018859044,False,0.09249284434874272,65.22308412034417,False
bist100,cnn1d,close,7,1846.8583839296944,1180.8443928691504,0.2569030804534987,0.1577426968370873,2592.703302605064,1997.881013783062,0.3429442368010182,0.2624885720945272,745.8449186753696,40.38452136694864,False,817.0366209139115,69.19087949672361,False,0.08604115634751952,33.4916795063863,False,0.10474587525743989,66.40299510386765,False
bist100,cnn1d,close,42,1410.567680502283,1070.5948143105722,0.1687524618268345,0.1283870717778105,2454.546471990035,1958.218127377076,0.3114098988834288,0.251402832505411,1043.978791487752,74.0112513506623,False,887.6233130665037,82.90936040430046,False,0.14265743705659428,84.53650720839993,False,0.12301576072760051,95.81631469911106,False
bist100,cnn1d,close,123,1813.2052956087675,1242.500979590305,0.2246423024612199,0.1522277105561288,2765.1675469914176,2037.5274470836528,0.3897244054548671,0.2787355429492484,951.96225138265,52.501625364106225,False,795.0264674933478,63.98598315435496,False,0.16508210299364717,73.48665019231868,False,0.1265078323931196,83.10433884274582,False
bist100,cnn1d,close,2026,1556.0483572861433,1164.6410269711505,0.1960667920958748,0.1413187355904119,2600.1224218641023,2020.4903510235035,0.3211523598118745,0.2541139173021128,1044.074064577959,67.09779035395127,False,855.849324052353,73.48610466506891,False,0.1250855677159997,63.797426570244525,False,0.11279518171170091,79.81615547326888,False
bist100,cnn1d,indicators,1,1762.2256337262563,1337.5157191086928,0.1756160040894699,0.1463504915790414,2296.0407795390565,1644.9881930088306,0.2235416474849113,0.1830457474814817,533.8151458128002,30.292099694636658,False,307.47247390013786,22.98832600674289,False,0.04792564339544139,27.29002043061237,False,0.0366952559024403,25.073544684762346,False
bist100,cnn1d,indicators,7,1582.9111011371056,1059.742632310949,0.1616386070278238,0.1198379797630226,2604.76019370266,1783.9527594683236,0.2506795074646747,0.1988109000144838,1021.8490925655547,64.55505251251921,False,724.2101271573747,68.3383026290177,False,0.08904090043685092,55.08640669089892,False,0.07897292025146119,65.89974264221466,False
bist100,cnn1d,indicators,42,2174.5237164994405,1635.804001440556,0.2457386325318411,0.1881351638549807,2387.7405994698324,1784.4620976002518,0.2395505655819291,0.2022687292351059,213.2168829703919,9.805222235682466,False,148.6580961596958,9.08776944112995,False,-0.006188066949912002,-2.5181498269752907,True,0.014133565380125196,7.512452797510892,False
bist100,cnn1d,indicators,123,1733.942168399734,1212.460684714226,0.1612111138008951,0.1293449671252651,2666.0941652994115,1682.8160729391386,0.2621259123397172,0.187369642278078,932.1519968996774,53.75911687758112,False,470.35538822491253,38.79345484392132,False,0.10091479853882213,62.59791658251158,False,0.0580246751528129,44.86040426808293,False
bist100,cnn1d,indicators,2026,1682.0028091268755,1202.21464422914,0.1771656466616022,0.1383890668949529,2521.8992615092,1745.856478211072,0.2447566012783927,0.1992824818128463,839.8964523823247,49.934307352216216,False,543.641833981932,45.22003093137458,False,0.06759095461679049,38.151275876803346,False,0.06089341491789341,44.001608135789965,False
bist100,dnfs,close,1,840.3496720757772,668.4957318992755,0.09504166233512,0.0795472879816416,734.4039622975392,593.4155735965545,0.0937157427863521,0.0749783278874516,-105.94570977823798,-12.607336362319005,True,-75.08015830272097,-11.231209822298993,True,-0.001325919548767901,-1.3950929689052212,True,-0.00456896009419,-5.743703160872627,True
bist100,dnfs,close,7,827.9077291871538,663.1154922512391,0.0991739361258802,0.0800721595377004,769.9237035984747,626.8441184648307,0.0953042310900208,0.0775861312298042,-57.98402558867906,-7.003682118731785,True,-36.27137378640839,-5.469842615691145,True,-0.0038697050358594,-3.901937532203656,True,-0.002486028307896196,-3.1047349319031396,True
bist100,dnfs,close,42,790.051283956898,590.5825547681706,0.0918510200464082,0.0705657739272135,770.3794791388187,622.9513409687823,0.0971734910128016,0.0776518222770781,-19.671804818079295,-2.4899402377469597,True,32.368786200611794,5.480823288679422,False,0.005322470966393392,5.79467812519032,False,0.007086048349864607,10.041763811977255,False
bist100,dnfs,close,123,822.2397086570829,685.2423233284228,0.0955553835453754,0.0812563413290112,788.3868645774942,671.85419214328,0.1002260900056883,0.0836629276997602,-33.85284407958875,-4.117150232853466,True,-13.38813118514281,-1.9537805429344663,True,0.004670706460312896,4.887957420101784,False,0.002406586370749003,2.9617213024699307,False
bist100,dnfs,close,2026,824.8469362246151,655.4073025540221,0.0965096080543665,0.0781662624460195,797.7538180832938,649.8931012184836,0.0985891439241151,0.0805943115612437,-27.09311814132127,-3.2846237224724937,True,-5.514201335538473,-0.8413396240857363,True,0.0020795358697486,2.1547449126279123,False,0.0024280491152242067,3.1062622661547654,False
bist100,dnfs,indicators,1,836.0658906169359,654.0426164617496,0.1024318457852524,0.080880663290562,799.3995386966939,638.3235670520605,0.0967619435445039,0.0786492102698427,-36.66635192024205,-4.38558160687381,True,-15.719049409689092,-2.4033677644319664,True,-0.005669902240748495,-5.535292464255113,True,-0.0022314530207192956,-2.7589450060552174,True
bist100,dnfs,indicators,7,778.1774502498893,652.3101588223274,0.0980125596816183,0.0816953430516395,770.4287389760672,623.0800255483573,0.0957434484219676,0.078232453914229,-7.748711273822096,-0.9957511967654448,True,-29.23013327397007,-4.481017638410198,True,-0.002269111259650708,-2.315122946509749,True,-0.0034628891374104964,-4.23878400904885,True
bist100,dnfs,indicators,42,771.3638975700663,602.2469316943653,0.0922416471407486,0.0746605663860097,801.8246859533235,662.0929300481956,0.0962760954270602,0.0807067905504137,30.46078838325718,3.948951782578118,False,59.84599835383028,9.937119677049939,False,0.0040344482863115955,4.373781704218224,False,0.006046224164404007,8.098283280016721,False
bist100,dnfs,indicators,123,833.9534606121913,675.2469075632015,0.1008100029555083,0.0824182306911839,804.7036449620572,655.2006905555551,0.0973014025736893,0.0800989490328609,-29.24981565013411,-3.507367860631253,True,-20.04621700764642,-2.968724000527191,True,-0.0035086003818189937,-3.4804089663279614,True,-0.0023192816583229997,-2.8140396109851076,True
bist100,dnfs,indicators,2026,842.9852783030789,657.7940165709797,0.1008985377596715,0.0813930683828946,794.343718411118,647.7184369711846,0.0971306508386365,0.0802272986035951,-48.641559891960924,-5.7701553210841245,True,-10.075579599795105,-1.5317225979521956,True,-0.0037678869210349963,-3.73433253315292,True,-0.001165769779299497,-1.4322715711065301,True
bist100,linear_regression,close,1,4419.5797339642695,2488.8531656382715,0.3358437924262675,0.2672426972986728,1465.989406353497,1235.7820241291322,0.180573070084918,0.1553310136225119,-2953.5903276107724,-66.82966493199714,True,-1253.0711415091394,-50.347331004068565,True,-0.1552707223413495,-46.23301839811086,True,-0.11191168367616089,-41.876423493468714,True
bist100,linear_regression,close,7,4419.5797339642695,2488.8531656382715,0.3358437924262675,0.2672426972986728,1465.989406353497,1235.7820241291322,0.180573070084918,0.1553310136225119,-2953.5903276107724,-66.82966493199714,True,-1253.0711415091394,-50.347331004068565,True,-0.1552707223413495,-46.23301839811086,True,-0.11191168367616089,-41.876423493468714,True
bist100,linear_regression,close,42,4419.5797339642695,2488.8531656382715,0.3358437924262675,0.2672426972986728,1465.989406353497,1235.7820241291322,0.180573070084918,0.1553310136225119,-2953.5903276107724,-66.82966493199714,True,-1253.0711415091394,-50.347331004068565,True,-0.1552707223413495,-46.23301839811086,True,-0.11191168367616089,-41.876423493468714,True
bist100,linear_regression,close,123,4419.5797339642695,2488.8531656382715,0.3358437924262675,0.2672426972986728,1465.989406353497,1235.7820241291322,0.180573070084918,0.1553310136225119,-2953.5903276107724,-66.82966493199714,True,-1253.0711415091394,-50.347331004068565,True,-0.1552707223413495,-46.23301839811086,True,-0.11191168367616089,-41.876423493468714,True
bist100,linear_regression,close,2026,4419.5797339642695,2488.8531656382715,0.3358437924262675,0.2672426972986728,1465.989406353497,1235.7820241291322,0.180573070084918,0.1553310136225119,-2953.5903276107724,-66.82966493199714,True,-1253.0711415091394,-50.347331004068565,True,-0.1552707223413495,-46.23301839811086,True,-0.11191168367616089,-41.876423493468714,True
bist100,lstm_gru,close,1,777.0113481746831,644.9024491452583,0.097956569278795,0.0806328002299081,812.056696408849,668.1589590484807,0.1066514702608023,0.0849065948467351,35.045348234165886,4.510274954991673,False,23.256509903222423,3.6062058585831345,False,0.0086949009820073,8.876281648105367,False,0.004273794616827004,5.300317742458582,False
bist100,lstm_gru,close,7,875.9553949995868,687.7130999496758,0.1032862454159265,0.0831442620343453,796.6201819532033,658.059659443186,0.1059720271613783,0.0841338129440086,-79.3352130463835,-9.05699234222091,True,-29.6534405064898,-4.311891180880476,True,0.0026857817454517957,2.6003285671159215,False,0.0009895509096632948,1.1901613959295596,False
bist100,lstm_gru,close,42,764.6234944282677,623.7488532630454,0.0982875485114769,0.0785390815234552,827.0920051811513,687.0427621393644,0.1071407613231961,0.0868093775527967,62.46851075288362,8.169839301052765,False,63.29390887631905,10.147338715767859,False,0.008853212811719191,9.007461215380108,False,0.008270296029341498,10.530166471162035,False
bist100,lstm_gru,close,123,780.5638093873848,626.6968346545906,0.0961857435804653,0.0773775263818848,817.1540194945318,672.6940354216433,0.1058661482555441,0.0849980094393194,36.59021010714696,4.687664181595134,False,45.99720076705273,7.339625513252271,False,0.009680404675078802,10.06428220516957,False,0.007620483057434596,9.848444908699824,False
bist100,lstm_gru,close,2026,766.0775526865677,639.7164481361618,0.0938090512998355,0.0793255165362554,806.2872975434913,676.3793340003671,0.1061168241199293,0.085709994158225,40.20974485692352,5.248782543740046,False,36.662885864205236,5.731115085601433,False,0.012307772820093807,13.120026958545088,False,0.0063844776219696,8.048453890686739,False
bist100,lstm_gru,indicators,1,794.1242203558111,633.9951034243679,0.0993759991425689,0.0789648656413748,838.5225019402552,696.8841291609746,0.1041904126659739,0.0856705444792163,44.398281584444135,5.590848439876482,False,62.88902573660664,9.919481301500138,False,0.004814413523405003,4.84464414440558,False,0.006705678837841511,8.491977771856009,False
bist100,lstm_gru,indicators,7,875.9356523352145,711.3702879290995,0.1070461804335204,0.0866595011260563,865.366063189807,713.577317033796,0.1047347691192809,0.0864292334381916,-10.569589145407463,-1.2066627402628605,True,2.2070291046965167,0.310250391694246,False,-0.0023114113142395087,-2.1592655663926092,True,-0.00023026768786470198,-0.265715455169481,True
bist100,lstm_gru,indicators,42,863.2099796131619,688.8979836360426,0.1028894495193088,0.083383568477345,860.6054163924905,724.9698122849129,0.1042179246947096,0.0877079871945311,-2.6045632206713663,-0.3017299709438685,True,36.07182864887034,5.236164062853136,False,0.0013284751754008006,1.2911675410912677,False,0.004324418717186099,5.186176120971636,False
bist100,lstm_gru,indicators,123,791.6698219124166,647.5382086233254,0.0986774619466935,0.080466232621331,838.3338943868533,692.7894929189051,0.1014456072046387,0.0841978056452071,46.66407247443669,5.894385662157928,False,45.251284295579694,6.988202965163169,False,0.0027681452579452065,2.805245699813991,False,0.0037315730238760975,4.637439708948031,False
bist100,lstm_gru,indicators,2026,765.4448078033028,606.0492614682933,0.0964557761887982,0.075939241289003,838.4078446982143,703.049017768804,0.1039818611687055,0.0858960446325466,72.96303689491151,9.532109454671604,False,96.99975630051074,16.00525938526954,False,0.0075260849799072965,7.802627563927406,False,0.009956803343543597,13.1115391391005,False
bist100,mlp,close,1,1045.6779846468444,789.7037722304095,0.1159404311312181,0.0913234600365313,1136.6393006332155,908.897505194572,0.1362523351339359,0.1090235087811839,90.96131598637112,8.69878847235092,False,119.19373296416245,15.093473927257074,False,0.02031190400271779,17.51925864388873,False,0.0177000487446526,19.38171061145976,False
bist100,mlp,close,7,898.8807102785129,671.0126152556602,0.1071216600960511,0.0821803632142929,1205.438986936375,929.9949592555912,0.1504490973630253,0.1179885326080561,306.55827665786205,34.10444491159197,False,258.982343999931,38.59574888934942,False,0.0433274372669742,40.446943436205586,False,0.0358081693937632,43.57265895794363,False
bist100,mlp,close,42,1106.5428872623816,922.9923860086446,0.1245253167625986,0.1077725030664471,1208.6225039291612,999.9400569938148,0.1482177793262562,0.1236284759814171,102.07961666677966,9.225093563190082,False,76.94767098517013,8.336761185855487,False,0.023692462563657604,19.026221478180315,False,0.01585597291497,14.712447483189662,False
bist100,mlp,close,123,1034.1534608399925,802.7673156043961,0.1241545490169661,0.0972779432812414,1234.6923444971455,1007.0871011903936,0.1509497025187421,0.1246081477283703,200.53888365715306,19.391598176760446,False,204.31978558599747,25.45193128997373,False,0.026795153501775998,21.582095633172777,False,0.0273302044471289,28.09496533876567,False
bist100,mlp,close,2026,1156.6267427590612,818.3051800143628,0.1215152467667512,0.0933159064486361,1290.613258283891,1029.5806643600604,0.1497783883407355,0.1227300333860618,133.98651552482966,11.584248450387127,False,211.27548434569758,25.818666373588066,False,0.02826314157398431,23.25892620556125,False,0.02941412693742569,31.521021503034017,False
bist100,mlp,indicators,1,959.188623798444,738.0023431590098,0.1113968403935576,0.0883805081320366,2247.809914372093,1661.329471276162,0.2296927991000278,0.1851874328507452,1288.6212905736488,134.34493055918782,False,923.3271281171521,125.11167974953331,False,0.1182959587064702,106.19328006839194,False,0.09680692471870861,109.53424772584846,False
bist100,mlp,indicators,7,1463.9336890199122,1029.918291744766,0.1779913573716417,0.1256239677536542,2612.0974516135484,2014.9185190226483,0.2516498928446494,0.2192143054126353,1148.1637625936362,78.43003895636281,False,985.0002272778822,95.63867689049498,False,0.07365853547300769,41.38320902807119,False,0.09359033765898112,74.5003834320133,False
bist100,mlp,indicators,42,1015.012787441612,802.2723830130726,0.1282065687211662,0.1015013550450484,2158.1272028410112,1621.707838216272,0.2138473185581336,0.1764420364394078,1143.1144153993991,112.62069104377231,False,819.4354552031994,102.1393073666163,False,0.0856407498369674,66.79903431720857,False,0.07494068139435942,73.83219796533672,False
bist100,mlp,indicators,123,1134.468535226203,755.8164967575971,0.1117539566301981,0.0841834724596422,2248.017930943416,1710.523501844153,0.2360756329728097,0.1905359491016906,1113.5493957172132,98.15604057235323,False,954.707005086556,126.3146556316495,False,0.1243216763426116,111.24588344912115,False,0.10635247664204842,126.33415269610565,False
bist100,mlp,indicators,2026,1426.733307554118,1048.0498526763774,0.1771047458111204,0.1288147738558978,1929.677132525999,1579.4827335587495,0.2188115650210895,0.1856645240732209,502.943824971881,35.25142521793994,False,531.432880882372,50.70683226807063,False,0.041706819209969104,23.54923862652942,False,0.05684975021732311,44.13294260867907,False
bist100,naive_persistence,close,1,753.477052018749,590.4101263552296,0.0933163831604647,0.0746143750238137,753.477052018749,590.4101263552296,0.0933163829095019,0.0746143729549509,0.0,0.0,False,0.0,0.0,False,-2.509628060920477e-10,-2.6893756229331975e-07,True,-2.0688628032949907e-09,-2.7727402429286567e-06,True
bist100,naive_persistence,close,7,753.477052018749,590.4101263552296,0.0933163831604647,0.0746143750238137,753.477052018749,590.4101263552296,0.0933163829095019,0.0746143729549509,0.0,0.0,False,0.0,0.0,False,-2.509628060920477e-10,-2.6893756229331975e-07,True,-2.0688628032949907e-09,-2.7727402429286567e-06,True
bist100,naive_persistence,close,42,753.477052018749,590.4101263552296,0.0933163831604647,0.0746143750238137,753.477052018749,590.4101263552296,0.0933163829095019,0.0746143729549509,0.0,0.0,False,0.0,0.0,False,-2.509628060920477e-10,-2.6893756229331975e-07,True,-2.0688628032949907e-09,-2.7727402429286567e-06,True
bist100,naive_persistence,close,123,753.477052018749,590.4101263552296,0.0933163831604647,0.0746143750238137,753.477052018749,590.4101263552296,0.0933163829095019,0.0746143729549509,0.0,0.0,False,0.0,0.0,False,-2.509628060920477e-10,-2.6893756229331975e-07,True,-2.0688628032949907e-09,-2.7727402429286567e-06,True
bist100,naive_persistence,close,2026,753.477052018749,590.4101263552296,0.0933163831604647,0.0746143750238137,753.477052018749,590.4101263552296,0.0933163829095019,0.0746143729549509,0.0,0.0,False,0.0,0.0,False,-2.509628060920477e-10,-2.6893756229331975e-07,True,-2.0688628032949907e-09,-2.7727402429286567e-06,True
bist100,naive_persistence,indicators,1,753.477052018749,590.4101263552296,0.0933163831604647,0.0746143750238137,753.477052018749,590.4101263552296,0.0933163829095019,0.0746143729549509,0.0,0.0,False,0.0,0.0,False,-2.509628060920477e-10,-2.6893756229331975e-07,True,-2.0688628032949907e-09,-2.7727402429286567e-06,True
bist100,naive_persistence,indicators,7,753.477052018749,590.4101263552296,0.0933163831604647,0.0746143750238137,753.477052018749,590.4101263552296,0.0933163829095019,0.0746143729549509,0.0,0.0,False,0.0,0.0,False,-2.509628060920477e-10,-2.6893756229331975e-07,True,-2.0688628032949907e-09,-2.7727402429286567e-06,True
bist100,naive_persistence,indicators,42,753.477052018749,590.4101263552296,0.0933163831604647,0.0746143750238137,753.477052018749,590.4101263552296,0.0933163829095019,0.0746143729549509,0.0,0.0,False,0.0,0.0,False,-2.509628060920477e-10,-2.6893756229331975e-07,True,-2.0688628032949907e-09,-2.7727402429286567e-06,True
bist100,naive_persistence,indicators,123,753.477052018749,590.4101263552296,0.0933163831604647,0.0746143750238137,753.477052018749,590.4101263552296,0.0933163829095019,0.0746143729549509,0.0,0.0,False,0.0,0.0,False,-2.509628060920477e-10,-2.6893756229331975e-07,True,-2.0688628032949907e-09,-2.7727402429286567e-06,True
bist100,naive_persistence,indicators,2026,753.477052018749,590.4101263552296,0.0933163831604647,0.0746143750238137,753.477052018749,590.4101263552296,0.0933163829095019,0.0746143729549509,0.0,0.0,False,0.0,0.0,False,-2.509628060920477e-10,-2.6893756229331975e-07,True,-2.0688628032949907e-09,-2.7727402429286567e-06,True
sp500,cnn1d,close,1,252.7123016576953,196.77555523727747,0.0487379169395489,0.0379397937533817,246.00684603297535,194.43305136559675,0.0475345793019267,0.037563600190412,-6.705455624719946,-2.6533950190531845,True,-2.3425038716807194,-1.1904445493019002,True,-0.0012033376376222038,-2.4689968574462045,True,-0.00037619356296969553,-0.9915540538123357,True
sp500,cnn1d,close,7,255.22143393518851,198.4806953826868,0.0492743050612145,0.0383877384417608,259.4640671685286,202.45365170003765,0.0496747609348908,0.0389798598892203,4.242633233340058,1.6623342201021571,False,3.9729563173508495,2.001683997373482,False,0.0004004558736762989,0.8127072988219807,False,0.000592121447459501,1.5424754661122493,False
sp500,cnn1d,close,42,250.59871475607272,194.1889617869964,0.0481230526847054,0.0373591240187423,252.59353370751543,200.7306154597388,0.0487738669003386,0.0386184874402025,1.99481895144271,0.7960212219701217,False,6.541653672742399,3.3687052098861634,False,0.0006508142156331984,1.3523959502262455,False,0.0012593634214601995,3.3709661415733487,False
sp500,cnn1d,close,123,254.52925276449645,197.6506648940364,0.0490289536820716,0.0381521550389776,245.4656062405276,199.9258171219779,0.0475204535068883,0.0385951507689746,-9.063646523968856,-3.5609449308975925,True,2.275152227941504,1.1510976849793289,False,-0.0015085001751833013,-3.0767537585345495,True,0.00044299572999700193,1.1611289835251029,False
sp500,cnn1d,close,2026,249.8608946179608,189.4775609049592,0.0484299573965608,0.0368334952203806,263.2298764841849,213.926478838814,0.0507108662206437,0.041262965491043,13.36898186622409,5.350569918780353,False,24.4489179338548,12.903331569756816,False,0.0022809088240828973,4.709706443485068,False,0.0044294702706624,12.02565828781706,False
sp500,cnn1d,indicators,1,227.61617490403225,180.7265198372052,0.0443023326889164,0.0352793308645393,234.62213795972383,178.19797509730654,0.0444673233901142,0.0342925066920429,7.005963055691581,3.077972406242852,False,-2.528544739898649,-1.399100000473816,True,0.00016499070119779802,0.3724198957114408,False,-0.0009868241724963964,-2.7971737227258293,True
sp500,cnn1d,indicators,7,226.173401193325,174.50553800756973,0.0438512598583364,0.0339215967175234,230.1573458473046,173.52976250239604,0.0439211659437245,0.033410531106014,3.98394465397962,1.7614558710085833,False,-0.9757755051736865,-0.5591659246547002,True,6.990608538810089e-05,0.15941636708713924,False,-0.0005110656115093967,-1.5066083585782024,True
sp500,cnn1d,indicators,42,228.52599156391105,176.32471794744777,0.043964648284564,0.0340508204873247,230.9872150502886,179.17931934039018,0.043344549007179,0.0340171759435049,2.4612234863775484,1.0769993686644728,False,2.8546013929424134,1.6189456737388377,False,-0.0006200992773850028,-1.410449762662425,True,-3.364454381979409e-05,-0.09880685204727492,True
sp500,cnn1d,indicators,123,235.22820143261703,183.8432431392344,0.0449453186827583,0.0351980116876632,221.0165733249317,167.23188697851634,0.0423248985977014,0.0322918975006717,-14.211628107685328,-6.041634472878611,True,-16.61135616071806,-9.035608748556173,True,-0.0026204200850568973,-5.830240305008961,True,-0.0029061141869915,-8.256472589359598,True
sp500,cnn1d,indicators,2026,233.20356551489735,181.7503139559105,0.0440836674389618,0.0345317441388918,217.72212754860988,176.5718918111595,0.0416258799945008,0.0339395536916773,-15.481437966287473,-6.638594024969356,True,-5.178422144751011,-2.8491957081335255,True,-0.0024577874444609987,-5.575278980280053,True,-0.000592190447214494,-1.7149161213306114,True
sp500,dnfs,close,1,244.7162260952486,193.35300525480403,0.0472829684264889,0.0373204814333514,259.8163927703689,210.6049079842785,0.0503576201469543,0.0409418210827311,15.100166675120306,6.170480362525291,False,17.251902729474466,8.922490088395369,False,0.0030746517204654003,6.502662211755124,False,0.003621339649379704,9.703357272726656,False
sp500,dnfs,close,7,249.15676045703756,192.9230161430721,0.0485155980656298,0.0374875479775524,258.5755085180621,204.24247202595632,0.0499628407206942,0.0396253164789861,9.418748061024559,3.780249849029742,False,11.319455882884228,5.867343414582372,False,0.0014472426550644,2.9830460980953646,False,0.0021377685014336983,5.702609577755784,False
sp500,dnfs,close,42,241.237015318364,188.60970907572383,0.0466076547056268,0.0364287498556247,264.7707490881729,210.4737142992155,0.0511299305627035,0.040817360307942,23.53373376980892,9.755440614596855,False,21.86400522349166,11.59219497799745,False,0.0045222758570767005,9.702860797522044,False,0.004388610452317303,12.047106940837525,False
sp500,dnfs,close,123,244.94188075798104,190.06557715669052,0.0469912307307956,0.0366272241359712,260.48881299157955,207.63808005996447,0.0504432311823638,0.040159835800032,15.546932233598511,6.347192315780379,False,17.572502903273943,9.245494721428242,False,0.003452000451568203,7.346052439750088,False,0.0035326116640607974,9.644770378849042,False
sp500,dnfs,close,2026,253.6936997045713,200.48370577022877,0.0486634013095821,0.0385821361245664,258.07192648084373,205.05880191734687,0.0498264591556912,0.0397580722286607,4.378226776272442,1.7257924739049209,False,4.575096147118103,2.2820289207750126,False,0.0011630578461091015,2.390005249962026,False,0.001175936104094298,3.047877132302025,False
sp500,dnfs,indicators,1,223.71517080206337,177.55196585684646,0.0437541686793308,0.0343911325302941,233.2768093749051,185.27122705461335,0.0451366092940293,0.0358891777988311,9.56163857284173,4.274023321065512,False,7.719261197766883,4.347606719257976,False,0.001382440614698499,3.1595632060347096,False,0.0014980452685370016,4.3559056021706155,False
sp500,dnfs,indicators,7,244.56739510189288,185.87144288281752,0.0464567600156749,0.0357882662102791,237.6209789315691,189.2962539945444,0.045764064130872,0.0365953869568346,-6.946416170323772,-2.8402870985438273,True,3.424811111726882,1.8425698206292245,False,-0.0006926958848028977,-1.4910550898710464,True,0.0008071207465554994,2.2552664099823825,False
sp500,dnfs,indicators,42,239.0992074073688,190.44415079029056,0.0453898187614686,0.0365356246775726,238.90365547630327,187.89988814632247,0.0460522490459969,0.0363778874042594,-0.19555193106552338,-0.08178694241020586,True,-2.5442626439680964,-1.3359626081505314,True,0.0006624302845282953,1.4594248283067217,False,-0.00015773727331319654,-0.4317355312937173,True
sp500,dnfs,indicators,123,242.5615734900612,194.52994737362664,0.0460742356107869,0.0370273599695899,241.4985516928004,190.53196670756785,0.0467788933258987,0.0368904569779521,-1.0630217972608023,-0.4382482278481587,True,-3.997980666058794,-2.0552006105157767,True,0.0007046577151118005,1.5293964311517,False,-0.00013690299163779396,-0.3697346820033366,True
sp500,dnfs,indicators,2026,251.38267977610516,187.87219173110145,0.0489526479177265,0.0367044989140923,241.6976411576615,187.69326709241716,0.0462977555861257,0.0362258437879515,-9.685038618443656,-3.852707206029337,True,-0.1789246386842933,-0.0952374255261712,True,-0.0026548923316008013,-5.42338861028072,True,-0.0004786551261407937,-1.304077538998957,True
sp500,linear_regression,close,1,234.50162463987377,184.350687092005,0.0456015655870108,0.0357208021633486,242.94891355530396,188.20095213802023,0.0464712512060364,0.0360840561129442,8.447288915430192,3.602230444417078,False,3.850265046015238,2.088554757647127,False,0.0008696856190256036,1.907139826956568,False,0.0003632539495955975,1.0169255100556363,False
sp500,linear_regression,close,7,234.50162463987377,184.350687092005,0.0456015655870108,0.0357208021633486,242.94891355530396,188.20095213802023,0.0464712512060364,0.0360840561129442,8.447288915430192,3.602230444417078,False,3.850265046015238,2.088554757647127,False,0.0008696856190256036,1.907139826956568,False,0.0003632539495955975,1.0169255100556363,False
sp500,linear_regression,close,42,234.50162463987377,184.350687092005,0.0456015655870108,0.0357208021633486,242.94891355530396,188.20095213802023,0.0464712512060364,0.0360840561129442,8.447288915430192,3.602230444417078,False,3.850265046015238,2.088554757647127,False,0.0008696856190256036,1.907139826956568,False,0.0003632539495955975,1.0169255100556363,False
sp500,linear_regression,close,123,234.50162463987377,184.350687092005,0.0456015655870108,0.0357208021633486,242.94891355530396,188.20095213802023,0.0464712512060364,0.0360840561129442,8.447288915430192,3.602230444417078,False,3.850265046015238,2.088554757647127,False,0.0008696856190256036,1.907139826956568,False,0.0003632539495955975,1.0169255100556363,False
sp500,linear_regression,close,2026,234.50162463987377,184.350687092005,0.0456015655870108,0.0357208021633486,242.94891355530396,188.20095213802023,0.0464712512060364,0.0360840561129442,8.447288915430192,3.602230444417078,False,3.850265046015238,2.088554757647127,False,0.0008696856190256036,1.907139826956568,False,0.0003632539495955975,1.0169255100556363,False
sp500,linear_regression,indicators,1,230.4323073122932,186.5919141935059,0.0445139399256013,0.0360139201929699,260.0490045972773,208.01795841613892,0.0499577460910671,0.0400495535346876,29.6166972849841,12.852667071916306,False,21.42604422263304,11.482836389369515,False,0.005443806165465803,12.229441326839073,False,0.0040356333417176996,11.20575966208054,False
sp500,linear_regression,indicators,7,230.4323073122932,186.5919141935059,0.0445139399256013,0.0360139201929699,260.0490045972773,208.01795841613892,0.0499577460910671,0.0400495535346876,29.6166972849841,12.852667071916306,False,21.42604422263304,11.482836389369515,False,0.005443806165465803,12.229441326839073,False,0.0040356333417176996,11.20575966208054,False
sp500,linear_regression,indicators,42,230.4323073122932,186.5919141935059,0.0445139399256013,0.0360139201929699,260.0490045972773,208.01795841613892,0.0499577460910671,0.0400495535346876,29.6166972849841,12.852667071916306,False,21.42604422263304,11.482836389369515,False,0.005443806165465803,12.229441326839073,False,0.0040356333417176996,11.20575966208054,False
sp500,linear_regression,indicators,123,230.4323073122932,186.5919141935059,0.0445139399256013,0.0360139201929699,260.0490045972773,208.01795841613892,0.0499577460910671,0.0400495535346876,29.6166972849841,12.852667071916306,False,21.42604422263304,11.482836389369515,False,0.005443806165465803,12.229441326839073,False,0.0040356333417176996,11.20575966208054,False
sp500,linear_regression,indicators,2026,230.4323073122932,186.5919141935059,0.0445139399256013,0.0360139201929699,260.0490045972773,208.01795841613892,0.0499577460910671,0.0400495535346876,29.6166972849841,12.852667071916306,False,21.42604422263304,11.482836389369515,False,0.005443806165465803,12.229441326839073,False,0.0040356333417176996,11.20575966208054,False
sp500,lstm_gru,close,1,243.54699189956185,187.6207893369219,0.0471403732584785,0.0363172289332619,244.24850799581847,190.12518462849903,0.0472469939871245,0.0368572566391558,0.7015160962566256,0.28804137172259925,False,2.50439529157714,1.3348175862749663,False,0.00010662072864599942,0.22617709889860277,False,0.0005400277058939043,1.486973873712343,False
sp500,lstm_gru,close,7,242.9450907719825,183.0668385519706,0.046843389978696,0.0355224523334739,243.63247057776812,187.8427987946273,0.0470491304029416,0.0363724579959175,0.6873798057856106,0.2829362814458988,False,4.7759602426567085,2.608861484927467,False,0.00020574042424559985,0.4392090844389549,False,0.0008500056624436009,2.3928687537223166,False
sp500,lstm_gru,close,42,241.98355786239196,182.69445411914663,0.0469151834756797,0.035496639201806,242.71900362389297,189.6922112865558,0.0469658226717896,0.0368088412083108,0.7354457615010119,0.30392385664452276,False,6.997757167409162,3.8303062898918,False,5.063919610989731e-05,0.10793775566528072,False,0.001312202006504802,3.6966936476567613,False
sp500,lstm_gru,close,123,245.6682117854533,188.8876281907106,0.0473456500208674,0.0365403896545057,243.7795286110373,190.1906937784669,0.0471017158621329,0.0369278011164078,-1.888683174416002,-0.7687942858742444,True,1.303065587756322,0.6898628566825353,False,-0.00024393415873449897,-0.5152197902594768,True,0.00038741146190210407,1.0602280532997364,False
sp500,lstm_gru,close,2026,241.96135403109136,186.284805454302,0.0470655853908021,0.036142409552521,246.18565830246004,191.6491263934832,0.0475380774665937,0.0371770598222008,4.2243042713686805,1.7458590807959642,False,5.364320939181198,2.879634184923973,False,0.00047249207579160013,1.00390141091061,False,0.0010346502696797974,2.8627041818456416,False
sp500,lstm_gru,indicators,1,243.8881109132343,186.96771291367065,0.0467685428458981,0.0362156887593855,238.90111882952908,191.5851785278373,0.046127663129971,0.0369031002045542,-4.986992083705218,-2.0447868758470933,True,4.617465614166633,2.469659355729871,False,-0.0006408797159270993,-1.3703221801003975,True,0.0006874114451686994,1.8981040226400576,False
sp500,lstm_gru,indicators,7,247.21304980432507,192.82261388671049,0.0479637001091515,0.0373472664981099,251.82628367621516,198.08440264495124,0.0481412929184528,0.0381544496119687,4.613233871890088,1.8660964198862362,False,5.261788758240755,2.7288234777961393,False,0.00017759280930130378,0.3702650314657834,False,0.0008071831138588004,2.161291011484471,False
sp500,lstm_gru,indicators,42,236.70248872924523,185.5325507120978,0.0461176346098556,0.0360749058985621,249.66619895039645,199.50118841662425,0.047068736118474,0.0379246784806503,12.963710221151217,5.476795064871457,False,13.968637704526458,7.52894176839214,False,0.0009511015086184002,2.0623380116185412,False,0.0018497725820882036,5.127588100408415,False
sp500,lstm_gru,indicators,123,237.2035611513373,180.7534046213492,0.0463555275934747,0.0352603885766941,249.83634715434124,198.0512182951081,0.0474882586618851,0.0379635816405476,12.632786003003929,5.325715154396074,False,17.297813673758895,9.569841137983087,False,0.0011327310684104003,2.4435728104405197,False,0.0027031930638534984,7.666373437643327,False
sp500,lstm_gru,indicators,2026,247.9767462910316,191.56718551082855,0.0472477456600123,0.0367283525989317,251.86277566422385,197.8951147019759,0.0479745611235625,0.038010026234332,3.886029373192258,1.5670942664242875,False,6.327929191147348,3.303242762727573,False,0.0007268154635501969,1.538307179310209,False,0.0012816736354002989,3.4896028400619805,False
sp500,mlp,close,1,251.1679748634633,194.25189411957123,0.0480855479301553,0.0373670880423231,247.66200239935876,191.85753458650495,0.0474542414422498,0.036935321188758,-3.5059724641045307,-1.395867632412294,True,-2.394359533066279,-1.2326055011810784,True,-0.0006313064879054989,-1.312881967826336,True,-0.00043176685356510064,-1.155473643212627,True
sp500,mlp,close,7,248.47905194644616,187.93061662270176,0.0477243606769718,0.0363162311850369,241.6678533220027,186.84540477723945,0.0467760883667626,0.0362090046073318,-6.811198624443449,-2.7411560737568506,True,-1.085211845462311,-0.5774534586033061,True,-0.0009482723102091986,-1.9869775032246033,True,-0.00010722657770510097,-0.2952579995395577,True
sp500,mlp,close,42,245.70953098496184,188.53181065786228,0.0474758728574903,0.0364798677675712,246.6718011849897,189.03077772200143,0.0473241977731395,0.0365147236308483,0.9622702000278593,0.39162917131071856,False,0.49896706413915126,0.2646593497394722,False,-0.00015167508435080107,-0.3194782427825783,True,3.485586327710288e-05,0.09554821716784846,False
sp500,mlp,close,123,246.0572492470938,190.4536571707092,0.047237494509542,0.0366297634689377,246.92242176530883,189.2078850036184,0.0477167983992858,0.0366049107822389,0.8651725182150187,0.35161431775017593,False,-1.2457721670907915,-0.6541077685760424,True,0.00047930388974379984,1.0146683153294258,False,-2.485268669879387e-05,-0.06784834065300238,True
sp500,mlp,close,2026,247.2991046691169,189.71274589148547,0.0474951941859889,0.0365895323376577,242.68916779330723,188.1966851551639,0.04664307484785,0.0362874918024607,-4.609936875809666,-1.8641138559630872,True,-1.5160607363215775,-0.7991348863764561,True,-0.0008521193381389042,-1.7941169685548515,True,-0.00030204053519700125,-0.8254834536000427,True
sp500,mlp,indicators,1,248.0091626976093,202.6021173770925,0.0472897117644704,0.0387289031302424,238.11255040639108,180.3208329765211,0.0448792552788584,0.0341146549822265,-9.896612291218219,-3.990422040690845,True,-22.281284400571394,-10.99755752260991,True,-0.0024104564856120003,-5.097211202338135,True,-0.0046142481480158995,-11.914223680692759,True
sp500,mlp,indicators,7,231.11092367967208,183.20525059623787,0.0436220296356298,0.034718088078309,258.86953347113416,199.26027397318697,0.048964848905954,0.0381435883388622,27.758609791462078,12.010946669892805,False,16.055023376949094,8.763407885253471,False,0.005342819270324199,12.247984137721707,False,0.003425500260553202,9.866615502635842,False
sp500,mlp,indicators,42,248.8996132283483,187.43617919392264,0.0478679290434761,0.0362005233821203,260.7314113986484,200.15179101440305,0.048550684433284,0.0376784765514437,11.83179817030009,4.7536426500772535,False,12.715611820480405,6.783968748810629,False,0.0006827553898079014,1.4263315824417389,False,0.0014779531693233997,4.082684533929616,False
sp500,mlp,indicators,123,244.4996372095376,188.1329397207768,0.0467660286857121,0.0362305701870975,257.3590694656427,195.918999524059,0.0494184247988118,0.0378511162266675,12.859432256105066,5.259489299399024,False,7.7860598032822,4.1385946633471615,False,0.0026523961130996976,5.671630000753206,False,0.0016205460395700005,4.472869268138409,False
sp500,mlp,indicators,2026,242.94908292916327,192.84469055342697,0.0462947541023028,0.0370253036608738,276.31047163687845,221.8823222573051,0.0525581485186413,0.0422621812170236,33.36138870771518,13.731843852006788,False,29.037631703878134,15.0575219989442,False,0.006263394416338504,13.529382621835655,False,0.005236877556149801,14.14405025308092,False
sp500,naive_persistence,close,1,248.5512063878996,199.9259406887755,0.0477422957245552,0.0385495068710443,248.5512063878996,199.9259406887755,0.0477422900503976,0.0385495026035196,0.0,0.0,False,0.0,0.0,False,-5.674157595170204e-09,-1.1884970148705745e-05,True,-4.267524701673242e-09,-1.1070244597288762e-05,True
sp500,naive_persistence,close,7,248.5512063878996,199.9259406887755,0.0477422957245552,0.0385495068710443,248.5512063878996,199.9259406887755,0.0477422900503976,0.0385495026035196,0.0,0.0,False,0.0,0.0,False,-5.674157595170204e-09,-1.1884970148705745e-05,True,-4.267524701673242e-09,-1.1070244597288762e-05,True
sp500,naive_persistence,close,42,248.5512063878996,199.9259406887755,0.0477422957245552,0.0385495068710443,248.5512063878996,199.9259406887755,0.0477422900503976,0.0385495026035196,0.0,0.0,False,0.0,0.0,False,-5.674157595170204e-09,-1.1884970148705745e-05,True,-4.267524701673242e-09,-1.1070244597288762e-05,True
sp500,naive_persistence,close,123,248.5512063878996,199.9259406887755,0.0477422957245552,0.0385495068710443,248.5512063878996,199.9259406887755,0.0477422900503976,0.0385495026035196,0.0,0.0,False,0.0,0.0,False,-5.674157595170204e-09,-1.1884970148705745e-05,True,-4.267524701673242e-09,-1.1070244597288762e-05,True
sp500,naive_persistence,close,2026,248.5512063878996,199.9259406887755,0.0477422957245552,0.0385495068710443,248.5512063878996,199.9259406887755,0.0477422900503976,0.0385495026035196,0.0,0.0,False,0.0,0.0,False,-5.674157595170204e-09,-1.1884970148705745e-05,True,-4.267524701673242e-09,-1.1070244597288762e-05,True
sp500,naive_persistence,indicators,1,248.5512063878996,199.9259406887755,0.0477422957245552,0.0385495068710443,248.5512063878996,199.9259406887755,0.0477422900503976,0.0385495026035196,0.0,0.0,False,0.0,0.0,False,-5.674157595170204e-09,-1.1884970148705745e-05,True,-4.267524701673242e-09,-1.1070244597288762e-05,True
sp500,naive_persistence,indicators,7,248.5512063878996,199.9259406887755,0.0477422957245552,0.0385495068710443,248.5512063878996,199.9259406887755,0.0477422900503976,0.0385495026035196,0.0,0.0,False,0.0,0.0,False,-5.674157595170204e-09,-1.1884970148705745e-05,True,-4.267524701673242e-09,-1.1070244597288762e-05,True
sp500,naive_persistence,indicators,42,248.5512063878996,199.9259406887755,0.0477422957245552,0.0385495068710443,248.5512063878996,199.9259406887755,0.0477422900503976,0.0385495026035196,0.0,0.0,False,0.0,0.0,False,-5.674157595170204e-09,-1.1884970148705745e-05,True,-4.267524701673242e-09,-1.1070244597288762e-05,True
sp500,naive_persistence,indicators,123,248.5512063878996,199.9259406887755,0.0477422957245552,0.0385495068710443,248.5512063878996,199.9259406887755,0.0477422900503976,0.0385495026035196,0.0,0.0,False,0.0,0.0,False,-5.674157595170204e-09,-1.1884970148705745e-05,True,-4.267524701673242e-09,-1.1070244597288762e-05,True
sp500,naive_persistence,indicators,2026,248.5512063878996,199.9259406887755,0.0477422957245552,0.0385495068710443,248.5512063878996,199.9259406887755,0.0477422900503976,0.0385495026035196,0.0,0.0,False,0.0,0.0,False,-5.674157595170204e-09,-1.1884970148705745e-05,True,-4.267524701673242e-09,-1.1070244597288762e-05,True
wig20,cnn1d,close,1,141.1122973331604,110.20044477184256,0.0532608430041701,0.0421333561207985,145.44998490902586,116.13708345023475,0.0548797246583461,0.0439511962342998,4.337687575865459,3.0739259850786462,False,5.9366386783922,5.387127693253264,False,0.0016188816541760007,3.0395344175255525,False,0.0018178401135012998,4.314491606814939,False
wig20,cnn1d,close,7,140.61228438775385,113.49113370620846,0.0528354721352377,0.0428860012553581,143.5771642026115,113.27513599030308,0.0544079299091335,0.0431582892979028,2.964879814857653,2.108549639007123,False,-0.21599771590537387,-0.19032122497297588,True,0.001572457773895801,2.9761402905058505,False,0.0002722880425446994,0.6349112404381143,False
wig20,cnn1d,close,42,141.34751577232402,114.8875902174474,0.0527741488064434,0.0432876934173249,143.11861783820095,113.75106655686449,0.054404411683763,0.0432369420905184,1.7711020658769314,1.2530125175526536,False,-1.1365236605829097,-0.9892484109309062,True,0.0016302628773195993,3.089131542981048,False,-5.0751326806500185e-05,-0.11724192905641893,True
wig20,cnn1d,close,123,143.77600425885316,116.41119707276546,0.0535128987185348,0.0437176639575877,141.75482167644572,113.06899859294818,0.0539005013701763,0.0429252847904092,-2.021182582407448,-1.40578575182026,True,-3.3421984798172844,-2.8710283579750215,True,0.0003876026516415054,0.7243163067659701,False,-0.000792379167178503,-1.812492012261274,True
wig20,cnn1d,close,2026,133.97145722229175,107.13849280957388,0.0515018625053429,0.041167647091404,141.50225515755272,110.38814678762095,0.0537191227394332,0.0420555964669508,7.530797935260978,5.62119580648102,False,3.2496539780470783,3.033133930512685,False,0.0022172602340903014,4.305203979487691,False,0.000887949375546801,2.1569106769092206,False
wig20,cnn1d,indicators,1,141.06434427787562,111.98825398452291,0.0538881658425494,0.043106738967111,144.07672419523334,117.04118472662918,0.0546465898005146,0.0445923891661914,3.0123799173577197,2.1354651544147703,False,5.05293074210627,4.512018504016143,False,0.0007584239579652013,1.4074035478980054,False,0.001485650199080396,3.4464453463155666,False
wig20,cnn1d,indicators,7,134.62979529985924,107.18105142135948,0.0518829852223569,0.0413401904494241,139.46883477453255,112.68042155005222,0.0530464576716682,0.0430373637128472,4.839039474673314,3.594330262402451,False,5.499370128692732,5.130916384719095,False,0.0011634724493112952,2.242493265036614,False,0.001697173263423099,4.105383272240687,False
wig20,cnn1d,indicators,42,142.18080060394348,115.13059519006396,0.0535629124100869,0.0437235001286383,142.52159467770196,114.7440628301491,0.0538274574101743,0.0436583161540873,0.3407940737584738,0.23969064199306644,False,-0.38653235991485246,-0.3357338327633445,True,0.0002645450000874003,0.4938958473019505,False,-6.518397455099884e-05,-0.14908224263661868,True
wig20,cnn1d,indicators,123,139.3327898911126,114.91692662640696,0.0527241977191835,0.0437490764417185,139.8849923180416,114.71726149581433,0.0534604554801619,0.0439721894992736,0.552202426929,0.3963190770532489,False,-0.1996651305926349,-0.17374736381677083,True,0.0007362577609784024,1.3964323646986814,False,0.00022311305755510352,0.5099834686849436,False
wig20,cnn1d,indicators,2026,143.35015896328048,113.90104397095486,0.0538360783278819,0.0433677212574698,138.14242616745756,109.17432739093982,0.0527080890261753,0.0419774552111458,-5.2077327958229205,-3.632875494164534,True,-4.726716580015037,-4.149844826023162,True,-0.0011279893017066,-2.095229327137691,True,-0.0013902660463240013,-3.205762272059746,True
wig20,dnfs,close,1,150.25754788443356,121.80612552266278,0.0565769874520672,0.0463976387772385,141.48600555017583,114.5574187096839,0.0542102167106702,0.0437263738399592,-8.771542334257731,-5.837671689547417,True,-7.248706812978881,-5.951019935881807,True,-0.0023667707413969966,-4.183274592699298,True,-0.0026712649372793024,-5.757329484167106,True
wig20,dnfs,close,7,149.2419790467281,120.44720595827634,0.0559854530554038,0.0456515265571099,143.69412420010698,116.42632959155344,0.0550183488495013,0.0443625382166686,-5.547854846621107,-3.7173554532428557,True,-4.020876366722902,-3.3382894478397103,True,-0.0009671042059024998,-1.7274205228730457,True,-0.001288988340441298,-2.823538307812726,True
wig20,dnfs,close,42,149.02254692523252,114.84918170052072,0.0545953667695082,0.0429931198622113,140.0976204953322,112.39461948336069,0.0534577284293774,0.0430611225505268,-8.924926429900324,-5.988977248106041,True,-2.4545622171600314,-2.1372047939884475,True,-0.0011376383401308018,-2.0837635269192454,True,6.800268831549938e-05,0.1581710946622187,False
wig20,dnfs,close,123,152.98636368500428,126.32274234379624,0.059064119867963,0.0483552281429107,144.45846607872943,116.72587817191292,0.0542721011541778,0.0440901518102481,-8.527897606274848,-5.574286100317811,True,-9.596864171883311,-7.597099298054162,True,-0.0047920187137852,-8.113248321481281,True,-0.0042650763326625984,-8.820300299395644,True
wig20,dnfs,close,2026,142.1294687644091,117.2527051967707,0.0527459639550626,0.0439346151811169,142.3188299192338,114.93474545019303,0.0538198687864732,0.0435936039987664,0.18936115482469518,0.1332314519085246,False,-2.317959746577671,-1.9768923392323665,True,0.0010739048314106006,2.0359943223817534,False,-0.0003410111823505049,-0.7761788306207165,True
wig20,dnfs,indicators,1,149.30472895182024,117.54575703671684,0.0581182673298949,0.0453756074758163,148.04732082435788,121.26265495631638,0.0557598612073286,0.0459881165135976,-1.2574081274623552,-0.8421756874613887,True,3.716897919599546,3.162085993830069,False,-0.0023584061225662978,-4.0579429341541635,True,0.0006125090377812961,1.3498641050871731,False
wig20,dnfs,indicators,7,154.8240244546982,128.9093999504167,0.0586028025105826,0.0489526121742394,149.13549360241942,117.51193687023368,0.0565858277627048,0.0447846572471058,-5.688530852278774,-3.6741913099819006,True,-11.39746308018303,-8.841452279327118,True,-0.002016974747877799,-3.4417718291093164,True,-0.0041679549271336006,-8.514264595928807,True
wig20,dnfs,indicators,42,148.33665309607446,118.18527009505144,0.0569081133330732,0.0449805300633552,152.4689832470681,121.91785074610694,0.0579071155041415,0.0465104259358688,4.132330150993653,2.7857782043371517,False,3.7325806510554997,3.1582452263751164,False,0.0009990021710683042,1.7554652800055413,False,0.0015298958725135994,3.4012402040588157,False
wig20,dnfs,indicators,123,148.93751563215108,122.43669182843166,0.0566892413030977,0.0464622796560431,142.0291179631901,116.8001231289433,0.0541529817047091,0.0443911375051514,-6.908397668960987,-4.6384536761197825,True,-5.636568699488365,-4.603659748816789,True,-0.0025362595983886016,-4.473969910495188,True,-0.0020711421508917,-4.457685172196061,True
wig20,dnfs,indicators,2026,142.9755603424176,110.42842001452912,0.0546075244248688,0.042319624724206,146.77101825751902,119.2154431667173,0.0554583056152814,0.0454578958643627,3.795457915101423,2.6546200665425173,False,8.78702315218817,7.957211695170551,False,0.0008507811904126042,1.557992601519856,False,0.0031382711401566968,7.415640286530392,False
wig20,linear_regression,close,1,148.10487834475555,118.51857411276409,0.0545309580581872,0.044248421294031,150.23205304994485,119.61085611052754,0.0552281460382454,0.0446616471710481,2.1271747051893044,1.4362624168514626,False,1.0922819977634504,0.9216125033061927,False,0.0006971879800581962,1.2785177537395593,False,0.000413225877017101,0.933877107775694,False
wig20,linear_regression,close,7,148.10487834475555,118.51857411276409,0.0545309580581872,0.044248421294031,150.23205304994485,119.61085611052754,0.0552281460382454,0.0446616471710481,2.1271747051893044,1.4362624168514626,False,1.0922819977634504,0.9216125033061927,False,0.0006971879800581962,1.2785177537395593,False,0.000413225877017101,0.933877107775694,False
wig20,linear_regression,close,42,148.10487834475555,118.51857411276409,0.0545309580581872,0.044248421294031,150.23205304994485,119.61085611052754,0.0552281460382454,0.0446616471710481,2.1271747051893044,1.4362624168514626,False,1.0922819977634504,0.9216125033061927,False,0.0006971879800581962,1.2785177537395593,False,0.000413225877017101,0.933877107775694,False
wig20,linear_regression,close,123,148.10487834475555,118.51857411276409,0.0545309580581872,0.044248421294031,150.23205304994485,119.61085611052754,0.0552281460382454,0.0446616471710481,2.1271747051893044,1.4362624168514626,False,1.0922819977634504,0.9216125033061927,False,0.0006971879800581962,1.2785177537395593,False,0.000413225877017101,0.933877107775694,False
wig20,linear_regression,close,2026,148.10487834475555,118.51857411276409,0.0545309580581872,0.044248421294031,150.23205304994485,119.61085611052754,0.0552281460382454,0.0446616471710481,2.1271747051893044,1.4362624168514626,False,1.0922819977634504,0.9216125033061927,False,0.0006971879800581962,1.2785177537395593,False,0.000413225877017101,0.933877107775694,False
wig20,linear_regression,indicators,1,148.17109725896063,118.7552601699098,0.0545659722642382,0.0443669795687487,147.20914194860077,118.74165436118528,0.0540358259023162,0.0444105023731442,-0.9619553103598548,-0.6492192662099495,True,-0.01360580872452033,-0.011457015634552724,True,-0.0005301463619220015,-0.9715695330319483,True,4.3522804395498826e-05,0.09809728951248127,False
wig20,linear_regression,indicators,7,148.17109725896063,118.7552601699098,0.0545659722642382,0.0443669795687487,147.20914194860077,118.74165436118528,0.0540358259023162,0.0444105023731442,-0.9619553103598548,-0.6492192662099495,True,-0.01360580872452033,-0.011457015634552724,True,-0.0005301463619220015,-0.9715695330319483,True,4.3522804395498826e-05,0.09809728951248127,False
wig20,linear_regression,indicators,42,148.17109725896063,118.7552601699098,0.0545659722642382,0.0443669795687487,147.20914194860077,118.74165436118528,0.0540358259023162,0.0444105023731442,-0.9619553103598548,-0.6492192662099495,True,-0.01360580872452033,-0.011457015634552724,True,-0.0005301463619220015,-0.9715695330319483,True,4.3522804395498826e-05,0.09809728951248127,False
wig20,linear_regression,indicators,123,148.17109725896063,118.7552601699098,0.0545659722642382,0.0443669795687487,147.20914194860077,118.74165436118528,0.0540358259023162,0.0444105023731442,-0.9619553103598548,-0.6492192662099495,True,-0.01360580872452033,-0.011457015634552724,True,-0.0005301463619220015,-0.9715695330319483,True,4.3522804395498826e-05,0.09809728951248127,False
wig20,linear_regression,indicators,2026,148.17109725896063,118.7552601699098,0.0545659722642382,0.0443669795687487,147.20914194860077,118.74165436118528,0.0540358259023162,0.0444105023731442,-0.9619553103598548,-0.6492192662099495,True,-0.01360580872452033,-0.011457015634552724,True,-0.0005301463619220015,-0.9715695330319483,True,4.3522804395498826e-05,0.09809728951248127,False
wig20,lstm_gru,close,1,140.31710990989592,113.99875052791852,0.0529634759443886,0.0431638225235666,141.07904257417982,113.90218318567828,0.0530059094323279,0.0430586790857763,0.7619326642839042,0.5430076665441415,False,-0.09656734224023467,-0.0847091233834051,True,4.243348793930152e-05,0.08011839703243133,False,-0.00010514343779029905,-0.2435915811971769,True
wig20,lstm_gru,close,7,136.76318966847197,109.66866322323844,0.0518380517179211,0.0418241696473688,141.13379526849104,113.65228896422435,0.052936588385205,0.0429272463457899,4.370605600019076,3.195747050514011,False,3.9836257409859144,3.6324193474274034,False,0.001098536667283899,2.1191704373104754,False,0.0011030766984211002,2.6374144608762027,False
wig20,lstm_gru,close,42,139.21192211464205,112.35159829765168,0.0523194464214373,0.0426312804234677,143.12756460712058,114.86108819322858,0.0537168769469685,0.0433732078964791,3.9156424924785256,2.8127206585467337,False,2.5094898955769054,2.2336040907300183,False,0.0013974305255312,2.670958163958361,False,0.0007419274730114042,1.740335888675273,False
wig20,lstm_gru,close,123,139.94807951031714,113.4673048954117,0.0523521535187988,0.042872972002397,144.99254513272436,116.64944011764568,0.0542505608186049,0.0439665077485997,5.044465622407216,3.6045265073003963,False,3.182135222233981,2.8044512251058653,False,0.0018984072998061013,3.626225803919249,False,0.0010935357462026965,2.5506413367880296,False
wig20,lstm_gru,close,2026,139.12054539566358,111.75992002963976,0.0520571642618508,0.0422340958228961,143.9535632717902,115.77125727773873,0.0538750297483713,0.0436619991866387,4.833017876126604,3.4739785287509735,False,4.011337248098968,3.5892449162768947,False,0.0018178654865204993,3.4920563044435573,False,0.0014279033637425997,3.3809256145327486,False
wig20,lstm_gru,indicators,1,138.93341858653147,112.50563423284136,0.0523247640420641,0.0426526070632682,137.64146670426615,110.8225946508491,0.0523819633691125,0.0422569361109978,-1.291951882265323,-0.9299072141240523,True,-1.6830395819922614,-1.4959602632069495,True,5.719932704840308e-05,0.1093159770437193,False,-0.0003956709522703952,-0.9276594785483612,True
wig20,lstm_gru,indicators,7,135.25743961232848,105.65927079114807,0.0518211743042968,0.040649132568392,147.90756369732244,120.64903845175846,0.0547589457928489,0.0452176910648342,12.650124084993962,9.352627198364418,False,14.989767660610383,14.186892970556253,False,0.0029377714885521003,5.6690561879229975,False,0.0045685584964422,11.239006118410076,False
wig20,lstm_gru,indicators,42,139.1632637256171,111.20416928010268,0.0522273859377111,0.042183529655096,136.55732348451514,112.00941874001896,0.0520703514759787,0.0426974596942386,-2.605940241101962,-1.8725776985512461,True,0.8052494599162827,0.7241180480275058,False,-0.00015703446173239571,-0.30067455782619984,True,0.0005139300391425947,1.2183191955358554,False
wig20,lstm_gru,indicators,123,139.6033893349484,112.16713987397088,0.0523416243150153,0.0426006397287425,141.99558739462083,114.5140210517756,0.0540685974510129,0.0436636549431962,2.392198059672438,1.7135673217309015,False,2.3468811778047183,2.0923072304791175,False,0.0017269731359975948,3.299425951330624,False,0.0010630152144536983,2.4953034067619546,False
wig20,lstm_gru,indicators,2026,139.77996745488093,110.4977700886297,0.0528908103341612,0.0420679937726556,140.613960377607,112.50867192286556,0.0533748490420188,0.0428979116316695,0.8339929227260541,0.5966469572939739,False,2.0109018342358667,1.8198573895409225,False,0.00048403870785759806,0.915165989704957,False,0.0008299178590139011,1.9728011359394844,False
wig20,mlp,close,1,144.48116530540992,116.77483982261796,0.0537090629238315,0.0438438810745295,141.87689467387344,113.3398235215502,0.0537934381106292,0.0430072926113262,-2.6042706315364796,-1.8024983575066487,True,-3.435016301067762,-2.9415722652975442,True,8.437518679769995e-05,0.1570967397389863,False,-0.0008365884632033013,-1.9081076827601056,True
wig20,mlp,close,7,137.64876730917322,112.18864105002788,0.0524511281155736,0.0431608147836335,144.82716802017794,115.30747057931356,0.0556423736794901,0.044075145267043,7.178400711004713,5.215012710488929,False,3.1188295292856765,2.7799869042846397,False,0.003191245563916499,6.084226743197476,False,0.0009143304834095048,2.118427300302536,False
wig20,mlp,close,42,143.26260722171173,113.7785587194828,0.0539872627368417,0.0434328637428241,141.92415668422464,112.52952104712948,0.0540250764308592,0.0427463189528071,-1.3384505374870912,-0.9342637017737078,True,-1.2490376723533245,-1.0977794818378608,True,3.781369401750084e-05,0.07004188043728363,False,-0.0006865447900170005,-1.5807034831554945,True
wig20,mlp,close,123,137.22981838406403,113.56798910017824,0.0521795884800732,0.0432339743020096,143.79486914624653,115.96213056611865,0.0549527517089855,0.0440317831387437,6.565050762182494,4.783982693767719,False,2.3941414659404074,2.1081129329749224,False,0.002773163228912301,5.31465139854704,False,0.0007978088367341027,1.8453284705242077,False
wig20,mlp,close,2026,130.52784889837426,103.77198888043446,0.0499235403482116,0.0400556235972553,141.5978533388311,112.21309445808048,0.0538049230639631,0.0427386764522658,11.070004440456842,8.480952175252403,False,8.441105577646013,8.134281388180591,False,0.0038813827157515024,7.774654378834621,False,0.002683052855010498,6.698317524619307,False
wig20,mlp,indicators,1,157.79477023542245,121.78745108410992,0.0580286352985215,0.0460054357276495,141.91485216269533,118.6236763043852,0.0541940045221983,0.045260669377458,-15.879918072727122,-10.063652964565952,True,-3.1637747797247187,-2.5977838862394163,True,-0.0038346307763231988,-6.608169839935734,True,-0.0007447663501915017,-1.6188659848816371,True
wig20,mlp,indicators,7,145.9469713556844,116.24757286981487,0.0547295716261351,0.0440350430527063,137.71071110755648,107.49916112669824,0.0538437572048824,0.0413832430104263,-8.236260248127934,-5.643323853603999,True,-8.748411743116634,-7.5256726030004435,True,-0.000885814421252698,-1.618529790994552,True,-0.0026518000422800017,-6.02202214065288,True
wig20,mlp,indicators,42,142.74090732630967,113.7130467716796,0.0533506156154896,0.0429450849130136,140.17014100564575,114.09722734075004,0.053791406753321,0.0437364920779638,-2.570766320663921,-1.8010018072724436,True,0.3841805690704376,0.3378509150685411,False,0.00044079113783140195,0.8262156542077922,False,0.0007914071649502002,1.8428352547287223,False
wig20,mlp,indicators,123,146.19322665138716,122.40999247499512,0.0550842580186518,0.0464562727658582,141.16673747634331,116.03202802669134,0.0534091670325876,0.0440825149848408,-5.026489175043849,-3.4382503828512054,True,-6.377964448303786,-5.210329907998828,True,-0.0016750909860641996,-3.040961331451548,True,-0.0023737577810174007,-5.10966041761734,True
wig20,mlp,indicators,2026,139.52948459392834,110.41471591226104,0.0523397156587896,0.0421783544963613,138.07251626281095,114.02602418789404,0.053483999099033,0.0436927095738669,-1.4569683311173947,-1.04420104134807,True,3.611308275632993,3.2706765993969955,False,0.0011442834402434002,2.1862622405195213,False,0.0015143550775056011,3.590360732627072,False
wig20,naive_persistence,close,1,133.75027549774717,107.11836201435813,0.0508658320749478,0.0407503582646428,133.75027549774717,107.11836201435813,0.0508658401361443,0.0407503681458734,0.0,0.0,False,0.0,0.0,False,8.061196501985002e-09,1.5847959569613065e-05,False,9.881230597641455e-09,2.4248205459864487e-05,False
wig20,naive_persistence,close,7,133.75027549774717,107.11836201435813,0.0508658320749478,0.0407503582646428,133.75027549774717,107.11836201435813,0.0508658401361443,0.0407503681458734,0.0,0.0,False,0.0,0.0,False,8.061196501985002e-09,1.5847959569613065e-05,False,9.881230597641455e-09,2.4248205459864487e-05,False
wig20,naive_persistence,close,42,133.75027549774717,107.11836201435813,0.0508658320749478,0.0407503582646428,133.75027549774717,107.11836201435813,0.0508658401361443,0.0407503681458734,0.0,0.0,False,0.0,0.0,False,8.061196501985002e-09,1.5847959569613065e-05,False,9.881230597641455e-09,2.4248205459864487e-05,False
wig20,naive_persistence,close,123,133.75027549774717,107.11836201435813,0.0508658320749478,0.0407503582646428,133.75027549774717,107.11836201435813,0.0508658401361443,0.0407503681458734,0.0,0.0,False,0.0,0.0,False,8.061196501985002e-09,1.5847959569613065e-05,False,9.881230597641455e-09,2.4248205459864487e-05,False
wig20,naive_persistence,close,2026,133.75027549774717,107.11836201435813,0.0508658320749478,0.0407503582646428,133.75027549774717,107.11836201435813,0.0508658401361443,0.0407503681458734,0.0,0.0,False,0.0,0.0,False,8.061196501985002e-09,1.5847959569613065e-05,False,9.881230597641455e-09,2.4248205459864487e-05,False
wig20,naive_persistence,indicators,1,133.75027549774717,107.11836201435813,0.0508658320749478,0.0407503582646428,133.75027549774717,107.11836201435813,0.0508658401361443,0.0407503681458734,0.0,0.0,False,0.0,0.0,False,8.061196501985002e-09,1.5847959569613065e-05,False,9.881230597641455e-09,2.4248205459864487e-05,False
wig20,naive_persistence,indicators,7,133.75027549774717,107.11836201435813,0.0508658320749478,0.0407503582646428,133.75027549774717,107.11836201435813,0.0508658401361443,0.0407503681458734,0.0,0.0,False,0.0,0.0,False,8.061196501985002e-09,1.5847959569613065e-05,False,9.881230597641455e-09,2.4248205459864487e-05,False
wig20,naive_persistence,indicators,42,133.75027549774717,107.11836201435813,0.0508658320749478,0.0407503582646428,133.75027549774717,107.11836201435813,0.0508658401361443,0.0407503681458734,0.0,0.0,False,0.0,0.0,False,8.061196501985002e-09,1.5847959569613065e-05,False,9.881230597641455e-09,2.4248205459864487e-05,False
wig20,naive_persistence,indicators,123,133.75027549774717,107.11836201435813,0.0508658320749478,0.0407503582646428,133.75027549774717,107.11836201435813,0.0508658401361443,0.0407503681458734,0.0,0.0,False,0.0,0.0,False,8.061196501985002e-09,1.5847959569613065e-05,False,9.881230597641455e-09,2.4248205459864487e-05,False
wig20,naive_persistence,indicators,2026,133.75027549774717,107.11836201435813,0.0508658320749478,0.0407503582646428,133.75027549774717,107.11836201435813,0.0508658401361443,0.0407503681458734,0.0,0.0,False,0.0,0.0,False,8.061196501985002e-09,1.5847959569613065e-05,False,9.881230597641455e-09,2.4248205459864487e-05,False
