model,fold,forecast_origin,target_date,horizon_step,actual,prediction,actual_price,prediction_price
naive_persistence,0,2023-07-14T00:00:00,2023-07-17T00:00:00,1,0.004592012484788865,0.0,2136.8701171875,2127.080078125
naive_persistence,0,2023-07-14T00:00:00,2023-07-18T00:00:00,2,0.01593194263496657,0.0,2161.239990234375,2127.080078125
naive_persistence,0,2023-07-14T00:00:00,2023-07-19T00:00:00,3,0.02068181782451408,0.0,2171.530029296875,2127.080078125
naive_persistence,0,2023-07-14T00:00:00,2023-07-20T00:00:00,4,0.014918148850746764,0.0,2159.050048828125,2127.080078125
naive_persistence,0,2023-07-14T00:00:00,2023-07-21T00:00:00,5,0.013300393870050642,0.0,2155.56005859375,2127.080078125
naive_persistence,0,2023-07-14T00:00:00,2023-07-24T00:00:00,6,0.021726626709886687,0.0,2173.800048828125,2127.080078125
naive_persistence,0,2023-07-14T00:00:00,2023-07-25T00:00:00,7,0.02538171110420916,0.0,2181.760009765625,2127.080078125
naive_persistence,0,2023-07-14T00:00:00,2023-07-26T00:00:00,8,0.01716654595481351,0.0,2163.909912109375,2127.080078125
naive_persistence,0,2023-07-14T00:00:00,2023-07-27T00:00:00,9,0.028959596395388327,0.0,2189.580078125,2127.080078125
naive_persistence,0,2023-07-14T00:00:00,2023-07-28T00:00:00,10,0.028804263275506815,0.0,2189.239990234375,2127.080078125
naive_persistence,0,2023-07-14T00:00:00,2023-07-31T00:00:00,11,0.03077563760714044,0.0,2193.56005859375,2127.080078125
naive_persistence,0,2023-07-14T00:00:00,2023-08-01T00:00:00,12,0.028589567236035895,0.0,2188.77001953125,2127.080078125
naive_persistence,0,2023-07-14T00:00:00,2023-08-02T00:00:00,13,0.007372566565765417,0.0,2142.820068359375,2127.080078125
naive_persistence,0,2023-07-14T00:00:00,2023-08-03T00:00:00,14,0.006901109401713246,0.0,2141.81005859375,2127.080078125
naive_persistence,0,2023-07-14T00:00:00,2023-08-04T00:00:00,15,0.01985254294706677,0.0,2169.72998046875,2127.080078125
naive_persistence,0,2023-07-14T00:00:00,2023-08-07T00:00:00,16,0.011726415262284108,0.0,2152.169921875,2127.080078125
naive_persistence,0,2023-07-14T00:00:00,2023-08-08T00:00:00,17,-0.006466298660392015,0.0,2113.3701171875,2127.080078125
naive_persistence,0,2023-07-14T00:00:00,2023-08-09T00:00:00,18,-0.014514318417065004,0.0,2096.429931640625,2127.080078125
naive_persistence,0,2023-07-14T00:00:00,2023-08-10T00:00:00,19,0.001644095893023422,0.0,2130.580078125,2127.080078125
naive_persistence,0,2023-07-14T00:00:00,2023-08-11T00:00:00,20,-0.010287431367788213,0.0,2105.31005859375,2127.080078125
naive_persistence,1,2023-08-11T00:00:00,2023-08-14T00:00:00,1,-0.008730328201711268,0.0,2087.010009765625,2105.31005859375
naive_persistence,1,2023-08-11T00:00:00,2023-08-16T00:00:00,2,-0.02938287391409794,0.0,2044.3499755859375,2105.31005859375
naive_persistence,1,2023-08-11T00:00:00,2023-08-17T00:00:00,3,-0.040796084101991564,0.0,2021.1500244140625,2105.31005859375
naive_persistence,1,2023-08-11T00:00:00,2023-08-18T00:00:00,4,-0.04406688289779066,0.0,2014.550048828125,2105.31005859375
naive_persistence,1,2023-08-11T00:00:00,2023-08-21T00:00:00,5,-0.043739363584643046,0.0,2015.2099609375,2105.31005859375
naive_persistence,1,2023-08-11T00:00:00,2023-08-22T00:00:00,6,-0.04653204837495716,0.0,2009.5899658203125,2105.31005859375
naive_persistence,1,2023-08-11T00:00:00,2023-08-23T00:00:00,7,-0.04516454547197411,0.0,2012.3399658203125,2105.31005859375
naive_persistence,1,2023-08-11T00:00:00,2023-08-24T00:00:00,8,-0.04653702938636974,0.0,2009.5799560546875,2105.31005859375
naive_persistence,1,2023-08-11T00:00:00,2023-08-25T00:00:00,9,-0.05110557205030538,0.0,2000.4200439453125,2105.31005859375
naive_persistence,1,2023-08-11T00:00:00,2023-08-28T00:00:00,10,-0.031846359914162965,0.0,2039.3199462890625,2105.31005859375
naive_persistence,1,2023-08-11T00:00:00,2023-08-29T00:00:00,11,-0.030493877799014583,0.0,2042.0799560546875,2105.31005859375
naive_persistence,1,2023-08-11T00:00:00,2023-08-30T00:00:00,12,-0.02664249082180042,0.0,2049.9599609375,2105.31005859375
naive_persistence,1,2023-08-11T00:00:00,2023-08-31T00:00:00,13,-0.03771843105697482,0.0,2027.3800048828125,2105.31005859375
naive_persistence,1,2023-08-11T00:00:00,2023-09-01T00:00:00,14,-0.026164556460689083,0.0,2050.93994140625,2105.31005859375
naive_persistence,1,2023-08-11T00:00:00,2023-09-04T00:00:00,15,-0.038601753258634484,0.0,2025.5899658203125,2105.31005859375
naive_persistence,1,2023-08-11T00:00:00,2023-09-05T00:00:00,16,-0.0481854661024222,0.0,2006.27001953125,2105.31005859375
naive_persistence,1,2023-08-11T00:00:00,2023-09-06T00:00:00,17,-0.07250348572656747,0.0,1958.0699462890625,2105.31005859375
naive_persistence,1,2023-08-11T00:00:00,2023-09-07T00:00:00,18,-0.08829598884626677,0.0,1927.3900146484375,2105.31005859375
naive_persistence,1,2023-08-11T00:00:00,2023-09-08T00:00:00,19,-0.07972019556278048,0.0,1943.989990234375,2105.31005859375
naive_persistence,1,2023-08-11T00:00:00,2023-09-11T00:00:00,20,-0.08085250433493904,0.0,1941.7900390625,2105.31005859375
naive_persistence,2,2023-09-11T00:00:00,2023-09-12T00:00:00,1,0.0039985596920288245,0.0,1949.5699462890625,1941.7900390625
naive_persistence,2,2023-09-11T00:00:00,2023-09-13T00:00:00,2,0.0040396336122554555,0.0,1949.6500244140625,1941.7900390625
naive_persistence,2,2023-09-11T00:00:00,2023-09-14T00:00:00,3,0.01329068361067621,0.0,1967.77001953125,1941.7900390625
naive_persistence,2,2023-09-11T00:00:00,2023-09-15T00:00:00,4,0.016983491014359448,0.0,1975.050048828125,1941.7900390625
naive_persistence,2,2023-09-11T00:00:00,2023-09-18T00:00:00,5,0.0011065630262177709,0.0,1943.93994140625,1941.7900390625
naive_persistence,2,2023-09-11T00:00:00,2023-09-19T00:00:00,6,-0.005644756259558886,0.0,1930.8599853515625,1941.7900390625
naive_persistence,2,2023-09-11T00:00:00,2023-09-20T00:00:00,7,0.017246688924855366,0.0,1975.5699462890625,1941.7900390625
naive_persistence,2,2023-09-11T00:00:00,2023-09-21T00:00:00,8,0.003993487947665381,0.0,1949.56005859375,1941.7900390625
naive_persistence,2,2023-09-11T00:00:00,2023-09-22T00:00:00,9,0.0038344350111313413,0.0,1949.25,1941.7900390625
naive_persistence,2,2023-09-11T00:00:00,2023-09-25T00:00:00,10,-0.008570016489939169,0.0,1925.219970703125,1941.7900390625
naive_persistence,2,2023-09-11T00:00:00,2023-09-26T00:00:00,11,-0.006909210620381852,0.0,1928.4200439453125,1941.7900390625
naive_persistence,2,2023-09-11T00:00:00,2023-09-27T00:00:00,12,-0.022324921546903614,0.0,1898.9200439453125,1941.7900390625
naive_persistence,2,2023-09-11T00:00:00,2023-09-28T00:00:00,13,-0.02982037302572708,0.0,1884.739990234375,1941.7900390625
naive_persistence,2,2023-09-11T00:00:00,2023-09-29T00:00:00,14,-0.013579371454988253,0.0,1915.5999755859375,1941.7900390625
naive_persistence,2,2023-09-11T00:00:00,2023-10-02T00:00:00,15,-0.035898019093525795,0.0,1873.3199462890625,1941.7900390625
naive_persistence,2,2023-09-11T00:00:00,2023-10-03T00:00:00,16,-0.0407192053187889,0.0,1864.31005859375,1941.7900390625
naive_persistence,2,2023-09-11T00:00:00,2023-10-04T00:00:00,17,-0.03268428880960152,0.0,1879.3499755859375,1941.7900390625
naive_persistence,2,2023-09-11T00:00:00,2023-10-05T00:00:00,18,-0.040536867179636636,0.0,1864.6500244140625,1941.7900390625
naive_persistence,2,2023-09-11T00:00:00,2023-10-06T00:00:00,19,-0.037441868523708344,0.0,1870.4300537109375,1941.7900390625
naive_persistence,2,2023-09-11T00:00:00,2023-10-09T00:00:00,20,-0.016815936480402905,0.0,1909.4100341796875,1941.7900390625
naive_persistence,3,2023-10-09T00:00:00,2023-10-10T00:00:00,1,0.026257278716432752,0.0,1960.2099609375,1909.4100341796875
naive_persistence,3,2023-10-09T00:00:00,2023-10-11T00:00:00,2,0.0347002176729654,0.0,1976.8299560546875,1909.4100341796875
naive_persistence,3,2023-10-09T00:00:00,2023-10-12T00:00:00,3,0.026629608515274045,0.0,1960.93994140625,1909.4100341796875
naive_persistence,3,2023-10-09T00:00:00,2023-10-13T00:00:00,4,0.03355130668103047,0.0,1974.56005859375,1909.4100341796875
naive_persistence,3,2023-10-09T00:00:00,2023-10-16T00:00:00,5,0.08532835492878456,0.0,2079.489990234375,1909.4100341796875
naive_persistence,3,2023-10-09T00:00:00,2023-10-17T00:00:00,6,0.10385266863247188,0.0,2118.3701171875,1909.4100341796875
naive_persistence,3,2023-10-09T00:00:00,2023-10-18T00:00:00,7,0.0925778969046414,0.0,2094.6201171875,1909.4100341796875
naive_persistence,3,2023-10-09T00:00:00,2023-10-19T00:00:00,8,0.07172812757044991,0.0,2051.39990234375,1909.4100341796875
naive_persistence,3,2023-10-09T00:00:00,2023-10-20T00:00:00,9,0.06070934171998652,0.0,2028.9200439453125,1909.4100341796875
naive_persistence,3,2023-10-09T00:00:00,2023-10-23T00:00:00,10,0.05686740419112736,0.0,2021.1400146484375,1909.4100341796875
naive_persistence,3,2023-10-09T00:00:00,2023-10-24T00:00:00,11,0.0756835039392862,0.0,2059.530029296875,1909.4100341796875
naive_persistence,3,2023-10-09T00:00:00,2023-10-25T00:00:00,12,0.09334139709066124,0.0,2096.219970703125,1909.4100341796875
naive_persistence,3,2023-10-09T00:00:00,2023-10-26T00:00:00,13,0.1050744862425459,0.0,2120.9599609375,1909.4100341796875
naive_persistence,3,2023-10-09T00:00:00,2023-10-27T00:00:00,14,0.09691763864450931,0.0,2103.72998046875,1909.4100341796875
naive_persistence,3,2023-10-09T00:00:00,2023-10-30T00:00:00,15,0.10766900243007424,0.0,2126.469970703125,1909.4100341796875
naive_persistence,3,2023-10-09T00:00:00,2023-10-31T00:00:00,16,0.11854793205673775,0.0,2149.72998046875,1909.4100341796875
naive_persistence,3,2023-10-09T00:00:00,2023-11-02T00:00:00,17,0.1225774870860314,0.0,2158.409912109375,1909.4100341796875
naive_persistence,3,2023-10-09T00:00:00,2023-11-03T00:00:00,18,0.13128669044608318,0.0,2177.2900390625,1909.4100341796875
naive_persistence,3,2023-10-09T00:00:00,2023-11-06T00:00:00,19,0.13528365706059053,0.0,2186.010009765625,1909.4100341796875
naive_persistence,3,2023-10-09T00:00:00,2023-11-07T00:00:00,20,0.12706617493336375,0.0,2168.1201171875,1909.4100341796875
naive_persistence,4,2023-11-07T00:00:00,2023-11-08T00:00:00,1,-0.012961226853386822,0.0,2140.199951171875,2168.1201171875
naive_persistence,4,2023-11-07T00:00:00,2023-11-09T00:00:00,2,0.0012859073513953236,0.0,2170.909912109375,2168.1201171875
naive_persistence,4,2023-11-07T00:00:00,2023-11-10T00:00:00,3,-0.0125454004443116,0.0,2141.090087890625,2168.1201171875
naive_persistence,4,2023-11-07T00:00:00,2023-11-13T00:00:00,4,-0.016471726922972395,0.0,2132.699951171875,2168.1201171875
naive_persistence,4,2023-11-07T00:00:00,2023-11-14T00:00:00,5,0.030881786873007255,0.0,2236.1201171875,2168.1201171875
naive_persistence,4,2023-11-07T00:00:00,2023-11-15T00:00:00,6,0.02302043542838504,0.0,2218.610107421875,2168.1201171875
naive_persistence,4,2023-11-07T00:00:00,2023-11-16T00:00:00,7,0.022366571338144778,0.0,2217.159912109375,2168.1201171875
naive_persistence,4,2023-11-07T00:00:00,2023-11-17T00:00:00,8,0.02736951391671876,0.0,2228.280029296875,2168.1201171875
naive_persistence,4,2023-11-07T00:00:00,2023-11-20T00:00:00,9,0.03731416583578128,0.0,2250.550048828125,2168.1201171875
naive_persistence,4,2023-11-07T00:00:00,2023-11-21T00:00:00,10,0.033057241508085235,0.0,2240.989990234375,2168.1201171875
naive_persistence,4,2023-11-07T00:00:00,2023-11-22T00:00:00,11,0.033133063102089785,0.0,2241.159912109375,2168.1201171875
naive_persistence,4,2023-11-07T00:00:00,2023-11-23T00:00:00,12,0.02616609941625567,0.0,2225.60009765625,2168.1201171875
naive_persistence,4,2023-11-07T00:00:00,2023-11-24T00:00:00,13,0.02724832811901982,0.0,2228.010009765625,2168.1201171875
naive_persistence,4,2023-11-07T00:00:00,2023-11-27T00:00:00,14,0.01824930855027699,0.0,2208.050048828125,2168.1201171875
naive_persistence,4,2023-11-07T00:00:00,2023-11-28T00:00:00,15,0.03247695062168388,0.0,2239.68994140625,2168.1201171875
naive_persistence,4,2023-11-07T00:00:00,2023-11-29T00:00:00,16,0.024745178402079498,0.0,2222.43994140625,2168.1201171875
naive_persistence,4,2023-11-07T00:00:00,2023-11-30T00:00:00,17,0.021504777295873072,0.0,2215.25,2168.1201171875
naive_persistence,4,2023-11-07T00:00:00,2023-12-01T00:00:00,18,0.05293432123462991,0.0,2285.97998046875,2168.1201171875
naive_persistence,4,2023-11-07T00:00:00,2023-12-04T00:00:00,19,0.05077100979230366,0.0,2281.0400390625,2168.1201171875
naive_persistence,4,2023-11-07T00:00:00,2023-12-05T00:00:00,20,0.05851807351732843,0.0,2298.780029296875,2168.1201171875
naive_persistence,5,2023-12-05T00:00:00,2023-12-06T00:00:00,1,0.00478673526926108,0.0,2309.81005859375,2298.780029296875
naive_persistence,5,2023-12-05T00:00:00,2023-12-07T00:00:00,2,-0.004333382759190316,0.0,2288.840087890625,2298.780029296875
naive_persistence,5,2023-12-05T00:00:00,2023-12-08T00:00:00,3,0.0031575651862123092,0.0,2306.050048828125,2298.780029296875
naive_persistence,5,2023-12-05T00:00:00,2023-12-11T00:00:00,4,0.006305191528834464,0.0,2313.320068359375,2298.780029296875
naive_persistence,5,2023-12-05T00:00:00,2023-12-12T00:00:00,5,-0.0022298034919439073,0.0,2293.659912109375,2298.780029296875
naive_persistence,5,2023-12-05T00:00:00,2023-12-13T00:00:00,6,-0.00020446443109754114,0.0,2298.31005859375,2298.780029296875
naive_persistence,5,2023-12-05T00:00:00,2023-12-14T00:00:00,7,0.005976601184248948,0.0,2312.56005859375,2298.780029296875
naive_persistence,5,2023-12-05T00:00:00,2023-12-15T00:00:00,8,0.009382551177326733,0.0,2320.449951171875,2298.780029296875
naive_persistence,5,2023-12-05T00:00:00,2023-12-18T00:00:00,9,0.015419175262124458,0.0,2334.5,2298.780029296875
naive_persistence,5,2023-12-05T00:00:00,2023-12-19T00:00:00,10,0.023979589429115333,0.0,2354.570068359375,2298.780029296875
naive_persistence,5,2023-12-05T00:00:00,2023-12-20T00:00:00,11,0.020554827705400916,0.0,2346.52001953125,2298.780029296875
naive_persistence,5,2023-12-05T00:00:00,2023-12-21T00:00:00,12,0.021470617064653565,0.0,2348.669921875,2298.780029296875
naive_persistence,5,2023-12-05T00:00:00,2023-12-22T00:00:00,13,0.020631504972537924,0.0,2346.699951171875,2298.780029296875
naive_persistence,5,2023-12-05T00:00:00,2023-12-27T00:00:00,14,0.031051345930291307,0.0,2371.280029296875,2298.780029296875
naive_persistence,5,2023-12-05T00:00:00,2023-12-28T00:00:00,15,0.024722548840058964,0.0,2356.320068359375,2298.780029296875
naive_persistence,5,2023-12-05T00:00:00,2023-12-29T00:00:00,16,0.01904932714936506,0.0,2342.989990234375,2298.780029296875
naive_persistence,5,2023-12-05T00:00:00,2024-01-02T00:00:00,17,0.0020120353281243737,0.0,2303.409912109375,2298.780029296875
naive_persistence,5,2023-12-05T00:00:00,2024-01-03T00:00:00,18,-0.0015933793800498245,0.0,2295.1201171875,2298.780029296875
naive_persistence,5,2023-12-05T00:00:00,2024-01-04T00:00:00,19,-0.0072255335818913,0.0,2282.22998046875,2298.780029296875
naive_persistence,5,2023-12-05T00:00:00,2024-01-05T00:00:00,20,-0.010578705145367434,0.0,2274.590087890625,2298.780029296875
naive_persistence,6,2024-01-05T00:00:00,2024-01-08T00:00:00,1,0.002314229668691694,0.0,2279.860107421875,2274.590087890625
naive_persistence,6,2024-01-05T00:00:00,2024-01-09T00:00:00,2,0.005965605924245004,0.0,2288.199951171875,2274.590087890625
naive_persistence,6,2024-01-05T00:00:00,2024-01-10T00:00:00,3,-0.0016588251735932978,0.0,2270.820068359375,2274.590087890625
naive_persistence,6,2024-01-05T00:00:00,2024-01-11T00:00:00,4,-0.012555520911562607,0.0,2246.2099609375,2274.590087890625
naive_persistence,6,2024-01-05T00:00:00,2024-01-12T00:00:00,5,-0.011500914406443742,0.0,2248.580078125,2274.590087890625
naive_persistence,6,2024-01-05T00:00:00,2024-01-15T00:00:00,6,-0.026091569104277623,0.0,2216.010009765625,2274.590087890625
naive_persistence,6,2024-01-05T00:00:00,2024-01-16T00:00:00,7,-0.02946817360329632,0.0,2208.5400390625,2274.590087890625
naive_persistence,6,2024-01-05T00:00:00,2024-01-17T00:00:00,8,-0.048128562248950256,0.0,2167.7099609375,2274.590087890625
naive_persistence,6,2024-01-05T00:00:00,2024-01-18T00:00:00,9,-0.03732312971659524,0.0,2191.260009765625,2274.590087890625
naive_persistence,6,2024-01-05T00:00:00,2024-01-19T00:00:00,10,-0.0329289837511606,0.0,2200.909912109375,2274.590087890625
naive_persistence,6,2024-01-05T00:00:00,2024-01-22T00:00:00,11,-0.03105872748654599,0.0,2205.030029296875,2274.590087890625
naive_persistence,6,2024-01-05T00:00:00,2024-01-23T00:00:00,12,-0.03503937921932055,0.0,2196.27001953125,2274.590087890625
naive_persistence,6,2024-01-05T00:00:00,2024-01-24T00:00:00,13,-0.02728808354754401,0.0,2213.360107421875,2274.590087890625
naive_persistence,6,2024-01-05T00:00:00,2024-01-25T00:00:00,14,-0.03053737285596655,0.0,2206.179931640625,2274.590087890625
naive_persistence,6,2024-01-05T00:00:00,2024-01-26T00:00:00,15,-0.022730829561926007,0.0,2223.469970703125,2274.590087890625
naive_persistence,6,2024-01-05T00:00:00,2024-01-29T00:00:00,16,-0.02737401340489651,0.0,2213.169921875,2274.590087890625
naive_persistence,6,2024-01-05T00:00:00,2024-01-30T00:00:00,17,-0.01718729629909216,0.0,2235.830078125,2274.590087890625
naive_persistence,6,2024-01-05T00:00:00,2024-01-31T00:00:00,18,0.002314229668691694,0.0,2279.860107421875,2274.590087890625
naive_persistence,6,2024-01-05T00:00:00,2024-02-01T00:00:00,19,0.013744951602119868,0.0,2306.070068359375,2274.590087890625
naive_persistence,6,2024-01-05T00:00:00,2024-02-02T00:00:00,20,0.032802664722308826,0.0,2350.43994140625,2274.590087890625
naive_persistence,7,2024-02-02T00:00:00,2024-02-05T00:00:00,1,-0.008854443636353706,0.0,2329.719970703125,2350.43994140625
naive_persistence,7,2024-02-02T00:00:00,2024-02-06T00:00:00,2,-0.007781928644283945,0.0,2332.219970703125,2350.43994140625
naive_persistence,7,2024-02-02T00:00:00,2024-02-07T00:00:00,3,-0.0013325031240952313,0.0,2347.31005859375,2350.43994140625
naive_persistence,7,2024-02-02T00:00:00,2024-02-08T00:00:00,4,-0.013513943158909626,0.0,2318.889892578125,2350.43994140625
naive_persistence,7,2024-02-02T00:00:00,2024-02-09T00:00:00,5,-0.017619145861726693,0.0,2309.389892578125,2350.43994140625
naive_persistence,7,2024-02-02T00:00:00,2024-02-12T00:00:00,6,-0.0022617322523735095,0.0,2345.1298828125,2350.43994140625
naive_persistence,7,2024-02-02T00:00:00,2024-02-13T00:00:00,7,-0.021654228927541222,0.0,2300.090087890625,2350.43994140625
naive_persistence,7,2024-02-02T00:00:00,2024-02-14T00:00:00,8,-0.0011877335186369616,0.0,2347.64990234375,2350.43994140625
naive_persistence,7,2024-02-02T00:00:00,2024-02-15T00:00:00,9,-0.001997339555649642,0.0,2345.75,2350.43994140625
naive_persistence,7,2024-02-02T00:00:00,2024-02-16T00:00:00,10,0.008730395859165976,0.0,2371.050048828125,2350.43994140625
naive_persistence,7,2024-02-02T00:00:00,2024-02-19T00:00:00,11,0.01582852530552645,0.0,2387.93994140625,2350.43994140625
naive_persistence,7,2024-02-02T00:00:00,2024-02-20T00:00:00,12,0.030478179193526134,0.0,2423.179931640625,2350.43994140625
naive_persistence,7,2024-02-02T00:00:00,2024-02-21T00:00:00,13,0.02561738443764657,0.0,2411.429931640625,2350.43994140625
naive_persistence,7,2024-02-02T00:00:00,2024-02-22T00:00:00,14,0.04039105647357725,0.0,2447.320068359375,2350.43994140625
naive_persistence,7,2024-02-02T00:00:00,2024-02-23T00:00:00,15,0.05237298717205131,0.0,2476.820068359375,2350.43994140625
naive_persistence,7,2024-02-02T00:00:00,2024-02-26T00:00:00,16,0.04720383774571668,0.0,2464.050048828125,2350.43994140625
naive_persistence,7,2024-02-02T00:00:00,2024-02-27T00:00:00,17,0.044676358874283666,0.0,2457.830078125,2350.43994140625
naive_persistence,7,2024-02-02T00:00:00,2024-02-28T00:00:00,18,0.02585375912126743,0.0,2412.0,2350.43994140625
naive_persistence,7,2024-02-02T00:00:00,2024-02-29T00:00:00,19,0.028379628472271705,0.0,2418.10009765625,2350.43994140625
naive_persistence,7,2024-02-02T00:00:00,2024-03-01T00:00:00,20,0.031105265514889013,0.0,2424.699951171875,2350.43994140625
naive_persistence,8,2024-03-01T00:00:00,2024-03-04T00:00:00,1,-0.010914324680835606,0.0,2398.3798828125,2424.699951171875
naive_persistence,8,2024-03-01T00:00:00,2024-03-05T00:00:00,2,-0.023771875686713035,0.0,2367.739990234375,2424.699951171875
naive_persistence,8,2024-03-01T00:00:00,2024-03-06T00:00:00,3,-0.022239888633942356,0.0,2371.3701171875,2424.699951171875
naive_persistence,8,2024-03-01T00:00:00,2024-03-07T00:00:00,4,-0.03716927459538735,0.0,2336.22998046875,2424.699951171875
naive_persistence,8,2024-03-01T00:00:00,2024-03-08T00:00:00,5,-0.030590617345920227,0.0,2351.64990234375,2424.699951171875
naive_persistence,8,2024-03-01T00:00:00,2024-03-11T00:00:00,6,-0.022653332005736333,0.0,2370.389892578125,2424.699951171875
naive_persistence,8,2024-03-01T00:00:00,2024-03-12T00:00:00,7,0.00016088808647362558,0.0,2425.090087890625,2424.699951171875
naive_persistence,8,2024-03-01T00:00:00,2024-03-13T00:00:00,8,-0.0067825042266036395,0.0,2408.31005859375,2424.699951171875
naive_persistence,8,2024-03-01T00:00:00,2024-03-14T00:00:00,9,-0.005114667445966739,0.0,2412.330078125,2424.699951171875
naive_persistence,8,2024-03-01T00:00:00,2024-03-15T00:00:00,10,-0.030879788771091148,0.0,2350.969970703125,2424.699951171875
naive_persistence,8,2024-03-01T00:00:00,2024-03-18T00:00:00,11,-0.030922262999807288,0.0,2350.8701171875,2424.699951171875
naive_persistence,8,2024-03-01T00:00:00,2024-03-19T00:00:00,12,-0.03737903203785554,0.0,2335.739990234375,2424.699951171875
naive_persistence,8,2024-03-01T00:00:00,2024-03-20T00:00:00,13,-0.03498005745878951,0.0,2341.35009765625,2424.699951171875
naive_persistence,8,2024-03-01T00:00:00,2024-03-21T00:00:00,14,-0.006188931445865751,0.0,2409.739990234375,2424.699951171875
naive_persistence,8,2024-03-01T00:00:00,2024-03-22T00:00:00,15,-0.01957838177937409,0.0,2377.68994140625,2424.699951171875
naive_persistence,8,2024-03-01T00:00:00,2024-03-25T00:00:00,16,-0.034173202367865196,0.0,2343.239990234375,2424.699951171875
naive_persistence,8,2024-03-01T00:00:00,2024-03-26T00:00:00,17,-0.015402399852358967,0.0,2387.639892578125,2424.699951171875
naive_persistence,8,2024-03-01T00:00:00,2024-03-27T00:00:00,18,-0.012403865017199788,0.0,2394.81005859375,2424.699951171875
naive_persistence,8,2024-03-01T00:00:00,2024-03-28T00:00:00,19,0.0046701098739804344,0.0,2436.050048828125,2424.699951171875
naive_persistence,8,2024-03-01T00:00:00,2024-04-02T00:00:00,20,0.004144518984406366,0.0,2434.77001953125,2424.699951171875
naive_persistence,9,2024-04-02T00:00:00,2024-04-03T00:00:00,1,-0.00040668792067084347,0.0,2433.780029296875,2434.77001953125
naive_persistence,9,2024-04-02T00:00:00,2024-04-04T00:00:00,2,0.01408242519567941,0.0,2469.300048828125,2434.77001953125
naive_persistence,9,2024-04-02T00:00:00,2024-04-05T00:00:00,3,0.01466944403118909,0.0,2470.75,2434.77001953125
naive_persistence,9,2024-04-02T00:00:00,2024-04-08T00:00:00,4,0.029286321653623153,0.0,2507.1298828125,2434.77001953125
naive_persistence,9,2024-04-02T00:00:00,2024-04-09T00:00:00,5,0.01655774279018017,0.0,2475.419921875,2434.77001953125
naive_persistence,9,2024-04-02T00:00:00,2024-04-10T00:00:00,6,0.026542426129406726,0.0,2500.260009765625,2434.77001953125
naive_persistence,9,2024-04-02T00:00:00,2024-04-11T00:00:00,7,0.013681425430164072,0.0,2468.31005859375,2434.77001953125
naive_persistence,9,2024-04-02T00:00:00,2024-04-12T00:00:00,8,0.004667107871693372,0.0,2446.159912109375,2434.77001953125
naive_persistence,9,2024-04-02T00:00:00,2024-04-15T00:00:00,9,0.007585852798463292,0.0,2453.31005859375,2434.77001953125
naive_persistence,9,2024-04-02T00:00:00,2024-04-16T00:00:00,10,-0.017513459897994726,0.0,2392.5,2434.77001953125
naive_persistence,9,2024-04-02T00:00:00,2024-04-17T00:00:00,11,-0.0010067417428311321,0.0,2432.320068359375,2434.77001953125
naive_persistence,9,2024-04-02T00:00:00,2024-04-18T00:00:00,12,0.010711399800660647,0.0,2460.989990234375,2434.77001953125
naive_persistence,9,2024-04-02T00:00:00,2024-04-19T00:00:00,13,0.011949990915803763,0.0,2464.0400390625,2434.77001953125
naive_persistence,9,2024-04-02T00:00:00,2024-04-22T00:00:00,14,0.029768910566997757,0.0,2508.340087890625,2434.77001953125
naive_persistence,9,2024-04-02T00:00:00,2024-04-23T00:00:00,15,0.023353694260855828,0.0,2492.300048828125,2434.77001953125
naive_persistence,9,2024-04-02T00:00:00,2024-04-24T00:00:00,16,0.014029725896533316,0.0,2469.169921875,2434.77001953125
naive_persistence,9,2024-04-02T00:00:00,2024-04-25T00:00:00,17,0.004981845414716443,0.0,2446.929931640625,2434.77001953125
naive_persistence,9,2024-04-02T00:00:00,2024-04-26T00:00:00,18,0.018043326234620946,0.0,2479.10009765625,2434.77001953125
naive_persistence,9,2024-04-02T00:00:00,2024-04-29T00:00:00,19,0.02956955568573971,0.0,2507.840087890625,2434.77001953125
naive_persistence,9,2024-04-02T00:00:00,2024-04-30T00:00:00,20,0.016909183889646816,0.0,2476.2900390625,2434.77001953125
naive_persistence,10,2024-04-30T00:00:00,2024-05-02T00:00:00,1,-0.0023328254287691705,0.0,2470.52001953125,2476.2900390625
naive_persistence,10,2024-04-30T00:00:00,2024-05-06T00:00:00,2,0.028362785664126113,0.0,2547.530029296875,2476.2900390625
naive_persistence,10,2024-04-30T00:00:00,2024-05-07T00:00:00,3,0.02421684696408501,0.0,2536.989990234375,2476.2900390625
naive_persistence,10,2024-04-30T00:00:00,2024-05-08T00:00:00,4,0.02961417263907986,0.0,2550.719970703125,2476.2900390625
naive_persistence,10,2024-04-30T00:00:00,2024-05-09T00:00:00,5,0.03544643016814767,0.0,2565.639892578125,2476.2900390625
naive_persistence,10,2024-04-30T00:00:00,2024-05-10T00:00:00,6,0.01870701836012435,0.0,2523.050048828125,2476.2900390625
naive_persistence,10,2024-04-30T00:00:00,2024-05-13T00:00:00,7,0.02819400731086695,0.0,2547.10009765625,2476.2900390625
naive_persistence,10,2024-04-30T00:00:00,2024-05-14T00:00:00,8,0.03215531702187685,0.0,2557.2099609375,2476.2900390625
naive_persistence,10,2024-04-30T00:00:00,2024-05-15T00:00:00,9,0.031415999050782975,0.0,2555.320068359375,2476.2900390625
naive_persistence,10,2024-04-30T00:00:00,2024-05-16T00:00:00,10,0.034350659012101124,0.0,2562.830078125,2476.2900390625
naive_persistence,10,2024-04-30T00:00:00,2024-05-17T00:00:00,11,0.039072496711711056,0.0,2574.9599609375,2476.2900390625
naive_persistence,10,2024-04-30T00:00:00,2024-05-20T00:00:00,12,0.04609262070862754,0.0,2593.10009765625,2476.2900390625
naive_persistence,10,2024-04-30T00:00:00,2024-05-21T00:00:00,13,0.03617897194334767,0.0,2567.52001953125,2476.2900390625
naive_persistence,10,2024-04-30T00:00:00,2024-05-22T00:00:00,14,0.030390115280839188,0.0,2552.699951171875,2476.2900390625
naive_persistence,10,2024-04-30T00:00:00,2024-05-23T00:00:00,15,0.025941863680752585,0.0,2541.3701171875,2476.2900390625
naive_persistence,10,2024-04-30T00:00:00,2024-05-24T00:00:00,16,0.02098341309546951,0.0,2528.800048828125,2476.2900390625
naive_persistence,10,2024-04-30T00:00:00,2024-05-27T00:00:00,17,0.021489465538725452,0.0,2530.080078125,2476.2900390625
naive_persistence,10,2024-04-30T00:00:00,2024-05-28T00:00:00,18,0.011914385309819753,0.0,2505.969970703125,2476.2900390625
naive_persistence,10,2024-04-30T00:00:00,2024-05-29T00:00:00,19,-0.004983567304107449,0.0,2463.97998046875,2476.2900390625
naive_persistence,10,2024-04-30T00:00:00,2024-05-31T00:00:00,20,0.003724440140142467,0.0,2485.530029296875,2476.2900390625
naive_persistence,11,2024-05-31T00:00:00,2024-06-03T00:00:00,1,0.004572012776954697,0.0,2496.919921875,2485.530029296875
naive_persistence,11,2024-05-31T00:00:00,2024-06-04T00:00:00,2,-0.021027973484675937,0.0,2433.81005859375,2485.530029296875
naive_persistence,11,2024-05-31T00:00:00,2024-06-05T00:00:00,3,-0.01630581317965481,0.0,2445.330078125,2485.530029296875
naive_persistence,11,2024-05-31T00:00:00,2024-06-06T00:00:00,4,-0.009312899096352566,0.0,2462.489990234375,2485.530029296875
naive_persistence,11,2024-05-31T00:00:00,2024-06-07T00:00:00,5,-0.023072114964732514,0.0,2428.840087890625,2485.530029296875
naive_persistence,11,2024-05-31T00:00:00,2024-06-10T00:00:00,6,-0.023179171697313476,0.0,2428.580078125,2485.530029296875
naive_persistence,11,2024-05-31T00:00:00,2024-06-11T00:00:00,7,-0.03380546198007805,0.0,2402.909912109375,2485.530029296875
naive_persistence,11,2024-05-31T00:00:00,2024-06-12T00:00:00,8,-0.017304207590788608,0.0,2442.889892578125,2485.530029296875
naive_persistence,11,2024-05-31T00:00:00,2024-06-13T00:00:00,9,-0.0343383035764838,0.0,2401.6298828125,2485.530029296875
naive_persistence,11,2024-05-31T00:00:00,2024-06-14T00:00:00,10,-0.029312667500473986,0.0,2413.72998046875,2485.530029296875
naive_persistence,11,2024-05-31T00:00:00,2024-06-17T00:00:00,11,-0.010816553367994928,0.0,2458.7900390625,2485.530029296875
naive_persistence,11,2024-05-31T00:00:00,2024-06-18T00:00:00,12,-0.01231431775833966,0.0,2455.110107421875,2485.530029296875
naive_persistence,11,2024-05-31T00:00:00,2024-06-19T00:00:00,13,0.0024953294217158815,0.0,2491.739990234375,2485.530029296875
naive_persistence,11,2024-05-31T00:00:00,2024-06-20T00:00:00,14,0.004932450555850057,0.0,2497.820068359375,2485.530029296875
naive_persistence,11,2024-05-31T00:00:00,2024-06-21T00:00:00,15,0.00176060167359952,0.0,2489.909912109375,2485.530029296875
naive_persistence,11,2024-05-31T00:00:00,2024-06-24T00:00:00,16,0.02263042435077562,0.0,2542.419921875,2485.530029296875
naive_persistence,11,2024-05-31T00:00:00,2024-06-25T00:00:00,17,0.024512698931455107,0.0,2547.2099609375,2485.530029296875
naive_persistence,11,2024-05-31T00:00:00,2024-06-26T00:00:00,18,0.02224095956506648,0.0,2541.429931640625,2485.530029296875
naive_persistence,11,2024-05-31T00:00:00,2024-06-27T00:00:00,19,0.024736474979237852,0.0,2547.780029296875,2485.530029296875
naive_persistence,11,2024-05-31T00:00:00,2024-06-28T00:00:00,20,0.030017308580504613,0.0,2561.27001953125,2485.530029296875
naive_persistence,12,2024-06-28T00:00:00,2024-07-01T00:00:00,1,-0.0031988121461295825,0.0,2553.090087890625,2561.27001953125
naive_persistence,12,2024-06-28T00:00:00,2024-07-02T00:00:00,2,-0.012900748254666753,0.0,2528.43994140625,2561.27001953125
naive_persistence,12,2024-06-28T00:00:00,2024-07-03T00:00:00,3,-0.006907153054308833,0.0,2543.639892578125,2561.27001953125
naive_persistence,12,2024-06-28T00:00:00,2024-07-04T00:00:00,4,-0.004758916071355442,0.0,2549.110107421875,2561.27001953125
naive_persistence,12,2024-06-28T00:00:00,2024-07-05T00:00:00,5,-0.01668495120505249,0.0,2518.889892578125,2561.27001953125
naive_persistence,12,2024-06-28T00:00:00,2024-07-08T00:00:00,6,-0.008575442656134283,0.0,2539.39990234375,2561.27001953125
naive_persistence,12,2024-06-28T00:00:00,2024-07-09T00:00:00,7,-0.006824516988725157,0.0,2543.85009765625,2561.27001953125
naive_persistence,12,2024-06-28T00:00:00,2024-07-10T00:00:00,8,-0.015692942700929517,0.0,2521.389892578125,2561.27001953125
naive_persistence,12,2024-06-28T00:00:00,2024-07-11T00:00:00,9,-0.005316193594025852,0.0,2547.68994140625,2561.27001953125
naive_persistence,12,2024-06-28T00:00:00,2024-07-12T00:00:00,10,0.0019190489725456922,0.0,2566.18994140625,2561.27001953125
naive_persistence,12,2024-06-28T00:00:00,2024-07-15T00:00:00,11,0.003348227662566899,0.0,2569.860107421875,2561.27001953125
naive_persistence,12,2024-06-28T00:00:00,2024-07-16T00:00:00,12,-0.029856429342713355,0.0,2485.929931640625,2561.27001953125
naive_persistence,12,2024-06-28T00:00:00,2024-07-17T00:00:00,13,-0.042527247537466374,0.0,2454.6298828125,2561.27001953125
naive_persistence,12,2024-06-28T00:00:00,2024-07-18T00:00:00,14,-0.02563754330157539,0.0,2496.43994140625,2561.27001953125
naive_persistence,12,2024-06-28T00:00:00,2024-07-19T00:00:00,15,-0.03370546778473682,0.0,2476.3798828125,2561.27001953125
naive_persistence,12,2024-06-28T00:00:00,2024-07-22T00:00:00,16,-0.03172866898572626,0.0,2481.280029296875,2561.27001953125
naive_persistence,12,2024-06-28T00:00:00,2024-07-23T00:00:00,17,-0.046433550386087104,0.0,2445.06005859375,2561.27001953125
naive_persistence,12,2024-06-28T00:00:00,2024-07-24T00:00:00,18,-0.051904423004236123,0.0,2431.719970703125,2561.27001953125
naive_persistence,12,2024-06-28T00:00:00,2024-07-25T00:00:00,19,-0.058543162716246475,0.0,2415.6298828125,2561.27001953125
naive_persistence,12,2024-06-28T00:00:00,2024-07-26T00:00:00,20,-0.06205980232479799,0.0,2407.14990234375,2561.27001953125
naive_persistence,13,2024-07-26T00:00:00,2024-07-29T00:00:00,1,0.004960451586962011,0.0,2419.1201171875,2407.14990234375
naive_persistence,13,2024-07-26T00:00:00,2024-07-30T00:00:00,2,-0.00934074270712101,0.0,2384.77001953125,2407.14990234375
naive_persistence,13,2024-07-26T00:00:00,2024-07-31T00:00:00,3,0.005939614619566548,0.0,2421.489990234375,2407.14990234375
naive_persistence,13,2024-07-26T00:00:00,2024-08-01T00:00:00,4,-0.01360596049322373,0.0,2374.6201171875,2407.14990234375
naive_persistence,13,2024-07-26T00:00:00,2024-08-02T00:00:00,5,-0.028651581538130723,0.0,2339.159912109375,2407.14990234375
naive_persistence,13,2024-07-26T00:00:00,2024-08-05T00:00:00,6,-0.06030811771056213,0.0,2266.27001953125,2407.14990234375
naive_persistence,13,2024-07-26T00:00:00,2024-08-06T00:00:00,7,-0.07296806463107978,0.0,2237.760009765625,2407.14990234375
naive_persistence,13,2024-07-26T00:00:00,2024-08-07T00:00:00,8,-0.07359831830038782,0.0,2236.35009765625,2407.14990234375
naive_persistence,13,2024-07-26T00:00:00,2024-08-08T00:00:00,9,-0.061266062419187535,0.0,2264.10009765625,2407.14990234375
naive_persistence,13,2024-07-26T00:00:00,2024-08-09T00:00:00,10,-0.06373369437231775,0.0,2258.52001953125,2407.14990234375
naive_persistence,13,2024-07-26T00:00:00,2024-08-12T00:00:00,11,-0.030153251366223363,0.0,2335.64990234375,2407.14990234375
naive_persistence,13,2024-07-26T00:00:00,2024-08-13T00:00:00,12,-0.03243780799044605,0.0,2330.320068359375,2407.14990234375
naive_persistence,13,2024-07-26T00:00:00,2024-08-14T00:00:00,13,-0.02652488346053227,0.0,2344.139892578125,2407.14990234375
naive_persistence,13,2024-07-26T00:00:00,2024-08-16T00:00:00,14,0.005762050469513547,0.0,2421.06005859375,2407.14990234375
naive_persistence,13,2024-07-26T00:00:00,2024-08-19T00:00:00,15,0.00816712348109782,0.0,2426.889892578125,2407.14990234375
naive_persistence,13,2024-07-26T00:00:00,2024-08-20T00:00:00,16,-0.009902836553701052,0.0,2383.429931640625,2407.14990234375
naive_persistence,13,2024-07-26T00:00:00,2024-08-21T00:00:00,17,-0.0023207159171904678,0.0,2401.570068359375,2407.14990234375
naive_persistence,13,2024-07-26T00:00:00,2024-08-22T00:00:00,18,-0.0029538437136124233,0.0,2400.050048828125,2407.14990234375
naive_persistence,13,2024-07-26T00:00:00,2024-08-23T00:00:00,19,-0.002453999427833412,0.0,2401.25,2407.14990234375
naive_persistence,13,2024-07-26T00:00:00,2024-08-26T00:00:00,20,-0.004901601290578738,0.0,2395.3798828125,2407.14990234375
naive_persistence,14,2024-08-26T00:00:00,2024-08-27T00:00:00,1,0.0003506502733597469,0.0,2396.219970703125,2395.3798828125
naive_persistence,14,2024-08-26T00:00:00,2024-08-28T00:00:00,2,-0.004787276715263807,0.0,2383.93994140625,2395.3798828125
naive_persistence,14,2024-08-26T00:00:00,2024-08-29T00:00:00,3,0.003234337626436797,0.0,2403.139892578125,2395.3798828125
naive_persistence,14,2024-08-26T00:00:00,2024-08-30T00:00:00,4,0.006980741982212002,0.0,2412.159912109375,2395.3798828125
naive_persistence,14,2024-08-26T00:00:00,2024-09-02T00:00:00,5,0.025020706102340754,0.0,2456.070068359375,2395.3798828125
naive_persistence,14,2024-08-26T00:00:00,2024-09-03T00:00:00,6,0.005877423860366215,0.0,2409.5,2395.3798828125
naive_persistence,14,2024-08-26T00:00:00,2024-09-04T00:00:00,7,0.0032261086123655737,0.0,2403.1201171875,2395.3798828125
naive_persistence,14,2024-08-26T00:00:00,2024-09-05T00:00:00,8,-0.00983367223482453,0.0,2371.93994140625,2395.3798828125
naive_persistence,14,2024-08-26T00:00:00,2024-09-06T00:00:00,9,-0.03275083182832421,0.0,2318.199951171875,2395.3798828125
naive_persistence,14,2024-08-26T00:00:00,2024-09-09T00:00:00,10,-0.027291710431145637,0.0,2330.889892578125,2395.3798828125
naive_persistence,14,2024-08-26T00:00:00,2024-09-10T00:00:00,11,-0.037359794287160845,0.0,2307.5400390625,2395.3798828125
naive_persistence,14,2024-08-26T00:00:00,2024-09-11T00:00:00,12,-0.0571465430575161,0.0,2262.330078125,2395.3798828125
naive_persistence,14,2024-08-26T00:00:00,2024-09-12T00:00:00,13,-0.043105300131044404,0.0,2294.320068359375,2395.3798828125
naive_persistence,14,2024-08-26T00:00:00,2024-09-13T00:00:00,14,-0.024836342375687503,0.0,2336.6201171875,2395.3798828125
naive_persistence,14,2024-08-26T00:00:00,2024-09-16T00:00:00,15,-0.04291356610151858,0.0,2294.760009765625,2395.3798828125
naive_persistence,14,2024-08-26T00:00:00,2024-09-17T00:00:00,16,-0.025589855080131084,0.0,2334.860107421875,2395.3798828125
naive_persistence,14,2024-08-26T00:00:00,2024-09-18T00:00:00,17,-0.029095201712012003,0.0,2326.68994140625,2395.3798828125
naive_persistence,14,2024-08-26T00:00:00,2024-09-19T00:00:00,18,-0.029047879198317368,0.0,2326.800048828125,2395.3798828125
naive_persistence,14,2024-08-26T00:00:00,2024-09-20T00:00:00,19,-0.049375170806245726,0.0,2279.97998046875,2395.3798828125
naive_persistence,14,2024-08-26T00:00:00,2024-09-23T00:00:00,20,-0.046383974294421974,0.0,2286.81005859375,2395.3798828125
naive_persistence,15,2024-09-23T00:00:00,2024-09-24T00:00:00,1,0.021919840975400305,0.0,2337.489990234375,2286.81005859375
naive_persistence,15,2024-09-23T00:00:00,2024-09-25T00:00:00,2,0.025664716248650778,0.0,2346.260009765625,2286.81005859375
naive_persistence,15,2024-09-23T00:00:00,2024-09-26T00:00:00,3,0.034241522011279314,0.0,2366.469970703125,2286.81005859375
naive_persistence,15,2024-09-23T00:00:00,2024-09-27T00:00:00,4,0.04118133650687929,0.0,2382.949951171875,2286.81005859375
naive_persistence,15,2024-09-23T00:00:00,2024-09-30T00:00:00,5,0.016187866097499972,0.0,2324.1298828125,2286.81005859375
naive_persistence,15,2024-09-23T00:00:00,2024-10-01T00:00:00,6,0.012623296275387967,0.0,2315.860107421875,2286.81005859375
naive_persistence,15,2024-09-23T00:00:00,2024-10-02T00:00:00,7,0.013417434615422956,0.0,2317.699951171875,2286.81005859375
naive_persistence,15,2024-09-23T00:00:00,2024-10-03T00:00:00,8,-0.0026930227196903063,0.0,2280.659912109375,2286.81005859375
naive_persistence,15,2024-09-23T00:00:00,2024-10-04T00:00:00,9,0.002061870583961403,0.0,2291.530029296875,2286.81005859375
naive_persistence,15,2024-09-23T00:00:00,2024-10-07T00:00:00,10,0.002053134229454633,0.0,2291.510009765625,2286.81005859375
naive_persistence,15,2024-09-23T00:00:00,2024-10-08T00:00:00,11,-0.0009012497732881228,0.0,2284.75,2286.81005859375
naive_persistence,15,2024-09-23T00:00:00,2024-10-09T00:00:00,12,0.014960911349883628,0.0,2321.280029296875,2286.81005859375
naive_persistence,15,2024-09-23T00:00:00,2024-10-10T00:00:00,13,0.009292773311487694,0.0,2308.159912109375,2286.81005859375
naive_persistence,15,2024-09-23T00:00:00,2024-10-11T00:00:00,14,0.020318556930333177,0.0,2333.75,2286.81005859375
naive_persistence,15,2024-09-23T00:00:00,2024-10-14T00:00:00,15,0.017636871225622932,0.0,2327.5,2286.81005859375
naive_persistence,15,2024-09-23T00:00:00,2024-10-15T00:00:00,16,0.015563803019031661,0.0,2322.679931640625,2286.81005859375
naive_persistence,15,2024-09-23T00:00:00,2024-10-16T00:00:00,17,0.0234203295653116,0.0,2341.0,2286.81005859375
naive_persistence,15,2024-09-23T00:00:00,2024-10-17T00:00:00,18,-0.0012383323068731959,0.0,2283.97998046875,2286.81005859375
naive_persistence,15,2024-09-23T00:00:00,2024-10-18T00:00:00,19,0.007198076907239639,0.0,2303.330078125,2286.81005859375
naive_persistence,15,2024-09-23T00:00:00,2024-10-21T00:00:00,20,-0.003530811932726356,0.0,2278.75,2286.81005859375
naive_persistence,16,2024-10-21T00:00:00,2024-10-22T00:00:00,1,-0.012528008240180756,0.0,2250.3798828125,2278.75
naive_persistence,16,2024-10-21T00:00:00,2024-10-23T00:00:00,2,-0.009940649914016456,0.0,2256.2099609375,2278.75
naive_persistence,16,2024-10-21T00:00:00,2024-10-24T00:00:00,3,-0.014676545212852679,0.0,2245.550048828125,2278.75
naive_persistence,16,2024-10-21T00:00:00,2024-10-25T00:00:00,4,-0.01481017344181368,0.0,2245.25,2278.75
naive_persistence,16,2024-10-21T00:00:00,2024-10-28T00:00:00,5,-0.014569677226947792,0.0,2245.7900390625,2278.75
naive_persistence,16,2024-10-21T00:00:00,2024-10-29T00:00:00,6,0.0026339432705873495,0.0,2284.760009765625,2278.75
naive_persistence,16,2024-10-21T00:00:00,2024-10-30T00:00:00,7,-0.021383320873941618,0.0,2230.5400390625,2278.75
naive_persistence,16,2024-10-21T00:00:00,2024-10-31T00:00:00,8,-0.0326864221818666,0.0,2205.469970703125,2278.75
naive_persistence,16,2024-10-21T00:00:00,2024-11-04T00:00:00,9,-0.011426479178643457,0.0,2252.860107421875,2278.75
naive_persistence,16,2024-10-21T00:00:00,2024-11-05T00:00:00,10,-0.018723854437140013,0.0,2236.47998046875,2278.75
naive_persistence,16,2024-10-21T00:00:00,2024-11-06T00:00:00,11,-0.01659776723659885,0.0,2241.239990234375,2278.75
naive_persistence,16,2024-10-21T00:00:00,2024-11-07T00:00:00,12,0.013806577798579996,0.0,2310.429931640625,2278.75
naive_persistence,16,2024-10-21T00:00:00,2024-11-08T00:00:00,13,0.00854269344333445,0.0,2298.300048828125,2278.75
naive_persistence,16,2024-10-21T00:00:00,2024-11-12T00:00:00,14,-0.01015341004681687,0.0,2255.72998046875,2278.75
naive_persistence,16,2024-10-21T00:00:00,2024-11-13T00:00:00,15,-0.020419936724150205,0.0,2232.68994140625,2278.75
naive_persistence,16,2024-10-21T00:00:00,2024-11-14T00:00:00,16,-0.013617284664070873,0.0,2247.929931640625,2278.75
naive_persistence,16,2024-10-21T00:00:00,2024-11-15T00:00:00,17,-0.04029644239281124,0.0,2188.75,2278.75
naive_persistence,16,2024-10-21T00:00:00,2024-11-18T00:00:00,18,-0.04214855001086265,0.0,2184.699951171875,2278.75
naive_persistence,16,2024-10-21T00:00:00,2024-11-19T00:00:00,19,-0.07063197084042297,0.0,2123.35009765625,2278.75
naive_persistence,16,2024-10-21T00:00:00,2024-11-20T00:00:00,20,-0.06063672178292969,0.0,2144.679931640625,2278.75
naive_persistence,17,2024-11-20T00:00:00,2024-11-21T00:00:00,1,0.01543048674387251,0.0,2178.030029296875,2144.679931640625
naive_persistence,17,2024-11-20T00:00:00,2024-11-22T00:00:00,2,0.022763410267776972,0.0,2194.06005859375,2144.679931640625
naive_persistence,17,2024-11-20T00:00:00,2024-11-25T00:00:00,3,0.026720798739770697,0.0,2202.760009765625,2144.679931640625
naive_persistence,17,2024-11-20T00:00:00,2024-11-26T00:00:00,4,0.025398895386026795,0.0,2199.85009765625,2144.679931640625
naive_persistence,17,2024-11-20T00:00:00,2024-11-27T00:00:00,5,0.01939863293922077,0.0,2186.68994140625,2144.679931640625
naive_persistence,17,2024-11-20T00:00:00,2024-11-28T00:00:00,6,0.01957703130861043,0.0,2187.080078125,2144.679931640625
naive_persistence,17,2024-11-20T00:00:00,2024-11-29T00:00:00,7,0.02142255688028758,0.0,2191.1201171875,2144.679931640625
naive_persistence,17,2024-11-20T00:00:00,2024-12-02T00:00:00,8,0.04676591655985122,0.0,2247.360107421875,2144.679931640625
naive_persistence,17,2024-11-20T00:00:00,2024-12-03T00:00:00,9,0.04374447056255712,0.0,2240.580078125,2144.679931640625
naive_persistence,17,2024-11-20T00:00:00,2024-12-04T00:00:00,10,0.05596973976642244,0.0,2268.139892578125,2144.679931640625
naive_persistence,17,2024-11-20T00:00:00,2024-12-05T00:00:00,11,0.0745948173268099,0.0,2310.780029296875,2144.679931640625
naive_persistence,17,2024-11-20T00:00:00,2024-12-06T00:00:00,12,0.07425719930589608,0.0,2310.0,2144.679931640625
naive_persistence,17,2024-11-20T00:00:00,2024-12-09T00:00:00,13,0.07673896144238074,0.0,2315.739990234375,2144.679931640625
naive_persistence,17,2024-11-20T00:00:00,2024-12-10T00:00:00,14,0.07741241068501989,0.0,2317.300048828125,2144.679931640625
naive_persistence,17,2024-11-20T00:00:00,2024-12-11T00:00:00,15,0.06822174881939108,0.0,2296.10009765625,2144.679931640625
naive_persistence,17,2024-11-20T00:00:00,2024-12-12T00:00:00,16,0.05973228279979031,0.0,2276.68994140625,2144.679931640625
naive_persistence,17,2024-11-20T00:00:00,2024-12-13T00:00:00,17,0.05816306346741408,0.0,2273.1201171875,2144.679931640625
naive_persistence,17,2024-11-20T00:00:00,2024-12-16T00:00:00,18,0.05708017419782991,0.0,2270.659912109375,2144.679931640625
naive_persistence,17,2024-11-20T00:00:00,2024-12-17T00:00:00,19,0.03085697987785569,0.0,2211.889892578125,2144.679931640625
naive_persistence,17,2024-11-20T00:00:00,2024-12-18T00:00:00,20,0.03747648582690613,0.0,2226.580078125,2144.679931640625
naive_persistence,18,2024-12-18T00:00:00,2024-12-19T00:00:00,1,-0.00048070383072040617,0.0,2225.510009765625,2226.580078125
naive_persistence,18,2024-12-18T00:00:00,2024-12-20T00:00:00,2,-0.011832242493594278,0.0,2200.389892578125,2226.580078125
naive_persistence,18,2024-12-18T00:00:00,2024-12-23T00:00:00,3,-0.011023608667416028,0.0,2202.169921875,2226.580078125
naive_persistence,18,2024-12-18T00:00:00,2024-12-27T00:00:00,4,-0.010106743165988093,0.0,2204.18994140625,2226.580078125
naive_persistence,18,2024-12-18T00:00:00,2024-12-30T00:00:00,5,-0.015647875480453,0.0,2192.010009765625,2226.580078125
naive_persistence,18,2024-12-18T00:00:00,2025-01-02T00:00:00,6,0.00024689739346090783,0.0,2227.1298828125,2226.580078125
naive_persistence,18,2024-12-18T00:00:00,2025-01-03T00:00:00,7,0.004923675089719344,0.0,2237.570068359375,2226.580078125
naive_persistence,18,2024-12-18T00:00:00,2025-01-07T00:00:00,8,0.013866462355206693,0.0,2257.669921875,2226.580078125
naive_persistence,18,2024-12-18T00:00:00,2025-01-08T00:00:00,9,0.0013015546087794764,0.0,2229.47998046875,2226.580078125
naive_persistence,18,2024-12-18T00:00:00,2025-01-09T00:00:00,10,0.009547404163547145,0.0,2247.93994140625,2226.580078125
naive_persistence,18,2024-12-18T00:00:00,2025-01-10T00:00:00,11,0.013640535892173549,0.0,2257.159912109375,2226.580078125
naive_persistence,18,2024-12-18T00:00:00,2025-01-13T00:00:00,12,-0.0023741789914939596,0.0,2221.300048828125,2226.580078125
naive_persistence,18,2024-12-18T00:00:00,2025-01-14T00:00:00,13,0.005133689230170373,0.0,2238.0400390625,2226.580078125
naive_persistence,18,2024-12-18T00:00:00,2025-01-15T00:00:00,14,0.02612238740841532,0.0,2285.510009765625,2226.580078125
naive_persistence,18,2024-12-18T00:00:00,2025-01-16T00:00:00,15,0.023085665155942937,0.0,2278.580078125,2226.580078125
naive_persistence,18,2024-12-18T00:00:00,2025-01-17T00:00:00,16,0.0355938664960562,0.0,2307.260009765625,2226.580078125
naive_persistence,18,2024-12-18T00:00:00,2025-01-20T00:00:00,17,0.043167223782319755,0.0,2324.800048828125,2226.580078125
naive_persistence,18,2024-12-18T00:00:00,2025-01-21T00:00:00,18,0.046632508419191476,0.0,2332.8701171875,2226.580078125
naive_persistence,18,2024-12-18T00:00:00,2025-01-22T00:00:00,19,0.059359383838316314,0.0,2362.75,2226.580078125
naive_persistence,18,2024-12-18T00:00:00,2025-01-23T00:00:00,20,0.059566743666476456,0.0,2363.239990234375,2226.580078125
naive_persistence,19,2025-01-23T00:00:00,2025-01-24T00:00:00,1,0.006554208809222623,0.0,2378.780029296875,2363.239990234375
naive_persistence,19,2025-01-23T00:00:00,2025-01-27T00:00:00,2,0.005553141684062749,0.0,2376.39990234375,2363.239990234375
naive_persistence,19,2025-01-23T00:00:00,2025-01-28T00:00:00,3,0.015026774049966076,0.0,2399.02001953125,2363.239990234375
naive_persistence,19,2025-01-23T00:00:00,2025-01-29T00:00:00,4,0.014885002828482543,0.0,2398.679931640625,2363.239990234375
naive_persistence,19,2025-01-23T00:00:00,2025-01-30T00:00:00,5,0.0324684479291051,0.0,2441.22998046875,2363.239990234375
naive_persistence,19,2025-01-23T00:00:00,2025-01-31T00:00:00,6,0.029407948745348723,0.0,2433.77001953125,2363.239990234375
naive_persistence,19,2025-01-23T00:00:00,2025-02-03T00:00:00,7,0.011414659980450924,0.0,2390.3701171875,2363.239990234375
naive_persistence,19,2025-01-23T00:00:00,2025-02-04T00:00:00,8,0.021649152923962727,0.0,2414.9599609375,2363.239990234375
naive_persistence,19,2025-01-23T00:00:00,2025-02-05T00:00:00,9,0.013232746843565284,0.0,2394.719970703125,2363.239990234375
naive_persistence,19,2025-01-23T00:00:00,2025-02-06T00:00:00,10,0.04031068547807765,0.0,2460.449951171875,2363.239990234375
naive_persistence,19,2025-01-23T00:00:00,2025-02-07T00:00:00,11,0.05150989144615888,0.0,2488.159912109375,2363.239990234375
naive_persistence,19,2025-01-23T00:00:00,2025-02-10T00:00:00,12,0.05926865372711677,0.0,2507.5400390625,2363.239990234375
naive_persistence,19,2025-01-23T00:00:00,2025-02-11T00:00:00,13,0.07025474854486516,0.0,2535.239990234375,2363.239990234375
naive_persistence,19,2025-01-23T00:00:00,2025-02-12T00:00:00,14,0.08337415423566157,0.0,2568.719970703125,2363.239990234375
naive_persistence,19,2025-01-23T00:00:00,2025-02-13T00:00:00,15,0.09352210279817556,0.0,2594.919921875,2363.239990234375
naive_persistence,19,2025-01-23T00:00:00,2025-02-14T00:00:00,16,0.08611497140311027,0.0,2575.77001953125,2363.239990234375
naive_persistence,19,2025-01-23T00:00:00,2025-02-17T00:00:00,17,0.0942425271987893,0.0,2596.7900390625,2363.239990234375
naive_persistence,19,2025-01-23T00:00:00,2025-02-18T00:00:00,18,0.1224381170926056,0.0,2671.050048828125,2363.239990234375
naive_persistence,19,2025-01-23T00:00:00,2025-02-19T00:00:00,19,0.10880404096269852,0.0,2634.8798828125,2363.239990234375
naive_persistence,19,2025-01-23T00:00:00,2025-02-20T00:00:00,20,0.1007562466890474,0.0,2613.760009765625,2363.239990234375
naive_persistence,20,2025-02-20T00:00:00,2025-02-21T00:00:00,1,0.0016857691946723227,0.0,2618.169921875,2613.760009765625
naive_persistence,20,2025-02-20T00:00:00,2025-02-24T00:00:00,2,-0.022447995329729395,0.0,2555.739990234375,2613.760009765625
naive_persistence,20,2025-02-20T00:00:00,2025-02-25T00:00:00,3,-0.016086536115275666,0.0,2572.050048828125,2613.760009765625
naive_persistence,20,2025-02-20T00:00:00,2025-02-26T00:00:00,4,0.002518132495374048,0.0,2620.35009765625,2613.760009765625
naive_persistence,20,2025-02-20T00:00:00,2025-02-27T00:00:00,5,-0.009108737321406534,0.0,2590.06005859375,2613.760009765625
naive_persistence,20,2025-02-20T00:00:00,2025-02-28T00:00:00,6,-0.013186458725476226,0.0,2579.52001953125,2613.760009765625
naive_persistence,20,2025-02-20T00:00:00,2025-03-03T00:00:00,7,-0.004643979817649344,0.0,2601.64990234375,2613.760009765625
naive_persistence,20,2025-02-20T00:00:00,2025-03-04T00:00:00,8,-0.04468307083828217,0.0,2499.5400390625,2613.760009765625
naive_persistence,20,2025-02-20T00:00:00,2025-03-05T00:00:00,9,-0.008441029649273662,0.0,2591.7900390625,2613.760009765625
naive_persistence,20,2025-02-20T00:00:00,2025-03-06T00:00:00,10,0.009579911533469319,0.0,2638.919921875,2613.760009765625
naive_persistence,20,2025-02-20T00:00:00,2025-03-07T00:00:00,11,0.010969728687885679,0.0,2642.590087890625,2613.760009765625
naive_persistence,20,2025-02-20T00:00:00,2025-03-10T00:00:00,12,-0.009182074760286705,0.0,2589.8701171875,2613.760009765625
naive_persistence,20,2025-02-20T00:00:00,2025-03-11T00:00:00,13,-0.011435720616699105,0.0,2584.0400390625,2613.760009765625
naive_persistence,20,2025-02-20T00:00:00,2025-03-12T00:00:00,14,0.0049727818746553775,0.0,2626.7900390625,2613.760009765625
naive_persistence,20,2025-02-20T00:00:00,2025-03-13T00:00:00,15,0.026164423913729782,0.0,2683.050048828125,2613.760009765625
naive_persistence,20,2025-02-20T00:00:00,2025-03-14T00:00:00,16,0.052402527950208166,0.0,2754.3798828125,2613.760009765625
naive_persistence,20,2025-02-20T00:00:00,2025-03-17T00:00:00,17,0.06080108297180211,0.0,2777.610107421875,2613.760009765625
naive_persistence,20,2025-02-20T00:00:00,2025-03-18T00:00:00,18,0.0684795614845155,0.0,2799.02001953125,2613.760009765625
naive_persistence,20,2025-02-20T00:00:00,2025-03-19T00:00:00,19,0.06142011816045642,0.0,2779.330078125,2613.760009765625
naive_persistence,20,2025-02-20T00:00:00,2025-03-20T00:00:00,20,0.051984959389978554,0.0,2753.22998046875,2613.760009765625
naive_persistence,21,2025-03-20T00:00:00,2025-03-21T00:00:00,1,-0.010280619856181068,0.0,2725.070068359375,2753.22998046875
naive_persistence,21,2025-03-20T00:00:00,2025-03-24T00:00:00,2,0.00526357152213274,0.0,2767.760009765625,2753.22998046875
naive_persistence,21,2025-03-20T00:00:00,2025-03-25T00:00:00,3,0.016948236395813023,0.0,2800.2900390625,2753.22998046875
naive_persistence,21,2025-03-20T00:00:00,2025-03-26T00:00:00,4,0.005772847296706306,0.0,2769.169921875,2753.22998046875
naive_persistence,21,2025-03-20T00:00:00,2025-03-27T00:00:00,5,0.009690569339083216,0.0,2780.0400390625,2753.22998046875
naive_persistence,21,2025-03-20T00:00:00,2025-03-28T00:00:00,6,-0.0020105804758445965,0.0,2747.699951171875,2753.22998046875
naive_persistence,21,2025-03-20T00:00:00,2025-03-31T00:00:00,7,-0.023586771255262467,0.0,2689.050048828125,2753.22998046875
naive_persistence,21,2025-03-20T00:00:00,2025-04-01T00:00:00,8,-0.0065885175274002835,0.0,2735.14990234375,2753.22998046875
naive_persistence,21,2025-03-20T00:00:00,2025-04-02T00:00:00,9,-0.0019050290106559173,0.0,2747.989990234375,2753.22998046875
naive_persistence,21,2025-03-20T00:00:00,2025-04-03T00:00:00,10,-0.04360319164090747,0.0,2635.760009765625,2753.22998046875
naive_persistence,21,2025-03-20T00:00:00,2025-04-04T00:00:00,11,-0.1093707105860537,0.0,2467.989990234375,2753.22998046875
naive_persistence,21,2025-03-20T00:00:00,2025-04-07T00:00:00,12,-0.12434041294013469,0.0,2431.320068359375,2753.22998046875
naive_persistence,21,2025-03-20T00:00:00,2025-04-08T00:00:00,13,-0.09335290087150773,0.0,2507.840087890625,2753.22998046875
naive_persistence,21,2025-03-20T00:00:00,2025-04-09T00:00:00,14,-0.12334148309594209,0.0,2433.75,2753.22998046875
naive_persistence,21,2025-03-20T00:00:00,2025-04-10T00:00:00,15,-0.07528235394605287,0.0,2553.570068359375,2753.22998046875
naive_persistence,21,2025-03-20T00:00:00,2025-04-11T00:00:00,16,-0.08485194469635174,0.0,2529.25,2753.22998046875
naive_persistence,21,2025-03-20T00:00:00,2025-04-14T00:00:00,17,-0.054110613481841686,0.0,2608.2099609375,2753.22998046875
naive_persistence,21,2025-03-20T00:00:00,2025-04-15T00:00:00,18,-0.050176948779921036,0.0,2618.489990234375,2753.22998046875
naive_persistence,21,2025-03-20T00:00:00,2025-04-16T00:00:00,19,-0.051189457555861094,0.0,2615.840087890625,2753.22998046875
naive_persistence,21,2025-03-20T00:00:00,2025-04-17T00:00:00,20,-0.04066339101986151,0.0,2643.52001953125,2753.22998046875
naive_persistence,22,2025-04-17T00:00:00,2025-04-22T00:00:00,1,0.021292211006315342,0.0,2700.409912109375,2643.52001953125
naive_persistence,22,2025-04-17T00:00:00,2025-04-23T00:00:00,2,0.05142170951066041,0.0,2783.010009765625,2643.52001953125
naive_persistence,22,2025-04-17T00:00:00,2025-04-24T00:00:00,3,0.05653973554619973,0.0,2797.2900390625,2643.52001953125
naive_persistence,22,2025-04-17T00:00:00,2025-04-25T00:00:00,4,0.055255494869569904,0.0,2793.699951171875,2643.52001953125
naive_persistence,22,2025-04-17T00:00:00,2025-04-28T00:00:00,5,0.05941697340460018,0.0,2805.35009765625,2643.52001953125
naive_persistence,22,2025-04-17T00:00:00,2025-04-29T00:00:00,6,0.06138619010777556,0.0,2810.8798828125,2643.52001953125
naive_persistence,22,2025-04-17T00:00:00,2025-04-30T00:00:00,7,0.03506526280102071,0.0,2737.860107421875,2643.52001953125
naive_persistence,22,2025-04-17T00:00:00,2025-05-02T00:00:00,8,0.061453848321953705,0.0,2811.070068359375,2643.52001953125
naive_persistence,22,2025-04-17T00:00:00,2025-05-05T00:00:00,9,0.0517881590190193,0.0,2784.030029296875,2643.52001953125
naive_persistence,22,2025-04-17T00:00:00,2025-05-06T00:00:00,10,0.027847461240614227,0.0,2718.169921875,2643.52001953125
naive_persistence,22,2025-04-17T00:00:00,2025-05-07T00:00:00,11,0.03895486418233288,0.0,2748.530029296875,2643.52001953125
naive_persistence,22,2025-04-17T00:00:00,2025-05-08T00:00:00,12,0.04596312747171923,0.0,2767.860107421875,2643.52001953125
naive_persistence,22,2025-04-17T00:00:00,2025-05-09T00:00:00,13,0.07244588196888804,0.0,2842.139892578125,2643.52001953125
naive_persistence,22,2025-04-17T00:00:00,2025-05-12T00:00:00,14,0.06874110641301363,0.0,2831.6298828125,2643.52001953125
naive_persistence,22,2025-04-17T00:00:00,2025-05-13T00:00:00,15,0.07493389254890212,0.0,2849.219970703125,2643.52001953125
naive_persistence,22,2025-04-17T00:00:00,2025-05-14T00:00:00,16,0.06866695522422393,0.0,2831.419921875,2643.52001953125
naive_persistence,22,2025-04-17T00:00:00,2025-05-15T00:00:00,17,0.06290058598616055,0.0,2815.139892578125,2643.52001953125
naive_persistence,22,2025-04-17T00:00:00,2025-05-16T00:00:00,18,0.06119769571787897,0.0,2810.35009765625,2643.52001953125
naive_persistence,22,2025-04-17T00:00:00,2025-05-19T00:00:00,19,0.05274671277724968,0.0,2786.699951171875,2643.52001953125
naive_persistence,22,2025-04-17T00:00:00,2025-05-20T00:00:00,20,0.05612490659259318,0.0,2796.1298828125,2643.52001953125
naive_persistence,23,2025-05-20T00:00:00,2025-05-21T00:00:00,1,-0.012704888917147644,0.0,2760.830078125,2796.1298828125
naive_persistence,23,2025-05-20T00:00:00,2025-05-22T00:00:00,2,-0.020738319318585354,0.0,2738.739990234375,2796.1298828125
naive_persistence,23,2025-05-20T00:00:00,2025-05-23T00:00:00,3,-0.02875215639717052,0.0,2716.8798828125,2796.1298828125
naive_persistence,23,2025-05-20T00:00:00,2025-05-26T00:00:00,4,-0.001478091472820152,0.0,2792.0,2796.1298828125
naive_persistence,23,2025-05-20T00:00:00,2025-05-27T00:00:00,5,0.006267606977852949,0.0,2813.7099609375,2796.1298828125
naive_persistence,23,2025-05-20T00:00:00,2025-05-28T00:00:00,6,0.014390996381359674,0.0,2836.659912109375,2796.1298828125
naive_persistence,23,2025-05-20T00:00:00,2025-05-29T00:00:00,7,-0.0036437726413960916,0.0,2785.9599609375,2796.1298828125
naive_persistence,23,2025-05-20T00:00:00,2025-05-30T00:00:00,8,-0.0087176626167807,0.0,2771.860107421875,2796.1298828125
naive_persistence,23,2025-05-20T00:00:00,2025-06-02T00:00:00,9,-0.014724460810945762,0.0,2755.260009765625,2796.1298828125
naive_persistence,23,2025-05-20T00:00:00,2025-06-03T00:00:00,10,-0.023458572165344846,0.0,2731.300048828125,2796.1298828125
naive_persistence,23,2025-05-20T00:00:00,2025-06-04T00:00:00,11,-0.009630834476243895,0.0,2769.330078125,2796.1298828125
naive_persistence,23,2025-05-20T00:00:00,2025-06-05T00:00:00,12,-0.022357136091139644,0.0,2734.31005859375,2796.1298828125
naive_persistence,23,2025-05-20T00:00:00,2025-06-06T00:00:00,13,-0.035040024290495055,0.0,2699.85009765625,2796.1298828125
naive_persistence,23,2025-05-20T00:00:00,2025-06-09T00:00:00,14,-0.022957151739199985,0.0,2732.669921875,2796.1298828125
naive_persistence,23,2025-05-20T00:00:00,2025-06-10T00:00:00,15,-0.0007512678160923703,0.0,2794.030029296875,2796.1298828125
naive_persistence,23,2025-05-20T00:00:00,2025-06-11T00:00:00,16,-0.005846473515104458,0.0,2779.830078125,2796.1298828125
naive_persistence,23,2025-05-20T00:00:00,2025-06-12T00:00:00,17,-0.014582962370581562,0.0,2755.64990234375,2796.1298828125
naive_persistence,23,2025-05-20T00:00:00,2025-06-13T00:00:00,18,-0.032077581659551664,0.0,2707.860107421875,2796.1298828125
naive_persistence,23,2025-05-20T00:00:00,2025-06-16T00:00:00,19,-0.029400081907687392,0.0,2715.1201171875,2796.1298828125
naive_persistence,23,2025-05-20T00:00:00,2025-06-17T00:00:00,20,-0.024187424906456957,0.0,2729.31005859375,2796.1298828125
naive_persistence,24,2025-06-17T00:00:00,2025-06-18T00:00:00,1,-0.0022595888516912465,0.0,2723.14990234375,2729.31005859375
naive_persistence,24,2025-06-17T00:00:00,2025-06-20T00:00:00,2,0.0022434275615382934,0.0,2735.43994140625,2729.31005859375
naive_persistence,24,2025-06-17T00:00:00,2025-06-23T00:00:00,3,-0.013935316443642487,0.0,2691.5400390625,2729.31005859375
naive_persistence,24,2025-06-17T00:00:00,2025-06-24T00:00:00,4,0.012159593272744827,0.0,2762.699951171875,2729.31005859375
naive_persistence,24,2025-06-17T00:00:00,2025-06-25T00:00:00,5,0.007246527035801192,0.0,2749.159912109375,2729.31005859375
naive_persistence,24,2025-06-17T00:00:00,2025-06-26T00:00:00,6,0.030234703084991137,0.0,2813.090087890625,2729.31005859375
naive_persistence,24,2025-06-17T00:00:00,2025-06-27T00:00:00,7,0.031147809688518355,0.0,2815.659912109375,2729.31005859375
naive_persistence,24,2025-06-17T00:00:00,2025-06-30T00:00:00,8,0.041644301565088256,0.0,2845.3701171875,2729.31005859375
naive_persistence,24,2025-06-17T00:00:00,2025-07-01T00:00:00,9,0.034990345666719186,0.0,2826.5,2729.31005859375
naive_persistence,24,2025-06-17T00:00:00,2025-07-02T00:00:00,10,0.03969184248804821,0.0,2839.820068359375,2729.31005859375
naive_persistence,24,2025-06-17T00:00:00,2025-07-03T00:00:00,11,0.056227905076657286,0.0,2887.169921875,2729.31005859375
naive_persistence,24,2025-06-17T00:00:00,2025-07-04T00:00:00,12,0.048512511055817664,0.0,2864.97998046875,2729.31005859375
naive_persistence,24,2025-06-17T00:00:00,2025-07-07T00:00:00,13,0.04739496762831095,0.0,2861.780029296875,2729.31005859375
naive_persistence,24,2025-06-17T00:00:00,2025-07-08T00:00:00,14,0.05704848195744897,0.0,2889.5400390625,2729.31005859375
naive_persistence,24,2025-06-17T00:00:00,2025-07-09T00:00:00,15,0.05985808735120612,0.0,2897.669921875,2729.31005859375
naive_persistence,24,2025-06-17T00:00:00,2025-07-10T00:00:00,16,0.04347365828760155,0.0,2850.580078125,2729.31005859375
naive_persistence,24,2025-06-17T00:00:00,2025-07-11T00:00:00,17,0.04709787143846189,0.0,2860.929931640625,2729.31005859375
naive_persistence,24,2025-06-17T00:00:00,2025-07-14T00:00:00,18,0.05366158516341157,0.0,2879.77001953125,2729.31005859375
naive_persistence,24,2025-06-17T00:00:00,2025-07-15T00:00:00,19,0.050447840451454305,0.0,2870.530029296875,2729.31005859375
naive_persistence,24,2025-06-17T00:00:00,2025-07-16T00:00:00,20,0.04976133065623368,0.0,2868.56005859375,2729.31005859375
naive_persistence,25,2025-07-16T00:00:00,2025-07-17T00:00:00,1,0.012881350418957422,0.0,2905.75,2868.56005859375
naive_persistence,25,2025-07-16T00:00:00,2025-07-18T00:00:00,2,0.03281386723331981,0.0,2964.25,2868.56005859375
naive_persistence,25,2025-07-16T00:00:00,2025-07-21T00:00:00,3,0.027974629176422412,0.0,2949.93994140625,2868.56005859375
naive_persistence,25,2025-07-16T00:00:00,2025-07-22T00:00:00,4,0.02092940106612045,0.0,2929.22998046875,2868.56005859375
naive_persistence,25,2025-07-16T00:00:00,2025-07-23T00:00:00,5,0.026848608399381472,0.0,2946.6201171875,2868.56005859375
naive_persistence,25,2025-07-16T00:00:00,2025-07-24T00:00:00,6,0.03419272148687538,0.0,2968.340087890625,2868.56005859375
naive_persistence,25,2025-07-16T00:00:00,2025-07-25T00:00:00,7,0.032371816741254125,0.0,2962.93994140625,2868.56005859375
naive_persistence,25,2025-07-16T00:00:00,2025-07-28T00:00:00,8,0.013173864685313815,0.0,2906.60009765625,2868.56005859375
naive_persistence,25,2025-07-16T00:00:00,2025-07-29T00:00:00,9,0.028316953738945883,0.0,2950.949951171875,2868.56005859375
naive_persistence,25,2025-07-16T00:00:00,2025-07-30T00:00:00,10,0.03884437164852027,0.0,2982.179931640625,2868.56005859375
naive_persistence,25,2025-07-16T00:00:00,2025-07-31T00:00:00,11,0.028137324497023303,0.0,2950.419921875,2868.56005859375
naive_persistence,25,2025-07-16T00:00:00,2025-08-01T00:00:00,12,0.005659287493697731,0.0,2884.840087890625,2868.56005859375
naive_persistence,25,2025-07-16T00:00:00,2025-08-04T00:00:00,13,0.0040599631663714225,0.0,2880.22998046875,2868.56005859375
naive_persistence,25,2025-07-16T00:00:00,2025-08-05T00:00:00,14,-0.0010220017356369082,0.0,2865.6298828125,2868.56005859375
naive_persistence,25,2025-07-16T00:00:00,2025-08-06T00:00:00,15,0.022072426168437607,0.0,2932.580078125,2868.56005859375
naive_persistence,25,2025-07-16T00:00:00,2025-08-07T00:00:00,16,0.03990013754479103,0.0,2985.330078125,2868.56005859375
naive_persistence,25,2025-07-16T00:00:00,2025-08-08T00:00:00,17,0.052171532633621565,0.0,3022.18994140625,2868.56005859375
naive_persistence,25,2025-07-16T00:00:00,2025-08-11T00:00:00,18,0.04294369130790457,0.0,2994.429931640625,2868.56005859375
naive_persistence,25,2025-07-16T00:00:00,2025-08-12T00:00:00,19,0.049517614919670806,0.0,3014.179931640625,2868.56005859375
naive_persistence,25,2025-07-16T00:00:00,2025-08-13T00:00:00,20,0.043811625947016,0.0,2997.030029296875,2868.56005859375
naive_persistence,26,2025-08-13T00:00:00,2025-08-14T00:00:00,1,-0.015914960877845063,0.0,2949.7099609375,2997.030029296875
naive_persistence,26,2025-08-13T00:00:00,2025-08-18T00:00:00,2,-0.011726678138830764,0.0,2962.090087890625,2997.030029296875
naive_persistence,26,2025-08-13T00:00:00,2025-08-19T00:00:00,3,-0.0013221687283412127,0.0,2993.070068359375,2997.030029296875
naive_persistence,26,2025-08-13T00:00:00,2025-08-20T00:00:00,4,-0.004930333189854453,0.0,2982.2900390625,2997.030029296875
naive_persistence,26,2025-08-13T00:00:00,2025-08-21T00:00:00,5,0.007707858645649594,0.0,3020.219970703125,2997.030029296875
naive_persistence,26,2025-08-13T00:00:00,2025-08-22T00:00:00,6,-0.039640542981562804,0.0,2880.550048828125,2997.030029296875
naive_persistence,26,2025-08-13T00:00:00,2025-08-25T00:00:00,7,-0.030968169189961706,0.0,2905.639892578125,2997.030029296875
naive_persistence,26,2025-08-13T00:00:00,2025-08-26T00:00:00,8,-0.030317874493346553,0.0,2907.530029296875,2997.030029296875
naive_persistence,26,2025-08-13T00:00:00,2025-08-27T00:00:00,9,-0.048003683869894766,0.0,2856.56005859375,2997.030029296875
naive_persistence,26,2025-08-13T00:00:00,2025-08-28T00:00:00,10,-0.05793888809469892,0.0,2828.320068359375,2997.030029296875
naive_persistence,26,2025-08-13T00:00:00,2025-08-29T00:00:00,11,-0.07023344578254535,0.0,2793.760009765625,2997.030029296875
naive_persistence,26,2025-08-13T00:00:00,2025-09-01T00:00:00,12,-0.07864449364073048,0.0,2770.360107421875,2997.030029296875
naive_persistence,26,2025-08-13T00:00:00,2025-09-02T00:00:00,13,-0.07731344422445405,0.0,2774.050048828125,2997.030029296875
naive_persistence,26,2025-08-13T00:00:00,2025-09-03T00:00:00,14,-0.07296112858035768,0.0,2786.14990234375,2997.030029296875
naive_persistence,26,2025-08-13T00:00:00,2025-09-04T00:00:00,15,-0.05797427992630241,0.0,2828.219970703125,2997.030029296875
naive_persistence,26,2025-08-13T00:00:00,2025-09-05T00:00:00,16,-0.06621113203275841,0.0,2805.02001953125,2997.030029296875
naive_persistence,26,2025-08-13T00:00:00,2025-09-08T00:00:00,17,-0.045922942334141105,0.0,2862.510009765625,2997.030029296875
naive_persistence,26,2025-08-13T00:00:00,2025-09-09T00:00:00,18,-0.055082671018996734,0.0,2836.409912109375,2997.030029296875
naive_persistence,26,2025-08-13T00:00:00,2025-09-10T00:00:00,19,-0.0639107799322909,0.0,2811.47998046875,2997.030029296875
naive_persistence,26,2025-08-13T00:00:00,2025-09-11T00:00:00,20,-0.048287302437819396,0.0,2855.75,2997.030029296875
naive_persistence,27,2025-09-11T00:00:00,2025-09-12T00:00:00,1,-0.006735376930929746,0.0,2836.580078125,2855.75
naive_persistence,27,2025-09-11T00:00:00,2025-09-15T00:00:00,2,0.0036386184873514766,0.0,2866.159912109375,2855.75
naive_persistence,27,2025-09-11T00:00:00,2025-09-16T00:00:00,3,-0.012760740700669692,0.0,2819.5400390625,2855.75
naive_persistence,27,2025-09-11T00:00:00,2025-09-17T00:00:00,4,-0.014933708248139761,0.0,2813.419921875,2855.75
naive_persistence,27,2025-09-11T00:00:00,2025-09-18T00:00:00,5,-0.01634222547586565,0.0,2809.4599609375,2855.75
naive_persistence,27,2025-09-11T00:00:00,2025-09-19T00:00:00,6,-0.01875485626191283,0.0,2802.68994140625,2855.75
naive_persistence,27,2025-09-11T00:00:00,2025-09-22T00:00:00,7,-0.018990340680714844,0.0,2802.030029296875,2855.75
naive_persistence,27,2025-09-11T00:00:00,2025-09-23T00:00:00,8,-0.01291678591599657,0.0,2819.10009765625,2855.75
naive_persistence,27,2025-09-11T00:00:00,2025-09-24T00:00:00,9,-0.009474817894646924,0.0,2828.820068359375,2855.75
naive_persistence,27,2025-09-11T00:00:00,2025-09-25T00:00:00,10,-0.02050467185310163,0.0,2797.7900390625,2855.75
naive_persistence,27,2025-09-11T00:00:00,2025-09-26T00:00:00,11,-0.008259522656932446,0.0,2832.260009765625,2855.75
naive_persistence,27,2025-09-11T00:00:00,2025-09-29T00:00:00,12,-0.008347795284932229,0.0,2832.010009765625,2855.75
naive_persistence,27,2025-09-11T00:00:00,2025-09-30T00:00:00,13,-0.010058321943997752,0.0,2827.169921875,2855.75
naive_persistence,27,2025-09-11T00:00:00,2025-10-01T00:00:00,14,-0.0018681811962086038,0.0,2850.419921875,2855.75
naive_persistence,27,2025-09-11T00:00:00,2025-10-02T00:00:00,15,0.0020534333547898094,0.0,2861.6201171875,2855.75
naive_persistence,27,2025-09-11T00:00:00,2025-10-03T00:00:00,16,0.0025215353836478497,0.0,2862.9599609375,2855.75
naive_persistence,27,2025-09-11T00:00:00,2025-10-06T00:00:00,17,-0.006199657024073868,0.0,2838.10009765625,2855.75
naive_persistence,27,2025-09-11T00:00:00,2025-10-07T00:00:00,18,0.0045139748618423,0.0,2868.669921875,2855.75
naive_persistence,27,2025-09-11T00:00:00,2025-10-08T00:00:00,19,0.007757624798846605,0.0,2877.989990234375,2855.75
naive_persistence,27,2025-09-11T00:00:00,2025-10-09T00:00:00,20,0.006474677698712554,0.0,2874.300048828125,2855.75
naive_persistence,28,2025-10-09T00:00:00,2025-10-10T00:00:00,1,-0.00043846710531937974,0.0,2873.0400390625,2874.300048828125
naive_persistence,28,2025-10-09T00:00:00,2025-10-13T00:00:00,2,0.0003025924330224964,0.0,2875.169921875,2874.300048828125
naive_persistence,28,2025-10-09T00:00:00,2025-10-14T00:00:00,3,-0.01058007350364962,0.0,2844.050048828125,2874.300048828125
naive_persistence,28,2025-10-09T00:00:00,2025-10-15T00:00:00,4,0.009273925055721246,0.0,2901.080078125,2874.300048828125
naive_persistence,28,2025-10-09T00:00:00,2025-10-16T00:00:00,5,0.004464106224686356,0.0,2887.159912109375,2874.300048828125
naive_persistence,28,2025-10-09T00:00:00,2025-10-17T00:00:00,6,-0.0007935615800733138,0.0,2872.02001953125,2874.300048828125
naive_persistence,28,2025-10-09T00:00:00,2025-10-20T00:00:00,7,0.01461283644168767,0.0,2916.610107421875,2874.300048828125
naive_persistence,28,2025-10-09T00:00:00,2025-10-21T00:00:00,8,0.013048133953681438,0.0,2912.050048828125,2874.300048828125
naive_persistence,28,2025-10-09T00:00:00,2025-10-22T00:00:00,9,0.028967847782678698,0.0,2958.780029296875,2874.300048828125
naive_persistence,28,2025-10-09T00:00:00,2025-10-23T00:00:00,10,0.037679978463283643,0.0,2984.669921875,2874.300048828125
naive_persistence,28,2025-10-09T00:00:00,2025-10-24T00:00:00,11,0.03651334668070874,0.0,2981.18994140625,2874.300048828125
naive_persistence,28,2025-10-09T00:00:00,2025-10-27T00:00:00,12,0.036419410214040444,0.0,2980.909912109375,2874.300048828125
naive_persistence,28,2025-10-09T00:00:00,2025-10-28T00:00:00,13,0.05654821355069196,0.0,3041.52001953125,2874.300048828125
naive_persistence,28,2025-10-09T00:00:00,2025-10-29T00:00:00,14,0.05557455493655985,0.0,3038.56005859375,2874.300048828125
naive_persistence,28,2025-10-09T00:00:00,2025-10-30T00:00:00,15,0.05251909819521334,0.0,3029.2900390625,2874.300048828125
naive_persistence,28,2025-10-09T00:00:00,2025-10-31T00:00:00,16,0.03857085469434135,0.0,2987.330078125,2874.300048828125
naive_persistence,28,2025-10-09T00:00:00,2025-11-03T00:00:00,17,0.04467139480461586,0.0,3005.610107421875,2874.300048828125
naive_persistence,28,2025-10-09T00:00:00,2025-11-04T00:00:00,18,0.035570305862364704,0.0,2978.3798828125,2874.300048828125
naive_persistence,28,2025-10-09T00:00:00,2025-11-05T00:00:00,19,0.03519087233533621,0.0,2977.25,2874.300048828125
naive_persistence,28,2025-10-09T00:00:00,2025-11-06T00:00:00,20,0.04499406281131742,0.0,3006.580078125,2874.300048828125
naive_persistence,29,2025-11-06T00:00:00,2025-11-07T00:00:00,1,-0.012035891049464838,0.0,2970.610107421875,3006.580078125
naive_persistence,29,2025-11-06T00:00:00,2025-11-10T00:00:00,2,0.004218471204543089,0.0,3019.2900390625,3006.580078125
naive_persistence,29,2025-11-06T00:00:00,2025-11-12T00:00:00,3,0.005525854606973995,0.0,3023.239990234375,3006.580078125
naive_persistence,29,2025-11-06T00:00:00,2025-11-13T00:00:00,4,0.003181223854607158,0.0,3016.159912109375,3006.580078125
naive_persistence,29,2025-11-06T00:00:00,2025-11-14T00:00:00,5,-0.00540608138754516,0.0,2990.3701171875,3006.580078125
naive_persistence,29,2025-11-06T00:00:00,2025-11-17T00:00:00,6,-0.016912147053250216,0.0,2956.159912109375,3006.580078125
naive_persistence,29,2025-11-06T00:00:00,2025-11-18T00:00:00,7,-0.03502408093047016,0.0,2903.10009765625,3006.580078125
naive_persistence,29,2025-11-06T00:00:00,2025-11-19T00:00:00,8,-0.016712553992860306,0.0,2956.75,3006.580078125
naive_persistence,29,2025-11-06T00:00:00,2025-11-20T00:00:00,9,-0.01628311394816741,0.0,2958.02001953125,3006.580078125
naive_persistence,29,2025-11-06T00:00:00,2025-11-21T00:00:00,10,-0.028849808485279422,0.0,2921.080078125,3006.580078125
naive_persistence,29,2025-11-06T00:00:00,2025-11-24T00:00:00,11,-0.02781304852637353,0.0,2924.110107421875,3006.580078125
naive_persistence,29,2025-11-06T00:00:00,2025-11-25T00:00:00,12,-0.013285642394702209,0.0,2966.89990234375,3006.580078125
naive_persistence,29,2025-11-06T00:00:00,2025-11-26T00:00:00,13,-0.0009883118015176628,0.0,3003.610107421875,3006.580078125
naive_persistence,29,2025-11-06T00:00:00,2025-11-27T00:00:00,14,-0.004600515028454323,0.0,2992.780029296875,3006.580078125
naive_persistence,29,2025-11-06T00:00:00,2025-11-28T00:00:00,15,-0.001537850482149009,0.0,3001.9599609375,3006.580078125
naive_persistence,29,2025-11-06T00:00:00,2025-12-01T00:00:00,16,0.0002759678652572365,0.0,3007.409912109375,3006.580078125
naive_persistence,29,2025-11-06T00:00:00,2025-12-02T00:00:00,17,-0.01313391460656936,0.0,2967.35009765625,3006.580078125
naive_persistence,29,2025-11-06T00:00:00,2025-12-03T00:00:00,18,-0.020416006558963265,0.0,2945.820068359375,3006.580078125
naive_persistence,29,2025-11-06T00:00:00,2025-12-04T00:00:00,19,-0.015803204692633632,0.0,2959.43994140625,3006.580078125
naive_persistence,29,2025-11-06T00:00:00,2025-12-05T00:00:00,20,-0.018896369495320538,0.0,2950.300048828125,3006.580078125
naive_persistence,30,2025-12-05T00:00:00,2025-12-08T00:00:00,1,0.0012533074625592526,0.0,2954.0,2950.300048828125
naive_persistence,30,2025-12-05T00:00:00,2025-12-09T00:00:00,2,0.02018600138244357,0.0,3010.4599609375,2950.300048828125
naive_persistence,30,2025-12-05T00:00:00,2025-12-10T00:00:00,3,0.02380353304586917,0.0,3021.3701171875,2950.300048828125
naive_persistence,30,2025-12-05T00:00:00,2025-12-11T00:00:00,4,0.0371614205888632,0.0,3062.0,2950.300048828125
naive_persistence,30,2025-12-05T00:00:00,2025-12-12T00:00:00,5,0.042746676509713276,0.0,3079.14990234375,2950.300048828125
naive_persistence,30,2025-12-05T00:00:00,2025-12-15T00:00:00,6,0.06138238841682432,0.0,3137.070068359375,2950.300048828125
naive_persistence,30,2025-12-05T00:00:00,2025-12-16T00:00:00,7,0.05055274944547819,0.0,3103.280029296875,2950.300048828125
naive_persistence,30,2025-12-05T00:00:00,2025-12-17T00:00:00,8,0.051358024353920034,0.0,3105.780029296875,2950.300048828125
naive_persistence,30,2025-12-05T00:00:00,2025-12-18T00:00:00,9,0.05443787321991249,0.0,3115.360107421875,2950.300048828125
naive_persistence,30,2025-12-05T00:00:00,2025-12-19T00:00:00,10,0.06437748484181775,0.0,3146.47998046875,2950.300048828125
naive_persistence,30,2025-12-05T00:00:00,2025-12-22T00:00:00,11,0.07293135728503111,0.0,3173.510009765625,2950.300048828125
naive_persistence,30,2025-12-05T00:00:00,2025-12-23T00:00:00,12,0.06726229030170701,0.0,3155.570068359375,2950.300048828125
naive_persistence,30,2025-12-05T00:00:00,2025-12-29T00:00:00,13,0.07022404020227822,0.0,3164.929931640625,2950.300048828125
naive_persistence,30,2025-12-05T00:00:00,2025-12-30T00:00:00,14,0.07623767885696292,0.0,3184.02001953125,2950.300048828125
naive_persistence,30,2025-12-05T00:00:00,2026-01-02T00:00:00,15,0.10058075972856677,0.0,3262.47998046875,2950.300048828125
naive_persistence,30,2025-12-05T00:00:00,2026-01-05T00:00:00,16,0.09936623391219832,0.0,3258.52001953125,2950.300048828125
naive_persistence,30,2025-12-05T00:00:00,2026-01-07T00:00:00,17,0.11567558214198484,0.0,3312.10009765625,2950.300048828125
naive_persistence,30,2025-12-05T00:00:00,2026-01-08T00:00:00,18,0.09178812287673492,0.0,3233.919921875,2950.300048828125
naive_persistence,30,2025-12-05T00:00:00,2026-01-09T00:00:00,19,0.10467962286383664,0.0,3275.8798828125,2950.300048828125
naive_persistence,30,2025-12-05T00:00:00,2026-01-12T00:00:00,20,0.10960664980303896,0.0,3292.06005859375,2950.300048828125
naive_persistence,31,2026-01-12T00:00:00,2026-01-13T00:00:00,1,-0.003380526725459416,0.0,3280.949951171875,3292.06005859375
naive_persistence,31,2026-01-12T00:00:00,2026-01-14T00:00:00,2,-0.007047771037193553,0.0,3268.93994140625,3292.06005859375
naive_persistence,31,2026-01-12T00:00:00,2026-01-15T00:00:00,3,0.004346428230195123,0.0,3306.39990234375,3292.06005859375
naive_persistence,31,2026-01-12T00:00:00,2026-01-16T00:00:00,4,-0.0026279881368489176,0.0,3283.419921875,3292.06005859375
naive_persistence,31,2026-01-12T00:00:00,2026-01-19T00:00:00,5,-0.00761075528686134,0.0,3267.10009765625,3292.06005859375
naive_persistence,31,2026-01-12T00:00:00,2026-01-20T00:00:00,6,-0.007197674972355467,0.0,3268.449951171875,3292.06005859375
naive_persistence,31,2026-01-12T00:00:00,2026-01-21T00:00:00,7,-0.008900253637645161,0.0,3262.889892578125,3292.06005859375
naive_persistence,31,2026-01-12T00:00:00,2026-01-22T00:00:00,8,0.015040927899809575,0.0,3341.949951171875,3292.06005859375
naive_persistence,31,2026-01-12T00:00:00,2026-01-23T00:00:00,9,0.002272583886456442,0.0,3299.550048828125,3292.06005859375
naive_persistence,31,2026-01-12T00:00:00,2026-01-26T00:00:00,10,0.019239244798526966,0.0,3356.010009765625,3292.06005859375
naive_persistence,31,2026-01-12T00:00:00,2026-01-27T00:00:00,11,0.02205111703465963,0.0,3365.4599609375,3292.06005859375
naive_persistence,31,2026-01-12T00:00:00,2026-01-28T00:00:00,12,0.030292337020491805,0.0,3393.31005859375,3292.06005859375
naive_persistence,31,2026-01-12T00:00:00,2026-01-29T00:00:00,13,0.026770349086976793,0.0,3381.3798828125,3292.06005859375
naive_persistence,31,2026-01-12T00:00:00,2026-01-30T00:00:00,14,0.02045425903822304,0.0,3360.090087890625,3292.06005859375
naive_persistence,31,2026-01-12T00:00:00,2026-02-02T00:00:00,15,0.02162911780854417,0.0,3364.0400390625,3292.06005859375
naive_persistence,31,2026-01-12T00:00:00,2026-02-03T00:00:00,16,0.04426605403310637,0.0,3441.06005859375,3292.06005859375
naive_persistence,31,2026-01-12T00:00:00,2026-02-04T00:00:00,17,0.04892810013856766,0.0,3457.139892578125,3292.06005859375
naive_persistence,31,2026-01-12T00:00:00,2026-02-05T00:00:00,18,0.02366324613564613,0.0,3370.889892578125,3292.06005859375
naive_persistence,31,2026-01-12T00:00:00,2026-02-06T00:00:00,19,0.0300270309089691,0.0,3392.409912109375,3292.06005859375
naive_persistence,31,2026-01-12T00:00:00,2026-02-09T00:00:00,20,0.04167333206128689,0.0,3432.14990234375,3292.06005859375
naive_persistence,32,2026-02-09T00:00:00,2026-02-10T00:00:00,1,-0.011269050790641277,0.0,3393.68994140625,3432.14990234375
naive_persistence,32,2026-02-09T00:00:00,2026-02-11T00:00:00,2,-0.005671373664082664,0.0,3412.739990234375,3432.14990234375
naive_persistence,32,2026-02-09T00:00:00,2026-02-12T00:00:00,3,-0.004280497872392985,0.0,3417.489990234375,3432.14990234375
naive_persistence,32,2026-02-09T00:00:00,2026-02-13T00:00:00,4,-0.021397684677622188,0.0,3359.489990234375,3432.14990234375
naive_persistence,32,2026-02-09T00:00:00,2026-02-16T00:00:00,5,-0.019958000486963556,0.0,3364.330078125,3432.14990234375
naive_persistence,32,2026-02-09T00:00:00,2026-02-17T00:00:00,6,-0.032728253984887774,0.0,3321.639892578125,3432.14990234375
naive_persistence,32,2026-02-09T00:00:00,2026-02-18T00:00:00,7,-0.015980014599239565,0.0,3377.739990234375,3432.14990234375
naive_persistence,32,2026-02-09T00:00:00,2026-02-19T00:00:00,8,-0.013735444899225556,0.0,3385.330078125,3432.14990234375
naive_persistence,32,2026-02-09T00:00:00,2026-02-20T00:00:00,9,-0.014181589469221758,0.0,3383.820068359375,3432.14990234375
naive_persistence,32,2026-02-09T00:00:00,2026-02-23T00:00:00,10,0.002389289785612986,0.0,3440.360107421875,3432.14990234375
naive_persistence,32,2026-02-09T00:00:00,2026-02-24T00:00:00,11,-0.0032510265432623953,0.0,3421.010009765625,3432.14990234375
naive_persistence,32,2026-02-09T00:00:00,2026-02-25T00:00:00,12,0.013980475209747947,0.0,3480.469970703125,3432.14990234375
naive_persistence,32,2026-02-09T00:00:00,2026-02-26T00:00:00,13,0.004677094604521412,0.0,3448.239990234375,3432.14990234375
naive_persistence,32,2026-02-09T00:00:00,2026-02-27T00:00:00,14,0.002290432488595416,0.0,3440.02001953125,3432.14990234375
naive_persistence,32,2026-02-09T00:00:00,2026-03-02T00:00:00,15,-0.008717518457263748,0.0,3402.360107421875,3432.14990234375
naive_persistence,32,2026-02-09T00:00:00,2026-03-03T00:00:00,16,-0.054722685663415094,0.0,3249.3798828125,3432.14990234375
naive_persistence,32,2026-02-09T00:00:00,2026-03-04T00:00:00,17,-0.02848931687056184,0.0,3335.75,3432.14990234375
naive_persistence,32,2026-02-09T00:00:00,2026-03-05T00:00:00,18,-0.031254121990230116,0.0,3326.5400390625,3432.14990234375
naive_persistence,32,2026-02-09T00:00:00,2026-03-06T00:00:00,19,-0.05074517055186026,0.0,3262.330078125,3432.14990234375
naive_persistence,32,2026-02-09T00:00:00,2026-03-09T00:00:00,20,-0.05244172531165371,0.0,3256.800048828125,3432.14990234375
naive_persistence,33,2026-03-09T00:00:00,2026-03-10T00:00:00,1,0.02141002900466231,0.0,3327.280029296875,3256.800048828125
naive_persistence,33,2026-03-09T00:00:00,2026-03-11T00:00:00,2,0.017021440538293492,0.0,3312.7099609375,3256.800048828125
naive_persistence,33,2026-03-09T00:00:00,2026-03-12T00:00:00,3,0.010528381263449241,0.0,3291.27001953125,3256.800048828125
naive_persistence,33,2026-03-09T00:00:00,2026-03-13T00:00:00,4,0.005432279936652528,0.0,3274.5400390625,3256.800048828125
naive_persistence,33,2026-03-09T00:00:00,2026-03-16T00:00:00,5,0.01088986067488843,0.0,3292.4599609375,3256.800048828125
naive_persistence,33,2026-03-09T00:00:00,2026-03-17T00:00:00,6,0.031183924317162298,0.0,3359.9599609375,3256.800048828125
naive_persistence,33,2026-03-09T00:00:00,2026-03-18T00:00:00,7,0.02468659173579686,0.0,3338.199951171875,3256.800048828125
naive_persistence,33,2026-03-09T00:00:00,2026-03-19T00:00:00,8,0.0060520311936346945,0.0,3276.570068359375,3256.800048828125
naive_persistence,33,2026-03-09T00:00:00,2026-03-20T00:00:00,9,-0.002668729690979723,0.0,3248.1201171875,3256.800048828125
naive_persistence,33,2026-03-09T00:00:00,2026-03-23T00:00:00,10,0.003478912496700107,0.0,3268.14990234375,3256.800048828125
naive_persistence,33,2026-03-09T00:00:00,2026-03-24T00:00:00,11,-0.0047336519051638494,0.0,3241.419921875,3256.800048828125
naive_persistence,33,2026-03-09T00:00:00,2026-03-25T00:00:00,12,0.01693086139887254,0.0,3312.409912109375,3256.800048828125
naive_persistence,33,2026-03-09T00:00:00,2026-03-26T00:00:00,13,0.015175367469541698,0.0,3306.60009765625,3256.800048828125
naive_persistence,33,2026-03-09T00:00:00,2026-03-27T00:00:00,14,0.0036013432302088606,0.0,3268.550048828125,3256.800048828125
naive_persistence,33,2026-03-09T00:00:00,2026-03-30T00:00:00,15,0.008030798967552108,0.0,3283.06005859375,3256.800048828125
naive_persistence,33,2026-03-09T00:00:00,2026-03-31T00:00:00,16,0.025456191987781644,0.0,3340.77001953125,3256.800048828125
naive_persistence,33,2026-03-09T00:00:00,2026-04-01T00:00:00,17,0.04388873041608843,0.0,3402.919921875,3256.800048828125
naive_persistence,33,2026-03-09T00:00:00,2026-04-02T00:00:00,18,0.052878673683740246,0.0,3433.64990234375,3256.800048828125
naive_persistence,33,2026-03-09T00:00:00,2026-04-07T00:00:00,19,0.04795932163641941,0.0,3416.800048828125,3256.800048828125
naive_persistence,33,2026-03-09T00:00:00,2026-04-08T00:00:00,20,0.08167107850733582,0.0,3533.949951171875,3256.800048828125
naive_persistence,34,2026-04-08T00:00:00,2026-04-09T00:00:00,1,0.005229733930572197,0.0,3552.47998046875,3533.949951171875
naive_persistence,34,2026-04-08T00:00:00,2026-04-10T00:00:00,2,0.017639494940657825,0.0,3596.840087890625,3533.949951171875
naive_persistence,34,2026-04-08T00:00:00,2026-04-13T00:00:00,3,0.017414255617834887,0.0,3596.030029296875,3533.949951171875
naive_persistence,34,2026-04-08T00:00:00,2026-04-14T00:00:00,4,0.02866595675139139,0.0,3636.719970703125,3533.949951171875
naive_persistence,34,2026-04-08T00:00:00,2026-04-15T00:00:00,5,0.036668554981549244,0.0,3665.93994140625,3533.949951171875
naive_persistence,34,2026-04-08T00:00:00,2026-04-16T00:00:00,6,0.03217396020291298,0.0,3649.5,3533.949951171875
naive_persistence,34,2026-04-08T00:00:00,2026-04-17T00:00:00,7,0.046078783348143096,0.0,3700.60009765625,3533.949951171875
naive_persistence,34,2026-04-08T00:00:00,2026-04-20T00:00:00,8,0.03691952760164735,0.0,3666.860107421875,3533.949951171875
naive_persistence,34,2026-04-08T00:00:00,2026-04-21T00:00:00,9,0.029567469942012408,0.0,3640.0,3533.949951171875
naive_persistence,34,2026-04-08T00:00:00,2026-04-22T00:00:00,10,0.022888628007327834,0.0,3615.77001953125,3533.949951171875
naive_persistence,34,2026-04-08T00:00:00,2026-04-23T00:00:00,11,0.012622538411431353,0.0,3578.840087890625,3533.949951171875
naive_persistence,34,2026-04-08T00:00:00,2026-04-24T00:00:00,12,0.006475954008776185,0.0,3556.909912109375,3533.949951171875
naive_persistence,34,2026-04-08T00:00:00,2026-04-27T00:00:00,13,-0.001430031727552566,0.0,3528.89990234375,3533.949951171875
naive_persistence,34,2026-04-08T00:00:00,2026-04-28T00:00:00,14,-0.00906482819170351,0.0,3502.06005859375,3533.949951171875
naive_persistence,34,2026-04-08T00:00:00,2026-04-29T00:00:00,15,-0.00859381576347547,0.0,3503.7099609375,3533.949951171875
naive_persistence,34,2026-04-08T00:00:00,2026-04-30T00:00:00,16,-0.013090575436276454,0.0,3487.989990234375,3533.949951171875
naive_persistence,34,2026-04-08T00:00:00,2026-05-04T00:00:00,17,-0.011987368623605936,0.0,3491.840087890625,3533.949951171875
naive_persistence,34,2026-04-08T00:00:00,2026-05-05T00:00:00,18,-0.0012401418447818386,0.0,3529.570068359375,3533.949951171875
naive_persistence,34,2026-04-08T00:00:00,2026-05-06T00:00:00,19,0.026697991087241416,0.0,3629.570068359375,3533.949951171875
naive_persistence,34,2026-04-08T00:00:00,2026-05-07T00:00:00,20,0.016568510513370414,0.0,3592.989990234375,3533.949951171875
naive_persistence,35,2026-05-07T00:00:00,2026-05-08T00:00:00,1,-0.016005562485277795,0.0,3535.93994140625,3592.989990234375
naive_persistence,35,2026-05-07T00:00:00,2026-05-11T00:00:00,2,-0.0018525138621992498,0.0,3586.340087890625,3592.989990234375
naive_persistence,35,2026-05-07T00:00:00,2026-05-12T00:00:00,3,-0.020867530604458846,0.0,3518.7900390625,3592.989990234375
naive_persistence,35,2026-05-07T00:00:00,2026-05-13T00:00:00,4,-0.00017532418199606457,0.0,3592.360107421875,3592.989990234375
naive_persistence,35,2026-05-07T00:00:00,2026-05-14T00:00:00,5,0.0106776019404915,0.0,3631.56005859375,3592.989990234375
naive_persistence,35,2026-05-07T00:00:00,2026-05-15T00:00:00,6,-0.013339407804379047,0.0,3545.3798828125,3592.989990234375
naive_persistence,35,2026-05-07T00:00:00,2026-05-18T00:00:00,7,0.0047480049077650655,0.0,3610.090087890625,3592.989990234375
naive_persistence,35,2026-05-07T00:00:00,2026-05-19T00:00:00,8,-0.01133595890287377,0.0,3552.489990234375,3592.989990234375
naive_persistence,35,2026-05-07T00:00:00,2026-05-20T00:00:00,9,0.004916923621479464,0.0,3610.699951171875,3592.989990234375
naive_persistence,35,2026-05-07T00:00:00,2026-05-21T00:00:00,10,-0.0008325197198198302,0.0,3590.0,3592.989990234375
naive_persistence,35,2026-05-07T00:00:00,2026-05-22T00:00:00,11,0.01332581298593673,0.0,3641.18994140625,3592.989990234375
naive_persistence,35,2026-05-07T00:00:00,2026-05-25T00:00:00,12,0.034652902481852495,0.0,3719.679931640625,3592.989990234375
naive_persistence,35,2026-05-07T00:00:00,2026-05-26T00:00:00,13,0.024490390382482317,0.0,3682.070068359375,3592.989990234375
naive_persistence,35,2026-05-07T00:00:00,2026-05-27T00:00:00,14,0.021656403493872996,0.0,3671.64990234375,3592.989990234375
naive_persistence,35,2026-05-07T00:00:00,2026-05-28T00:00:00,15,0.02134044325993716,0.0,3670.489990234375,3592.989990234375
naive_persistence,35,2026-05-07T00:00:00,2026-05-29T00:00:00,16,0.02581753744970984,0.0,3686.9599609375,3592.989990234375
naive_persistence,35,2026-05-07T00:00:00,2026-06-01T00:00:00,17,0.010534397158417204,0.0,3631.0400390625,3592.989990234375
naive_persistence,35,2026-05-07T00:00:00,2026-06-02T00:00:00,18,0.020800865519975675,0.0,3668.510009765625,3592.989990234375
naive_persistence,35,2026-05-07T00:00:00,2026-06-03T00:00:00,19,0.023803032763817907,0.0,3679.5400390625,3592.989990234375
naive_persistence,35,2026-05-07T00:00:00,2026-06-05T00:00:00,20,0.00411068512258649,0.0,3607.7900390625,3592.989990234375
naive_persistence,36,2026-06-05T00:00:00,2026-06-08T00:00:00,1,0.005740484163259166,0.0,3628.56005859375,3607.7900390625
naive_persistence,36,2026-06-05T00:00:00,2026-06-09T00:00:00,2,0.008973451610714858,0.0,3640.31005859375,3607.7900390625
naive_persistence,36,2026-06-05T00:00:00,2026-06-10T00:00:00,3,-0.0015783715090277933,0.0,3602.10009765625,3607.7900390625
naive_persistence,36,2026-06-05T00:00:00,2026-06-11T00:00:00,4,0.012185037174459708,0.0,3652.02001953125,3607.7900390625
naive_persistence,36,2026-06-05T00:00:00,2026-06-12T00:00:00,5,0.0289817133343013,0.0,3713.8798828125,3607.7900390625
naive_persistence,36,2026-06-05T00:00:00,2026-06-15T00:00:00,6,0.017684613516812064,0.0,3672.159912109375,3607.7900390625
naive_persistence,36,2026-06-05T00:00:00,2026-06-16T00:00:00,7,0.035514147124445734,0.0,3738.219970703125,3607.7900390625
naive_persistence,36,2026-06-05T00:00:00,2026-06-17T00:00:00,8,0.03348973080117034,0.0,3730.659912109375,3607.7900390625
naive_persistence,36,2026-06-05T00:00:00,2026-06-18T00:00:00,9,0.017376877279445768,0.0,3671.030029296875,3607.7900390625
naive_persistence,36,2026-06-05T00:00:00,2026-06-19T00:00:00,10,0.019502101646349496,0.0,3678.840087890625,3607.7900390625
naive_persistence,36,2026-06-05T00:00:00,2026-06-22T00:00:00,11,0.014231118716550976,0.0,3659.5,3607.7900390625
naive_persistence,36,2026-06-05T00:00:00,2026-06-23T00:00:00,12,0.010107295120773071,0.0,3644.43994140625,3607.7900390625
naive_persistence,36,2026-06-05T00:00:00,2026-06-24T00:00:00,13,-0.015117373773172346,0.0,3553.659912109375,3607.7900390625
naive_persistence,36,2026-06-05T00:00:00,2026-06-25T00:00:00,14,-0.00260613225847771,0.0,3598.39990234375,3607.7900390625
naive_persistence,36,2026-06-05T00:00:00,2026-06-26T00:00:00,15,-0.009885747624325198,0.0,3572.300048828125,3607.7900390625
naive_persistence,36,2026-06-05T00:00:00,2026-06-29T00:00:00,16,-0.012509377047812879,0.0,3562.93994140625,3607.7900390625
naive_persistence,36,2026-06-05T00:00:00,2026-06-30T00:00:00,17,-0.005662147934552466,0.0,3587.419921875,3607.7900390625
naive_persistence,36,2026-06-05T00:00:00,2026-07-01T00:00:00,18,0.0010831547649296745,0.0,3611.699951171875,3607.7900390625
naive_persistence,36,2026-06-05T00:00:00,2026-07-02T00:00:00,19,0.016643860281053566,0.0,3668.340087890625,3607.7900390625
naive_persistence,36,2026-06-05T00:00:00,2026-07-03T00:00:00,20,0.018370628098230663,0.0,3674.679931640625,3607.7900390625
naive_persistence,37,2026-07-03T00:00:00,2026-07-06T00:00:00,1,0.004163135281543085,0.0,3690.010009765625,3674.679931640625
