model,horizon_step,forecast_count,mae,rmse,mape,r2,price_mae,price_rmse,price_mape,price_r2,run_id,market,feature_set,seed,artifact_dir,persistence_price_rmse,price_rmse_ratio_to_persistence
cnn1d,20,49,0.2343028271120274,0.2910834945248913,815.5070061717213,-10.326698649810025,1813.9561859990952,2272.779424055388,20.10778831393505,0.4018161722033673,bist100__cnn1d__close__seed1,bist100,close,1,outputs/batches/markets_matched_origins_direct_h20/runs/bist100__cnn1d__close__seed1/artifacts/20260716_224041_729156,753.477052018749,3.0163883796673794
dnfs,20,49,0.0749783278874516,0.0937157427863521,136.2492526910905,-0.1740681032368172,593.4155735965545,734.4039622975392,7.261354363380541,0.937541706783198,bist100__dnfs__close__seed1,bist100,close,1,outputs/batches/markets_matched_origins_direct_h20/runs/bist100__dnfs__close__seed1/artifacts/20260716_234459_076312,753.477052018749,0.9746865685290504
linear_regression,20,49,0.1553310136225119,0.180573070084918,602.1124931402485,-3.3588723398066573,1235.7820241291322,1465.989406353497,14.231814784107524,0.7511247246661056,bist100__linear_regression__close__seed1,bist100,close,1,outputs/batches/markets_matched_origins_direct_h20/runs/bist100__linear_regression__close__seed1/artifacts/20260716_223927_462948,753.477052018749,1.9456324547983959
lstm_gru,20,49,0.0849065948467351,0.1066514702608023,160.19704796606766,-0.5205541108690606,668.1589590484807,812.056696408849,8.085308247011808,0.923635274756135,bist100__lstm_gru__close__seed1,bist100,close,1,outputs/batches/markets_matched_origins_direct_h20/runs/bist100__lstm_gru__close__seed1/artifacts/20260716_231759_461381,753.477052018749,1.0777457577946812
mlp,20,49,0.1090235087811839,0.1362523351339359,421.5088685000548,-1.4817389344212786,908.897505194572,1136.6393006332155,10.235991217008811,0.8503883454026543,bist100__mlp__close__seed1,bist100,close,1,outputs/batches/markets_matched_origins_direct_h20/runs/bist100__mlp__close__seed1/artifacts/20260716_225945_816184,753.477052018749,1.5085254389471867
naive_persistence,20,49,0.0746143729549509,0.0933163829095019,100.0,-0.1640830858481394,590.4101263552296,753.477052018749,7.219622622360065,0.9342553906157848,bist100__naive_persistence__close__seed1,bist100,close,1,outputs/batches/markets_matched_origins_direct_h20/runs/bist100__naive_persistence__close__seed1/artifacts/20260716_223820_829639,753.477052018749,1.0
cnn1d,20,49,0.2624885720945272,0.3429442368010182,1113.8485030519817,-14.72226832003157,1997.881013783062,2592.703302605064,21.69945462601601,0.221558947242993,bist100__cnn1d__close__seed7,bist100,close,7,outputs/batches/markets_matched_origins_direct_h20/runs/bist100__cnn1d__close__seed7/artifacts/20260716_224242_268112,753.477052018749,3.440985091262672
dnfs,20,49,0.0775861312298042,0.0953042310900208,170.72805725186294,-0.2142064893303696,626.8441184648307,769.9237035984747,7.517345922103003,0.9313539629472112,bist100__dnfs__close__seed7,bist100,close,7,outputs/batches/markets_matched_origins_direct_h20/runs/bist100__dnfs__close__seed7/artifacts/20260716_234828_836570,753.477052018749,1.0218276741616232
linear_regression,20,49,0.1553310136225119,0.180573070084918,602.1124931402485,-3.3588723398066573,1235.7820241291322,1465.989406353497,14.231814784107524,0.7511247246661056,bist100__linear_regression__close__seed7,bist100,close,7,outputs/batches/markets_matched_origins_direct_h20/runs/bist100__linear_regression__close__seed7/artifacts/20260716_223932_566197,753.477052018749,1.9456324547983959
lstm_gru,20,49,0.0841338129440086,0.1059720271613783,166.13079218893526,-0.5012418759479325,658.059659443186,796.6201819532033,7.979535544624386,0.9265109388396592,bist100__lstm_gru__close__seed7,bist100,close,7,outputs/batches/markets_matched_origins_direct_h20/runs/bist100__lstm_gru__close__seed7/artifacts/20260716_232049_232513,753.477052018749,1.0572587178585775
mlp,20,49,0.1179885326080561,0.1504490973630253,575.6611693404961,-2.0258497485978,929.9949592555912,1205.438986936375,10.89328667446259,0.8317285036849683,bist100__mlp__close__seed7,bist100,close,7,outputs/batches/markets_matched_origins_direct_h20/runs/bist100__mlp__close__seed7/artifacts/20260716_230146_082425,753.477052018749,1.599835036391234
naive_persistence,20,49,0.0746143729549509,0.0933163829095019,100.0,-0.1640830858481394,590.4101263552296,753.477052018749,7.219622622360065,0.9342553906157848,bist100__naive_persistence__close__seed7,bist100,close,7,outputs/batches/markets_matched_origins_direct_h20/runs/bist100__naive_persistence__close__seed7/artifacts/20260716_223826_775232,753.477052018749,1.0
cnn1d,20,49,0.251402832505411,0.3114098988834288,1055.873661193809,-11.963820616591146,1958.218127377076,2454.546471990035,21.441173944481307,0.3023098244068142,bist100__cnn1d__close__seed42,bist100,close,42,outputs/batches/markets_matched_origins_direct_h20/runs/bist100__cnn1d__close__seed42/artifacts/20260716_224449_633905,753.477052018749,3.257626049013312
dnfs,20,49,0.0776518222770781,0.0971734910128016,162.33646715209028,-0.262303529471861,622.9513409687823,770.3794791388187,7.514437019393686,0.9312726654235772,bist100__dnfs__close__seed42,bist100,close,42,outputs/batches/markets_matched_origins_direct_h20/runs/bist100__dnfs__close__seed42/artifacts/20260716_235152_108408,753.477052018749,1.0224325705405148
linear_regression,20,49,0.1553310136225119,0.180573070084918,602.1124931402485,-3.3588723398066573,1235.7820241291322,1465.989406353497,14.231814784107524,0.7511247246661056,bist100__linear_regression__close__seed42,bist100,close,42,outputs/batches/markets_matched_origins_direct_h20/runs/bist100__linear_regression__close__seed42/artifacts/20260716_223937_620657,753.477052018749,1.9456324547983959
lstm_gru,20,49,0.0868093775527967,0.1071407613231961,195.6100377161899,-0.5345379812349089,687.0427621393644,827.0920051811513,8.254686368724197,0.920781295612993,bist100__lstm_gru__close__seed42,bist100,close,42,outputs/batches/markets_matched_origins_direct_h20/runs/bist100__lstm_gru__close__seed42/artifacts/20260716_232346_191797,753.477052018749,1.0977003253983248
mlp,20,49,0.1236284759814171,0.1482177793262562,482.0775762827898,-1.936762258743016,999.9400569938148,1208.6225039291612,11.517527245220744,0.8308385332282685,bist100__mlp__close__seed42,bist100,close,42,outputs/batches/markets_matched_origins_direct_h20/runs/bist100__mlp__close__seed42/artifacts/20260716_230339_726014,753.477052018749,1.6040601378515331
naive_persistence,20,49,0.0746143729549509,0.0933163829095019,100.0,-0.1640830858481394,590.4101263552296,753.477052018749,7.219622622360065,0.9342553906157848,bist100__naive_persistence__close__seed42,bist100,close,42,outputs/batches/markets_matched_origins_direct_h20/runs/bist100__naive_persistence__close__seed42/artifacts/20260716_223832_444712,753.477052018749,1.0
cnn1d,20,49,0.2787355429492484,0.3897244054548671,1469.696008228841,-19.30408357206768,2037.5274470836528,2765.1675469914176,22.29627766212361,0.1145521414512436,bist100__cnn1d__close__seed123,bist100,close,123,outputs/batches/markets_matched_origins_direct_h20/runs/bist100__cnn1d__close__seed123/artifacts/20260716_224645_429769,753.477052018749,3.6698762617691654
dnfs,20,49,0.0836629276997602,0.1002260900056883,165.78174187433768,-0.3428569838637296,671.85419214328,788.3868645774942,8.103346879074088,0.9280221534499444,bist100__dnfs__close__seed123,bist100,close,123,outputs/batches/markets_matched_origins_direct_h20/runs/bist100__dnfs__close__seed123/artifacts/20260716_235530_294842,753.477052018749,1.0463316201405382
linear_regression,20,49,0.1553310136225119,0.180573070084918,602.1124931402485,-3.3588723398066573,1235.7820241291322,1465.989406353497,14.231814784107524,0.7511247246661056,bist100__linear_regression__close__seed123,bist100,close,123,outputs/batches/markets_matched_origins_direct_h20/runs/bist100__linear_regression__close__seed123/artifacts/20260716_223942_742753,753.477052018749,1.9456324547983959
lstm_gru,20,49,0.0849980094393194,0.1058661482555441,180.057888077873,-0.4982435291881864,672.6940354216433,817.1540194945318,8.075777947091858,0.9226735749931984,bist100__lstm_gru__close__seed123,bist100,close,123,outputs/batches/markets_matched_origins_direct_h20/runs/bist100__lstm_gru__close__seed123/artifacts/20260716_232639_354896,753.477052018749,1.084510825253638
mlp,20,49,0.1246081477283703,0.1509497025187421,582.4010563648246,-2.046019707937826,1007.0871011903936,1234.6923444971455,11.573212786492013,0.8234622446500324,bist100__mlp__close__seed123,bist100,close,123,outputs/batches/markets_matched_origins_direct_h20/runs/bist100__mlp__close__seed123/artifacts/20260716_230543_134335,753.477052018749,1.6386595201394698
naive_persistence,20,49,0.0746143729549509,0.0933163829095019,100.0,-0.1640830858481394,590.4101263552296,753.477052018749,7.219622622360065,0.9342553906157848,bist100__naive_persistence__close__seed123,bist100,close,123,outputs/batches/markets_matched_origins_direct_h20/runs/bist100__naive_persistence__close__seed123/artifacts/20260716_223838_170344,753.477052018749,1.0
cnn1d,20,49,0.2541139173021128,0.3211523598118745,1245.4394014037582,-12.787655420376195,2020.4903510235035,2600.1224218641023,21.65530220810536,0.2170974956079769,bist100__cnn1d__close__seed2026,bist100,close,2026,outputs/batches/markets_matched_origins_direct_h20/runs/bist100__cnn1d__close__seed2026/artifacts/20260716_224847_409020,753.477052018749,3.4508316011718465
dnfs,20,49,0.0805943115612437,0.0985891439241151,150.9979441130061,-0.2993506769586456,649.8931012184836,797.7538180832938,7.819191247415423,0.926301631734132,bist100__dnfs__close__seed2026,bist100,close,2026,outputs/batches/markets_matched_origins_direct_h20/runs/bist100__dnfs__close__seed2026/artifacts/20260716_235851_150211,753.477052018749,1.058763257548344
linear_regression,20,49,0.1553310136225119,0.180573070084918,602.1124931402485,-3.3588723398066573,1235.7820241291322,1465.989406353497,14.231814784107524,0.7511247246661056,bist100__linear_regression__close__seed2026,bist100,close,2026,outputs/batches/markets_matched_origins_direct_h20/runs/bist100__linear_regression__close__seed2026/artifacts/20260716_223947_786225,753.477052018749,1.9456324547983959
lstm_gru,20,49,0.085709994158225,0.1061168241199293,180.1891801909854,-0.5053471813004407,676.3793340003671,806.2872975434913,8.156276915730801,0.924716513239584,bist100__lstm_gru__close__seed2026,bist100,close,2026,outputs/batches/markets_matched_origins_direct_h20/runs/bist100__lstm_gru__close__seed2026/artifacts/20260716_232935_516130,753.477052018749,1.0700887245115838
mlp,20,49,0.1227300333860618,0.1497783883407355,551.7948097799521,-1.9989311291013188,1029.5806643600604,1290.613258283891,11.427367803126524,0.8071088359261485,bist100__mlp__close__seed2026,bist100,close,2026,outputs/batches/markets_matched_origins_direct_h20/runs/bist100__mlp__close__seed2026/artifacts/20260716_230739_432833,753.477052018749,1.7128766627013032
naive_persistence,20,49,0.0746143729549509,0.0933163829095019,100.0,-0.1640830858481394,590.4101263552296,753.477052018749,7.219622622360065,0.9342553906157848,bist100__naive_persistence__close__seed2026,bist100,close,2026,outputs/batches/markets_matched_origins_direct_h20/runs/bist100__naive_persistence__close__seed2026/artifacts/20260716_223843_973507,753.477052018749,1.0
cnn1d,20,49,0.1830457474814817,0.2235416474849113,792.4199231434254,-5.680132559082402,1644.9881930088306,2296.0407795390565,17.60094409432631,0.3895089745484298,bist100__cnn1d__indicators__seed1,bist100,indicators,1,outputs/batches/markets_matched_origins_direct_h20/runs/bist100__cnn1d__indicators__seed1/artifacts/20260716_225043_267335,753.477052018749,3.0472603955056132
dnfs,20,49,0.0786492102698427,0.0967619435445039,148.92603553858103,-0.2516339994933976,638.3235670520605,799.3995386966939,7.641722552315684,0.9259972470352964,bist100__dnfs__indicators__seed1,bist100,indicators,1,outputs/batches/markets_matched_origins_direct_h20/runs/bist100__dnfs__indicators__seed1/artifacts/20260717_000228_243174,753.477052018749,1.0609474257442975
linear_regression,20,49,0.285862650964096,0.3512031433750188,1439.271075741427,-15.488645259481189,2280.3062287971657,2937.8520485048134,26.24289990144021,0.000506599167906,bist100__linear_regression__indicators__seed1,bist100,indicators,1,outputs/batches/markets_matched_origins_direct_h20/runs/bist100__linear_regression__indicators__seed1/artifacts/20260716_223952_654928,753.477052018749,3.8990597532248534
lstm_gru,20,49,0.0856705444792163,0.1041904126659739,181.2580495953432,-0.451188079275203,696.8841291609746,838.5225019402552,8.252299552897115,0.9185765438976028,bist100__lstm_gru__indicators__seed1,bist100,indicators,1,outputs/batches/markets_matched_origins_direct_h20/runs/bist100__lstm_gru__indicators__seed1/artifacts/20260716_233234_673133,753.477052018749,1.1128706570341442
mlp,20,49,0.1851874328507452,0.2296927991000278,1078.7494412920337,-6.052822376580116,1661.329471276162,2247.809914372093,17.96618147471011,0.4148876641698551,bist100__mlp__indicators__seed1,bist100,indicators,1,outputs/batches/markets_matched_origins_direct_h20/runs/bist100__mlp__indicators__seed1/artifacts/20260716_230937_959666,753.477052018749,2.9832493349992033
naive_persistence,20,49,0.0746143729549509,0.0933163829095019,100.0,-0.1640830858481394,590.4101263552296,753.477052018749,7.219622622360065,0.9342553906157848,bist100__naive_persistence__indicators__seed1,bist100,indicators,1,outputs/batches/markets_matched_origins_direct_h20/runs/bist100__naive_persistence__indicators__seed1/artifacts/20260716_223849_788580,753.477052018749,1.0
cnn1d,20,49,0.1988109000144838,0.2506795074646747,1000.4762350352286,-7.400513835101133,1783.9527594683236,2604.76019370266,18.88589716427472,0.2143021184756994,bist100__cnn1d__indicators__seed7,bist100,indicators,7,outputs/batches/markets_matched_origins_direct_h20/runs/bist100__cnn1d__indicators__seed7/artifacts/20260716_225231_241962,753.477052018749,3.4569867612077525
dnfs,20,49,0.078232453914229,0.0957434484219676,131.15829526870152,-0.2254238174194891,623.0800255483573,770.4287389760672,7.569760514955673,0.931263875974622,bist100__dnfs__indicators__seed7,bist100,indicators,7,outputs/batches/markets_matched_origins_direct_h20/runs/bist100__dnfs__indicators__seed7/artifacts/20260717_000555_251349,753.477052018749,1.0224979472326337
linear_regression,20,49,0.285862650964096,0.3512031433750188,1439.271075741427,-15.488645259481189,2280.3062287971657,2937.8520485048134,26.24289990144021,0.000506599167906,bist100__linear_regression__indicators__seed7,bist100,indicators,7,outputs/batches/markets_matched_origins_direct_h20/runs/bist100__linear_regression__indicators__seed7/artifacts/20260716_224002_492763,753.477052018749,3.8990597532248534
lstm_gru,20,49,0.0864292334381916,0.1047347691192809,176.11722571883527,-0.466391536287621,713.577317033796,865.366063189807,8.369849627645596,0.913279892266357,bist100__lstm_gru__indicators__seed7,bist100,indicators,7,outputs/batches/markets_matched_origins_direct_h20/runs/bist100__lstm_gru__indicators__seed7/artifacts/20260716_233507_996991,753.477052018749,1.1484969062711068
mlp,20,49,0.2192143054126353,0.2516498928446494,1101.4592480964136,-7.465676828746085,2014.9185190226483,2612.0974516135484,21.33234888143528,0.2098694743971531,bist100__mlp__indicators__seed7,bist100,indicators,7,outputs/batches/markets_matched_origins_direct_h20/runs/bist100__mlp__indicators__seed7/artifacts/20260716_231114_575739,753.477052018749,3.46672462633746
naive_persistence,20,49,0.0746143729549509,0.0933163829095019,100.0,-0.1640830858481394,590.4101263552296,753.477052018749,7.219622622360065,0.9342553906157848,bist100__naive_persistence__indicators__seed7,bist100,indicators,7,outputs/batches/markets_matched_origins_direct_h20/runs/bist100__naive_persistence__indicators__seed7/artifacts/20260716_223857_048165,753.477052018749,1.0
cnn1d,20,49,0.2022687292351059,0.2395505655819291,1041.2494758959451,-6.671187308322415,1784.4620976002518,2387.7405994698324,19.131123859121256,0.339771333006679,bist100__cnn1d__indicators__seed42,bist100,indicators,42,outputs/batches/markets_matched_origins_direct_h20/runs/bist100__cnn1d__indicators__seed42/artifacts/20260716_225422_649275,753.477052018749,3.168962602208644
dnfs,20,49,0.0807067905504137,0.0962760954270602,165.3720407545535,-0.2390964804046429,662.0929300481956,801.8246859533235,7.835282198875401,0.9255475600114248,bist100__dnfs__indicators__seed42,bist100,indicators,42,outputs/batches/markets_matched_origins_direct_h20/runs/bist100__dnfs__indicators__seed42/artifacts/20260717_000916_047271,753.477052018749,1.064166033729945
linear_regression,20,49,0.285862650964096,0.3512031433750188,1439.271075741427,-15.488645259481189,2280.3062287971657,2937.8520485048134,26.24289990144021,0.000506599167906,bist100__linear_regression__indicators__seed42,bist100,indicators,42,outputs/batches/markets_matched_origins_direct_h20/runs/bist100__linear_regression__indicators__seed42/artifacts/20260716_224012_258834,753.477052018749,3.8990597532248534
lstm_gru,20,49,0.0877079871945311,0.1042179246947096,240.6812443959168,-0.4519545682128445,724.9698122849129,860.6054163924905,8.464198363797887,0.9142314160892328,bist100__lstm_gru__indicators__seed42,bist100,indicators,42,outputs/batches/markets_matched_origins_direct_h20/runs/bist100__lstm_gru__indicators__seed42/artifacts/20260716_233738_277926,753.477052018749,1.1421786689942561
mlp,20,49,0.1764420364394078,0.2138473185581336,780.4539466395829,-5.113301342068335,1621.707838216272,2158.1272028410112,16.993619159869354,0.4606456726625066,bist100__mlp__indicators__seed42,bist100,indicators,42,outputs/batches/markets_matched_origins_direct_h20/runs/bist100__mlp__indicators__seed42/artifacts/20260716_231256_995595,753.477052018749,2.864224195095075
naive_persistence,20,49,0.0746143729549509,0.0933163829095019,100.0,-0.1640830858481394,590.4101263552296,753.477052018749,7.219622622360065,0.9342553906157848,bist100__naive_persistence__indicators__seed42,bist100,indicators,42,outputs/batches/markets_matched_origins_direct_h20/runs/bist100__naive_persistence__indicators__seed42/artifacts/20260716_223904_376502,753.477052018749,1.0
cnn1d,20,49,0.187369642278078,0.2621259123397172,1328.6088194112488,-8.185188979442529,1682.8160729391386,2666.0941652994115,17.522700015814756,0.1768650189933724,bist100__cnn1d__indicators__seed123,bist100,indicators,123,outputs/batches/markets_matched_origins_direct_h20/runs/bist100__cnn1d__indicators__seed123/artifacts/20260716_225609_582077,753.477052018749,3.5383880081766184
dnfs,20,49,0.0800989490328609,0.0973014025736893,153.32236324391434,-0.2656289113602728,655.2006905555551,804.7036449620572,7.760653165533597,0.9250119558291444,bist100__dnfs__indicators__seed123,bist100,indicators,123,outputs/batches/markets_matched_origins_direct_h20/runs/bist100__dnfs__indicators__seed123/artifacts/20260717_001240_357217,753.477052018749,1.0679869317931576
linear_regression,20,49,0.285862650964096,0.3512031433750188,1439.271075741427,-15.488645259481189,2280.3062287971657,2937.8520485048134,26.24289990144021,0.000506599167906,bist100__linear_regression__indicators__seed123,bist100,indicators,123,outputs/batches/markets_matched_origins_direct_h20/runs/bist100__linear_regression__indicators__seed123/artifacts/20260716_224022_145560,753.477052018749,3.8990597532248534
lstm_gru,20,49,0.0841978056452071,0.1014456072046387,214.03249257853795,-0.3757346566422828,692.7894929189051,838.3338943868533,8.109403522905003,0.9186131686791384,bist100__lstm_gru__indicators__seed123,bist100,indicators,123,outputs/batches/markets_matched_origins_direct_h20/runs/bist100__lstm_gru__indicators__seed123/artifacts/20260716_234004_534562,753.477052018749,1.1126203407797917
mlp,20,49,0.1905359491016906,0.2360756329728097,821.5792620014244,-6.450244260304501,1710.523501844153,2248.017930943416,18.381176863522622,0.4147793643595032,bist100__mlp__indicators__seed123,bist100,indicators,123,outputs/batches/markets_matched_origins_direct_h20/runs/bist100__mlp__indicators__seed123/artifacts/20260716_231432_675171,753.477052018749,2.9835254105223608
naive_persistence,20,49,0.0746143729549509,0.0933163829095019,100.0,-0.1640830858481394,590.4101263552296,753.477052018749,7.219622622360065,0.9342553906157848,bist100__naive_persistence__indicators__seed123,bist100,indicators,123,outputs/batches/markets_matched_origins_direct_h20/runs/bist100__naive_persistence__indicators__seed123/artifacts/20260716_223911_879274,753.477052018749,1.0
cnn1d,20,49,0.1992824818128463,0.2447566012783927,686.0728353300663,-7.008238776657981,1745.856478211072,2521.8992615092,18.88571697427789,0.2634952391904525,bist100__cnn1d__indicators__seed2026,bist100,indicators,2026,outputs/batches/markets_matched_origins_direct_h20/runs/bist100__cnn1d__indicators__seed2026/artifacts/20260716_225759_622158,753.477052018749,3.3470153533573668
dnfs,20,49,0.0802272986035951,0.0971306508386365,149.0063372873653,-0.2611907695585633,647.7184369711846,794.343718411118,7.765418505185359,0.9269303510929304,bist100__dnfs__indicators__seed2026,bist100,indicators,2026,outputs/batches/markets_matched_origins_direct_h20/runs/bist100__dnfs__indicators__seed2026/artifacts/20260717_001620_001996,753.477052018749,1.0542374399895487
linear_regression,20,49,0.285862650964096,0.3512031433750188,1439.271075741427,-15.488645259481189,2280.3062287971657,2937.8520485048134,26.24289990144021,0.000506599167906,bist100__linear_regression__indicators__seed2026,bist100,indicators,2026,outputs/batches/markets_matched_origins_direct_h20/runs/bist100__linear_regression__indicators__seed2026/artifacts/20260716_224031_833374,753.477052018749,3.8990597532248534
lstm_gru,20,49,0.0858960446325466,0.1039818611687055,191.0808025045324,-0.4453843869068188,703.049017768804,838.4078446982143,8.261518933253106,0.9185988096104908,bist100__lstm_gru__indicators__seed2026,bist100,indicators,2026,outputs/batches/markets_matched_origins_direct_h20/runs/bist100__lstm_gru__indicators__seed2026/artifacts/20260716_234234_666474,753.477052018749,1.112718486186029
mlp,20,49,0.1856645240732209,0.2188115650210895,940.976947105498,-5.400423788864117,1579.4827335587495,1929.677132525999,17.74883213831224,0.5687894377004675,bist100__mlp__indicators__seed2026,bist100,indicators,2026,outputs/batches/markets_matched_origins_direct_h20/runs/bist100__mlp__indicators__seed2026/artifacts/20260716_231615_054356,753.477052018749,2.56102973190215
naive_persistence,20,49,0.0746143729549509,0.0933163829095019,100.0,-0.1640830858481394,590.4101263552296,753.477052018749,7.219622622360065,0.9342553906157848,bist100__naive_persistence__indicators__seed2026,bist100,indicators,2026,outputs/batches/markets_matched_origins_direct_h20/runs/bist100__naive_persistence__indicators__seed2026/artifacts/20260716_223919_425043,753.477052018749,1.0
cnn1d,20,49,0.037563600190412,0.0475345793019267,103.1959884093122,-0.0710618312757531,194.43305136559675,246.00684603297535,3.742828762266016,0.9494926374782232,sp500__cnn1d__close__seed1,sp500,close,1,outputs/batches/markets_matched_origins_direct_h20/runs/sp500__cnn1d__close__seed1/artifacts/20260716_205109_473273,248.5512063878996,0.989763234739833
dnfs,20,49,0.0409418210827311,0.0503576201469543,121.09099836159344,-0.2020585694562116,210.6049079842785,259.8163927703689,4.0641527095684165,0.943663040834468,sp500__dnfs__close__seed1,sp500,close,1,outputs/batches/markets_matched_origins_direct_h20/runs/sp500__dnfs__close__seed1/artifacts/20260716_220519_935710,248.5512063878996,1.0453234025542744
linear_regression,20,49,0.0360840561129442,0.0464712512060364,107.82828701711368,-0.0236794030359297,188.20095213802023,242.94891355530396,3.6344231132406977,0.9507404741996196,sp500__linear_regression__close__seed1,sp500,close,1,outputs/batches/markets_matched_origins_direct_h20/runs/sp500__linear_regression__close__seed1/artifacts/20260716_205004_320512,248.5512063878996,0.9774602066350365
lstm_gru,20,49,0.0368572566391558,0.0472469939871245,98.5564349480694,-0.0581411369378508,190.12518462849903,244.24850799581847,3.6792326515314966,0.9502120616417468,sp500__lstm_gru__close__seed1,sp500,close,1,outputs/batches/markets_matched_origins_direct_h20/runs/sp500__lstm_gru__close__seed1/artifacts/20260716_213332_611362,248.5512063878996,0.9826888855032706
mlp,20,49,0.036935321188758,0.0474542414422498,103.13331101349463,-0.0674445024675862,191.85753458650495,247.66200239935876,3.6970636977463984,0.9488107149216948,sp500__mlp__close__seed1,sp500,close,1,outputs/batches/markets_matched_origins_direct_h20/runs/sp500__mlp__close__seed1/artifacts/20260716_211051_486392,248.5512063878996,0.9964224515283457
naive_persistence,20,49,0.0385495026035196,0.0477422900503976,100.0,-0.0804426702864444,199.9259406887755,248.5512063878996,3.8289267741831914,0.9484424757144526,sp500__naive_persistence__close__seed1,sp500,close,1,outputs/batches/markets_matched_origins_direct_h20/runs/sp500__naive_persistence__close__seed1/artifacts/20260716_204927_067994,248.5512063878996,1.0
cnn1d,20,49,0.0389798598892203,0.0496747609348908,102.57516539312492,-0.1696793024700624,202.45365170003765,259.4640671685286,3.878213543068629,0.9438157293903018,sp500__cnn1d__close__seed7,sp500,close,7,outputs/batches/markets_matched_origins_direct_h20/runs/sp500__cnn1d__close__seed7/artifacts/20260716_205324_452496,248.5512063878996,1.0439058853876488
dnfs,20,49,0.0396253164789861,0.0499628407206942,109.2516382370808,-0.1832853280900921,204.24247202595632,258.5755085180621,3.9407054577496834,0.944199886913303,sp500__dnfs__close__seed7,sp500,close,7,outputs/batches/markets_matched_origins_direct_h20/runs/sp500__dnfs__close__seed7/artifacts/20260716_220842_338853,248.5512063878996,1.0403309333148767
linear_regression,20,49,0.0360840561129442,0.0464712512060364,107.82828701711368,-0.0236794030359297,188.20095213802023,242.94891355530396,3.6344231132406977,0.9507404741996196,sp500__linear_regression__close__seed7,sp500,close,7,outputs/batches/markets_matched_origins_direct_h20/runs/sp500__linear_regression__close__seed7/artifacts/20260716_205008_816474,248.5512063878996,0.9774602066350365
lstm_gru,20,49,0.0363724579959175,0.0470491304029416,92.25288352544608,-0.0492970103735941,187.8427987946273,243.63247057776812,3.632281657788985,0.9504628926838116,sp500__lstm_gru__close__seed7,sp500,close,7,outputs/batches/markets_matched_origins_direct_h20/runs/sp500__lstm_gru__close__seed7/artifacts/20260716_213727_776201,248.5512063878996,0.9802103724153521
mlp,20,49,0.0362090046073318,0.0467760883667626,99.46362448482704,-0.0371534976156826,186.84540477723945,241.6678533220027,3.62278936614308,0.9512585917339608,sp500__mlp__close__seed7,sp500,close,7,outputs/batches/markets_matched_origins_direct_h20/runs/sp500__mlp__close__seed7/artifacts/20260716_211337_124451,248.5512063878996,0.9723060967358395
naive_persistence,20,49,0.0385495026035196,0.0477422900503976,100.0,-0.0804426702864444,199.9259406887755,248.5512063878996,3.8289267741831914,0.9484424757144526,sp500__naive_persistence__close__seed7,sp500,close,7,outputs/batches/markets_matched_origins_direct_h20/runs/sp500__naive_persistence__close__seed7/artifacts/20260716_204930_133950,248.5512063878996,1.0
cnn1d,20,49,0.0386184874402025,0.0487738669003386,110.84415805319357,-0.1276377628370597,200.7306154597388,252.59353370751543,3.842573683383595,0.9467518208538886,sp500__cnn1d__close__seed42,sp500,close,42,outputs/batches/markets_matched_origins_direct_h20/runs/sp500__cnn1d__close__seed42/artifacts/20260716_205530_348038,248.5512063878996,1.016263559442585
dnfs,20,49,0.040817360307942,0.0511299305627035,122.18167998305547,-0.2392120835641853,210.4737142992155,264.7707490881729,4.052357406065454,0.9414940127089948,sp500__dnfs__close__seed42,sp500,close,42,outputs/batches/markets_matched_origins_direct_h20/runs/sp500__dnfs__close__seed42/artifacts/20260716_221159_867763,248.5512063878996,1.0652563426908515
linear_regression,20,49,0.0360840561129442,0.0464712512060364,107.82828701711368,-0.0236794030359297,188.20095213802023,242.94891355530396,3.6344231132406977,0.9507404741996196,sp500__linear_regression__close__seed42,sp500,close,42,outputs/batches/markets_matched_origins_direct_h20/runs/sp500__linear_regression__close__seed42/artifacts/20260716_205013_051271,248.5512063878996,0.9774602066350365
lstm_gru,20,49,0.0368088412083108,0.0469658226717896,100.98010218969628,-0.0455844162394851,189.6922112865558,242.71900362389297,3.676855224010758,0.950833661654682,sp500__lstm_gru__close__seed42,sp500,close,42,outputs/batches/markets_matched_origins_direct_h20/runs/sp500__lstm_gru__close__seed42/artifacts/20260716_214119_178276,248.5512063878996,0.9765352063715006
mlp,20,49,0.0365147236308483,0.0473241977731395,94.66588002965076,-0.0616020659699156,189.03077772200143,246.6718011849897,3.654507306583816,0.949219226216074,sp500__mlp__close__seed42,sp500,close,42,outputs/batches/markets_matched_origins_direct_h20/runs/sp500__mlp__close__seed42/artifacts/20260716_211621_040155,248.5512063878996,0.9924385593205417
naive_persistence,20,49,0.0385495026035196,0.0477422900503976,100.0,-0.0804426702864444,199.9259406887755,248.5512063878996,3.8289267741831914,0.9484424757144526,sp500__naive_persistence__close__seed42,sp500,close,42,outputs/batches/markets_matched_origins_direct_h20/runs/sp500__naive_persistence__close__seed42/artifacts/20260716_204933_039956,248.5512063878996,1.0
cnn1d,20,49,0.0385951507689746,0.0475204535068883,108.73597222327636,-0.0704253534904655,199.9258171219779,245.4656062405276,3.8484975577351017,0.949714635550397,sp500__cnn1d__close__seed123,sp500,close,123,outputs/batches/markets_matched_origins_direct_h20/runs/sp500__cnn1d__close__seed123/artifacts/20260716_205748_291523,248.5512063878996,0.9875856561220769
dnfs,20,49,0.040159835800032,0.0504432311823638,112.79770585519712,-0.2061491898889742,207.63808005996447,260.48881299157955,3.9894166607843102,0.9433710567089596,sp500__dnfs__close__seed123,sp500,close,123,outputs/batches/markets_matched_origins_direct_h20/runs/sp500__dnfs__close__seed123/artifacts/20260716_221518_355406,248.5512063878996,1.0480287614659556
linear_regression,20,49,0.0360840561129442,0.0464712512060364,107.82828701711368,-0.0236794030359297,188.20095213802023,242.94891355530396,3.6344231132406977,0.9507404741996196,sp500__linear_regression__close__seed123,sp500,close,123,outputs/batches/markets_matched_origins_direct_h20/runs/sp500__linear_regression__close__seed123/artifacts/20260716_205017_548383,248.5512063878996,0.9774602066350365
lstm_gru,20,49,0.0369278011164078,0.0471017158621329,101.50568211146044,-0.0516438592928329,190.1906937784669,243.7795286110373,3.6899634613917134,0.9504030728400764,sp500__lstm_gru__close__seed123,sp500,close,123,outputs/batches/markets_matched_origins_direct_h20/runs/sp500__lstm_gru__close__seed123/artifacts/20260716_214510_630405,248.5512063878996,0.980802033326624
mlp,20,49,0.0366049107822389,0.0477167983992858,92.98006446292904,-0.0792891891873737,189.2078850036184,246.92242176530883,3.6657080720604656,0.9491159864282008,sp500__mlp__close__seed123,sp500,close,123,outputs/batches/markets_matched_origins_direct_h20/runs/sp500__mlp__close__seed123/artifacts/20260716_211910_724301,248.5512063878996,0.9934468850654105
naive_persistence,20,49,0.0385495026035196,0.0477422900503976,100.0,-0.0804426702864444,199.9259406887755,248.5512063878996,3.8289267741831914,0.9484424757144526,sp500__naive_persistence__close__seed123,sp500,close,123,outputs/batches/markets_matched_origins_direct_h20/runs/sp500__naive_persistence__close__seed123/artifacts/20260716_204936_044458,248.5512063878996,1.0
cnn1d,20,49,0.041262965491043,0.0507108662206437,119.5499496209882,-0.2189819974823665,213.926478838814,263.2298764841849,4.105455089181503,0.9421729997335068,sp500__cnn1d__close__seed2026,sp500,close,2026,outputs/batches/markets_matched_origins_direct_h20/runs/sp500__cnn1d__close__seed2026/artifacts/20260716_210000_725773,248.5512063878996,1.0590569255712126
dnfs,20,49,0.0397580722286607,0.0498264591556912,112.96999401816588,-0.1768342116756545,205.05880191734687,258.07192648084373,3.9492729413497103,0.9444170194030428,sp500__dnfs__close__seed2026,sp500,close,2026,outputs/batches/markets_matched_origins_direct_h20/runs/sp500__dnfs__close__seed2026/artifacts/20260716_221849_651493,248.5512063878996,1.0383048637393684
linear_regression,20,49,0.0360840561129442,0.0464712512060364,107.82828701711368,-0.0236794030359297,188.20095213802023,242.94891355530396,3.6344231132406977,0.9507404741996196,sp500__linear_regression__close__seed2026,sp500,close,2026,outputs/batches/markets_matched_origins_direct_h20/runs/sp500__linear_regression__close__seed2026/artifacts/20260716_205021_779243,248.5512063878996,0.9774602066350365
lstm_gru,20,49,0.0371770598222008,0.0475380774665937,96.74677335878754,-0.0712194802367729,191.6491263934832,246.18565830246004,3.711323590138033,0.9494191873404122,sp500__lstm_gru__close__seed2026,sp500,close,2026,outputs/batches/markets_matched_origins_direct_h20/runs/sp500__lstm_gru__close__seed2026/artifacts/20260716_214904_971036,248.5512063878996,0.9904826529719281
mlp,20,49,0.0362874918024607,0.04664307484785,97.22266125326024,-0.0312633390061849,188.1966851551639,242.68916779330723,3.6316446499137,0.9508457482928128,sp500__mlp__close__seed2026,sp500,close,2026,outputs/batches/markets_matched_origins_direct_h20/runs/sp500__mlp__close__seed2026/artifacts/20260716_212153_418866,248.5512063878996,0.976415167402391
naive_persistence,20,49,0.0385495026035196,0.0477422900503976,100.0,-0.0804426702864444,199.9259406887755,248.5512063878996,3.8289267741831914,0.9484424757144526,sp500__naive_persistence__close__seed2026,sp500,close,2026,outputs/batches/markets_matched_origins_direct_h20/runs/sp500__naive_persistence__close__seed2026/artifacts/20260716_204939_013565,248.5512063878996,1.0
cnn1d,20,49,0.0342925066920429,0.0444673233901142,118.42700677787082,0.0627030335437252,178.19797509730654,234.62213795972383,3.44556038607904,0.9540592289387204,sp500__cnn1d__indicators__seed1,sp500,indicators,1,outputs/batches/markets_matched_origins_direct_h20/runs/sp500__cnn1d__indicators__seed1/artifacts/20260716_210203_132541,248.5512063878996,0.9439589586765574
dnfs,20,49,0.0358891777988311,0.0451366092940293,92.28913033897938,0.0342758402147314,185.27122705461335,233.2768093749051,3.580772210511322,0.9545845692683866,sp500__dnfs__indicators__seed1,sp500,indicators,1,outputs/batches/markets_matched_origins_direct_h20/runs/sp500__dnfs__indicators__seed1/artifacts/20260716_222224_502870,248.5512063878996,0.9385462769021662
linear_regression,20,49,0.0400495535346876,0.0499577460910671,136.39614572105535,-0.18304402503167,208.01795841613892,260.0490045972773,4.011686520241804,0.9435621194945752,sp500__linear_regression__indicators__seed1,sp500,indicators,1,outputs/batches/markets_matched_origins_direct_h20/runs/sp500__linear_regression__indicators__seed1/artifacts/20260716_205026_264019,248.5512063878996,1.0462592733967009
lstm_gru,20,49,0.0369031002045542,0.046127663129971,120.543661891151,-0.0085980879961828,191.5851785278373,238.90111882952908,3.69382234976777,0.9523682353421036,sp500__lstm_gru__indicators__seed1,sp500,indicators,1,outputs/batches/markets_matched_origins_direct_h20/runs/sp500__lstm_gru__indicators__seed1/artifacts/20260716_215313_353282,248.5512063878996,0.9611746500907736
mlp,20,49,0.0341146549822265,0.0448792552788584,111.3132036782105,0.0452569248596199,180.3208329765211,238.11255040639108,3.412461500715412,0.9526821636730296,sp500__mlp__indicators__seed1,sp500,indicators,1,outputs/batches/markets_matched_origins_direct_h20/runs/sp500__mlp__indicators__seed1/artifacts/20260716_212444_317357,248.5512063878996,0.9580019902811595
naive_persistence,20,49,0.0385495026035196,0.0477422900503976,100.0,-0.0804426702864444,199.9259406887755,248.5512063878996,3.8289267741831914,0.9484424757144526,sp500__naive_persistence__indicators__seed1,sp500,indicators,1,outputs/batches/markets_matched_origins_direct_h20/runs/sp500__naive_persistence__indicators__seed1/artifacts/20260716_204942_047237,248.5512063878996,1.0
cnn1d,20,49,0.033410531106014,0.0439211659437245,94.09145111608215,0.0855858145507858,173.52976250239604,230.1573458473046,3.348695557365964,0.9557910718477972,sp500__cnn1d__indicators__seed7,sp500,indicators,7,outputs/batches/markets_matched_origins_direct_h20/runs/sp500__cnn1d__indicators__seed7/artifacts/20260716_210351_106894,248.5512063878996,0.9259956899509522
dnfs,20,49,0.0365953869568346,0.045764064130872,100.28570327168948,0.0072396927954284,189.2962539945444,237.6209789315691,3.651789438086333,0.9528773326289938,sp500__dnfs__indicators__seed7,sp500,indicators,7,outputs/batches/markets_matched_origins_direct_h20/runs/sp500__dnfs__indicators__seed7/artifacts/20260716_222536_245776,248.5512063878996,0.9560242429913122
linear_regression,20,49,0.0400495535346876,0.0499577460910671,136.39614572105535,-0.18304402503167,208.01795841613892,260.0490045972773,4.011686520241804,0.9435621194945752,sp500__linear_regression__indicators__seed7,sp500,indicators,7,outputs/batches/markets_matched_origins_direct_h20/runs/sp500__linear_regression__indicators__seed7/artifacts/20260716_205034_824748,248.5512063878996,1.0462592733967009
lstm_gru,20,49,0.0381544496119687,0.0481412929184528,112.29220965464376,-0.0985775844991909,198.08440264495124,251.82628367621516,3.822880395691461,0.9470748110644516,sp500__lstm_gru__indicators__seed7,sp500,indicators,7,outputs/batches/markets_matched_origins_direct_h20/runs/sp500__lstm_gru__indicators__seed7/artifacts/20260716_215543_720362,248.5512063878996,1.013176670256045
mlp,20,49,0.0381435883388622,0.048964848905954,112.36273978767228,-0.1364859502341124,199.26027397318697,258.86953347113416,3.797537691933635,0.9440729146901956,sp500__mlp__indicators__seed7,sp500,indicators,7,outputs/batches/markets_matched_origins_direct_h20/runs/sp500__mlp__indicators__seed7/artifacts/20260716_212630_585758,248.5512063878996,1.0415138885591702
naive_persistence,20,49,0.0385495026035196,0.0477422900503976,100.0,-0.0804426702864444,199.9259406887755,248.5512063878996,3.8289267741831914,0.9484424757144526,sp500__naive_persistence__indicators__seed7,sp500,indicators,7,outputs/batches/markets_matched_origins_direct_h20/runs/sp500__naive_persistence__indicators__seed7/artifacts/20260716_204946_433258,248.5512063878996,1.0
cnn1d,20,49,0.0340171759435049,0.043344549007179,124.8042034339235,0.1094378957587277,179.17931934039018,230.9872150502886,3.404675577033958,0.9554716923433384,sp500__cnn1d__indicators__seed42,sp500,indicators,42,outputs/batches/markets_matched_origins_direct_h20/runs/sp500__cnn1d__indicators__seed42/artifacts/20260716_210535_825647,248.5512063878996,0.9293345158413759
dnfs,20,49,0.0363778874042594,0.0460522490459969,95.12141551657342,-0.0053028712657987,187.89988814632247,238.90365547630327,3.633088547211095,0.9523672238306948,sp500__dnfs__indicators__seed42,sp500,indicators,42,outputs/batches/markets_matched_origins_direct_h20/runs/sp500__dnfs__indicators__seed42/artifacts/20260716_222848_740856,248.5512063878996,0.9611848558218625
linear_regression,20,49,0.0400495535346876,0.0499577460910671,136.39614572105535,-0.18304402503167,208.01795841613892,260.0490045972773,4.011686520241804,0.9435621194945752,sp500__linear_regression__indicators__seed42,sp500,indicators,42,outputs/batches/markets_matched_origins_direct_h20/runs/sp500__linear_regression__indicators__seed42/artifacts/20260716_205043_616537,248.5512063878996,1.0462592733967009
lstm_gru,20,49,0.0379246784806503,0.047068736118474,129.66722350289257,-0.0501716920017094,199.50118841662425,249.66619895039645,3.7992241239672335,0.9479788674488844,sp500__lstm_gru__indicators__seed42,sp500,indicators,42,outputs/batches/markets_matched_origins_direct_h20/runs/sp500__lstm_gru__indicators__seed42/artifacts/20260716_215807_872883,248.5512063878996,1.004485967212554
mlp,20,49,0.0376784765514437,0.048550684433284,125.22039612440446,-0.1173415451041104,200.15179101440305,260.7314113986484,3.755872073795103,0.9432655282714248,sp500__mlp__indicators__seed42,sp500,indicators,42,outputs/batches/markets_matched_origins_direct_h20/runs/sp500__mlp__indicators__seed42/artifacts/20260716_212819_397099,248.5512063878996,1.0490048114742998
naive_persistence,20,49,0.0385495026035196,0.0477422900503976,100.0,-0.0804426702864444,199.9259406887755,248.5512063878996,3.8289267741831914,0.9484424757144526,sp500__naive_persistence__indicators__seed42,sp500,indicators,42,outputs/batches/markets_matched_origins_direct_h20/runs/sp500__naive_persistence__indicators__seed42/artifacts/20260716_204950_820906,248.5512063878996,1.0
cnn1d,20,49,0.0322918975006717,0.0423248985977014,104.88960503833071,0.150844774857682,167.23188697851634,221.0165733249317,3.2549812686879127,0.9592328842249568,sp500__cnn1d__indicators__seed123,sp500,indicators,123,outputs/batches/markets_matched_origins_direct_h20/runs/sp500__cnn1d__indicators__seed123/artifacts/20260716_210720_934669,248.5512063878996,0.8892194752819015
dnfs,20,49,0.0368904569779521,0.0467788933258987,98.41007486348155,-0.0372778885387177,190.53196670756785,241.4985516928004,3.683286103301327,0.9513268598898256,sp500__dnfs__indicators__seed123,sp500,indicators,123,outputs/batches/markets_matched_origins_direct_h20/runs/sp500__dnfs__indicators__seed123/artifacts/20260716_223202_317980,248.5512063878996,0.9716249428132223
linear_regression,20,49,0.0400495535346876,0.0499577460910671,136.39614572105535,-0.18304402503167,208.01795841613892,260.0490045972773,4.011686520241804,0.9435621194945752,sp500__linear_regression__indicators__seed123,sp500,indicators,123,outputs/batches/markets_matched_origins_direct_h20/runs/sp500__linear_regression__indicators__seed123/artifacts/20260716_205052_219063,248.5512063878996,1.0462592733967009
lstm_gru,20,49,0.0379635816405476,0.0474882586618851,141.3875638565955,-0.0689754302749685,198.0512182951081,249.83634715434124,3.8126692610669006,0.9479079381969356,sp500__lstm_gru__indicators__seed123,sp500,indicators,123,outputs/batches/markets_matched_origins_direct_h20/runs/sp500__lstm_gru__indicators__seed123/artifacts/20260716_220032_309387,248.5512063878996,1.0051705271727227
mlp,20,49,0.0378511162266675,0.0494184247988118,117.51153556727552,-0.1576386822563469,195.918999524059,257.3590694656427,3.779081005714048,0.9447236625503552,sp500__mlp__indicators__seed123,sp500,indicators,123,outputs/batches/markets_matched_origins_direct_h20/runs/sp500__mlp__indicators__seed123/artifacts/20260716_213004_513364,248.5512063878996,1.0354368148348359
naive_persistence,20,49,0.0385495026035196,0.0477422900503976,100.0,-0.0804426702864444,199.9259406887755,248.5512063878996,3.8289267741831914,0.9484424757144526,sp500__naive_persistence__indicators__seed123,sp500,indicators,123,outputs/batches/markets_matched_origins_direct_h20/runs/sp500__naive_persistence__indicators__seed123/artifacts/20260716_204955_219879,248.5512063878996,1.0
cnn1d,20,49,0.0339395536916773,0.0416258799945008,117.53650968197576,0.1786616727239894,176.5718918111595,217.72212754860988,3.3963043819820675,0.9604391655739198,sp500__cnn1d__indicators__seed2026,sp500,indicators,2026,outputs/batches/markets_matched_origins_direct_h20/runs/sp500__cnn1d__indicators__seed2026/artifacts/20260716_210906_119327,248.5512063878996,0.8759648794817091
dnfs,20,49,0.0362258437879515,0.0462977555861257,93.97755684856764,-0.0160500685498585,187.69326709241716,241.6976411576615,3.6182427386249447,0.9512465753195348,sp500__dnfs__indicators__seed2026,sp500,indicators,2026,outputs/batches/markets_matched_origins_direct_h20/runs/sp500__dnfs__indicators__seed2026/artifacts/20260716_223509_405866,248.5512063878996,0.9724259426062003
linear_regression,20,49,0.0400495535346876,0.0499577460910671,136.39614572105535,-0.18304402503167,208.01795841613892,260.0490045972773,4.011686520241804,0.9435621194945752,sp500__linear_regression__indicators__seed2026,sp500,indicators,2026,outputs/batches/markets_matched_origins_direct_h20/runs/sp500__linear_regression__indicators__seed2026/artifacts/20260716_205100_961514,248.5512063878996,1.0462592733967009
lstm_gru,20,49,0.038010026234332,0.0479745611235625,116.48853522826228,-0.0909811693990574,197.8951147019759,251.86277566422385,3.806796451464808,0.947059471241564,sp500__lstm_gru__indicators__seed2026,sp500,indicators,2026,outputs/batches/markets_matched_origins_direct_h20/runs/sp500__lstm_gru__indicators__seed2026/artifacts/20260716_220253_499655,248.5512063878996,1.013323489048595
mlp,20,49,0.0422621812170236,0.0525581485186413,147.52110730041116,-0.3094090834442529,221.8823222573051,276.31047163687845,4.206607883729368,0.9362830479932388,sp500__mlp__indicators__seed2026,sp500,indicators,2026,outputs/batches/markets_matched_origins_direct_h20/runs/sp500__mlp__indicators__seed2026/artifacts/20260716_213147_188853,248.5512063878996,1.1116842909450881
naive_persistence,20,49,0.0385495026035196,0.0477422900503976,100.0,-0.0804426702864444,199.9259406887755,248.5512063878996,3.8289267741831914,0.9484424757144526,sp500__naive_persistence__indicators__seed2026,sp500,indicators,2026,outputs/batches/markets_matched_origins_direct_h20/runs/sp500__naive_persistence__indicators__seed2026/artifacts/20260716_204959_754222,248.5512063878996,1.0
cnn1d,20,37,0.0439511962342998,0.0548797246583461,144.2380479763943,-0.27133133250383,116.13708345023475,145.44998490902586,4.297448238972311,0.9082178710268758,wig20__cnn1d__close__seed1,wig20,close,1,outputs/batches/markets_matched_origins_direct_h20/runs/wig20__cnn1d__close__seed1/artifacts/20260716_194523_051629,133.75027549774717,1.0874742827088664
dnfs,20,37,0.0437263738399592,0.0542102167106702,160.6324656892618,-0.2405012030610098,114.5574187096839,141.48600555017583,4.290768773458202,0.913152416733402,wig20__dnfs__close__seed1,wig20,close,1,outputs/batches/markets_matched_origins_direct_h20/runs/wig20__dnfs__close__seed1/artifacts/20260716_202803_865129,133.75027549774717,1.057837114904178
linear_regression,20,37,0.0446616471710481,0.0552281460382454,136.00487910213903,-0.2875254789949724,119.61085611052754,150.23205304994485,4.370230056549842,0.9020834798100558,wig20__linear_regression__close__seed1,wig20,close,1,outputs/batches/markets_matched_origins_direct_h20/runs/wig20__linear_regression__close__seed1/artifacts/20260716_194442_180094,133.75027549774717,1.1232279895563677
lstm_gru,20,37,0.0430586790857763,0.0530059094323279,124.53152935318444,-0.1859967073787269,113.90218318567828,141.07904257417982,4.216145869159235,0.9136513059393692,wig20__lstm_gru__close__seed1,wig20,close,1,outputs/batches/markets_matched_origins_direct_h20/runs/wig20__lstm_gru__close__seed1/artifacts/20260716_200953_231053,133.75027549774717,1.054794407332313
mlp,20,37,0.0430072926113262,0.0537934381106292,145.6398328313722,-0.2215001020516138,113.3398235215502,141.87689467387344,4.206567576057687,0.9126718791702092,wig20__mlp__close__seed1,wig20,close,1,outputs/batches/markets_matched_origins_direct_h20/runs/wig20__mlp__close__seed1/artifacts/20260716_195821_426320,133.75027549774717,1.0607596443886438
naive_persistence,20,37,0.0407503681458734,0.0508658401361443,100.0,-0.0921627169177283,107.11836201435813,133.75027549774717,4.015083319281507,0.9223895615737318,wig20__naive_persistence__close__seed1,wig20,close,1,outputs/batches/markets_matched_origins_direct_h20/runs/wig20__naive_persistence__close__seed1/artifacts/20260716_194427_840085,133.75027549774717,1.0
cnn1d,20,37,0.0431582892979028,0.0544079299091335,123.13177350377242,-0.249566310441081,113.27513599030308,143.5771642026115,4.217740587065251,0.9105662360744592,wig20__cnn1d__close__seed7,wig20,close,7,outputs/batches/markets_matched_origins_direct_h20/runs/wig20__cnn1d__close__seed7/artifacts/20260716_194655_970860,133.75027549774717,1.073471913745926
dnfs,20,37,0.0443625382166686,0.0550183488495013,137.6159118915397,-0.2777621177615257,116.42632959155344,143.69412420010698,4.349486774049312,0.9104204686975156,wig20__dnfs__close__seed7,wig20,close,7,outputs/batches/markets_matched_origins_direct_h20/runs/wig20__dnfs__close__seed7/artifacts/20260716_203044_088490,133.75027549774717,1.0743463792156998
linear_regression,20,37,0.0446616471710481,0.0552281460382454,136.00487910213903,-0.2875254789949724,119.61085611052754,150.23205304994485,4.370230056549842,0.9020834798100558,wig20__linear_regression__close__seed7,wig20,close,7,outputs/batches/markets_matched_origins_direct_h20/runs/wig20__linear_regression__close__seed7/artifacts/20260716_194445_092169,133.75027549774717,1.1232279895563677
lstm_gru,20,37,0.0429272463457899,0.052936588385205,122.64254616546953,-0.1828966464798895,113.65228896422435,141.13379526849104,4.204299175344007,0.9135842691776136,wig20__lstm_gru__close__seed7,wig20,close,7,outputs/batches/markets_matched_origins_direct_h20/runs/wig20__lstm_gru__close__seed7/artifacts/20260716_201148_170135,133.75027549774717,1.05520377242788
mlp,20,37,0.044075145267043,0.0556423736794901,148.46099698567622,-0.3069115617410729,115.30747057931356,144.82716802017794,4.309354932348116,0.9090022103731624,wig20__mlp__close__seed7,wig20,close,7,outputs/batches/markets_matched_origins_direct_h20/runs/wig20__mlp__close__seed7/artifacts/20260716_195936_844726,133.75027549774717,1.0828177174305509
naive_persistence,20,37,0.0407503681458734,0.0508658401361443,100.0,-0.0921627169177283,107.11836201435813,133.75027549774717,4.015083319281507,0.9223895615737318,wig20__naive_persistence__close__seed7,wig20,close,7,outputs/batches/markets_matched_origins_direct_h20/runs/wig20__naive_persistence__close__seed7/artifacts/20260716_194428_975222,133.75027549774717,1.0
cnn1d,20,37,0.0432369420905184,0.054404411683763,122.19962103555572,-0.2494047121680582,113.75106655686449,143.11861783820095,4.226983657165361,0.911136578035169,wig20__cnn1d__close__seed42,wig20,close,42,outputs/batches/markets_matched_origins_direct_h20/runs/wig20__cnn1d__close__seed42/artifacts/20260716_194825_498986,133.75027549774717,1.070043536774708
dnfs,20,37,0.0430611225505268,0.0534577284293774,137.50415204699405,-0.206301599762918,112.39461948336069,140.0976204953322,4.218161216986827,0.914848503609036,wig20__dnfs__close__seed42,wig20,close,42,outputs/batches/markets_matched_origins_direct_h20/runs/wig20__dnfs__close__seed42/artifacts/20260716_203321_864266,133.75027549774717,1.047456687277567
linear_regression,20,37,0.0446616471710481,0.0552281460382454,136.00487910213903,-0.2875254789949724,119.61085611052754,150.23205304994485,4.370230056549842,0.9020834798100558,wig20__linear_regression__close__seed42,wig20,close,42,outputs/batches/markets_matched_origins_direct_h20/runs/wig20__linear_regression__close__seed42/artifacts/20260716_194447_980802,133.75027549774717,1.1232279895563677
lstm_gru,20,37,0.0433732078964791,0.0537168769469685,124.40364741549006,-0.2180255920735745,114.86108819322858,143.12756460712058,4.24261568049339,0.9111254674562114,wig20__lstm_gru__close__seed42,wig20,close,42,outputs/batches/markets_matched_origins_direct_h20/runs/wig20__lstm_gru__close__seed42/artifacts/20260716_201347_617816,133.75027549774717,1.0701104283671652
mlp,20,37,0.0427463189528071,0.0540250764308592,137.61331667457523,-0.2320424817516759,112.52952104712948,141.92415668422464,4.187090817518721,0.9126136880178964,wig20__mlp__close__seed42,wig20,close,42,outputs/batches/markets_matched_origins_direct_h20/runs/wig20__mlp__close__seed42/artifacts/20260716_200054_514004,133.75027549774717,1.0611130044858499
naive_persistence,20,37,0.0407503681458734,0.0508658401361443,100.0,-0.0921627169177283,107.11836201435813,133.75027549774717,4.015083319281507,0.9223895615737318,wig20__naive_persistence__close__seed42,wig20,close,42,outputs/batches/markets_matched_origins_direct_h20/runs/wig20__naive_persistence__close__seed42/artifacts/20260716_194429_863249,133.75027549774717,1.0
cnn1d,20,37,0.0429252847904092,0.0539005013701763,126.70621611404788,-0.2263671612453766,113.06899859294818,141.75482167644572,4.19745446145257,0.912822091356738,wig20__cnn1d__close__seed123,wig20,close,123,outputs/batches/markets_matched_origins_direct_h20/runs/wig20__cnn1d__close__seed123/artifacts/20260716_194949_270640,133.75027549774717,1.0598469509607356
dnfs,20,37,0.0440901518102481,0.0542721011541778,132.6534167665182,-0.2433350432087717,116.72587817191292,144.45846607872943,4.313601797427351,0.9094649461278694,wig20__dnfs__close__seed123,wig20,close,123,outputs/batches/markets_matched_origins_direct_h20/runs/wig20__dnfs__close__seed123/artifacts/20260716_203556_634684,133.75027549774717,1.080061073079155
linear_regression,20,37,0.0446616471710481,0.0552281460382454,136.00487910213903,-0.2875254789949724,119.61085611052754,150.23205304994485,4.370230056549842,0.9020834798100558,wig20__linear_regression__close__seed123,wig20,close,123,outputs/batches/markets_matched_origins_direct_h20/runs/wig20__linear_regression__close__seed123/artifacts/20260716_194450_661831,133.75027549774717,1.1232279895563677
lstm_gru,20,37,0.0439665077485997,0.0542505608186049,123.94471607927302,-0.2423482916846413,116.64944011764568,144.99254513272436,4.302570106279872,0.908794272262546,wig20__lstm_gru__close__seed123,wig20,close,123,outputs/batches/markets_matched_origins_direct_h20/runs/wig20__lstm_gru__close__seed123/artifacts/20260716_201553_349583,133.75027549774717,1.084054179276562
mlp,20,37,0.0440317831387437,0.0549527517089855,151.52068564805882,-0.2747170400355927,115.96213056611865,143.79486914624653,4.309289122476423,0.9102948150044206,wig20__mlp__close__seed123,wig20,close,123,outputs/batches/markets_matched_origins_direct_h20/runs/wig20__mlp__close__seed123/artifacts/20260716_200214_194693,133.75027549774717,1.0750996109063606
naive_persistence,20,37,0.0407503681458734,0.0508658401361443,100.0,-0.0921627169177283,107.11836201435813,133.75027549774717,4.015083319281507,0.9223895615737318,wig20__naive_persistence__close__seed123,wig20,close,123,outputs/batches/markets_matched_origins_direct_h20/runs/wig20__naive_persistence__close__seed123/artifacts/20260716_194430_763412,133.75027549774717,1.0
cnn1d,20,37,0.0420555964669508,0.0537191227394332,118.74172328631812,-0.2181274405068178,110.38814678762095,141.50225515755272,4.109531513500206,0.9131324667720708,wig20__cnn1d__close__seed2026,wig20,close,2026,outputs/batches/markets_matched_origins_direct_h20/runs/wig20__cnn1d__close__seed2026/artifacts/20260716_195112_081531,133.75027549774717,1.0579586070455318
dnfs,20,37,0.0435936039987664,0.0538198687864732,137.87411265408386,-0.2227007319347855,114.93474545019303,142.3188299192338,4.270115748259429,0.9121269915443416,wig20__dnfs__close__seed2026,wig20,close,2026,outputs/batches/markets_matched_origins_direct_h20/runs/wig20__dnfs__close__seed2026/artifacts/20260716_203810_043554,133.75027549774717,1.0640638263330602
linear_regression,20,37,0.0446616471710481,0.0552281460382454,136.00487910213903,-0.2875254789949724,119.61085611052754,150.23205304994485,4.370230056549842,0.9020834798100558,wig20__linear_regression__close__seed2026,wig20,close,2026,outputs/batches/markets_matched_origins_direct_h20/runs/wig20__linear_regression__close__seed2026/artifacts/20260716_194453_406852,133.75027549774717,1.1232279895563677
lstm_gru,20,37,0.0436619991866387,0.0538750297483713,126.11803782675138,-0.225208352744364,115.77125727773873,143.9535632717902,4.273306361266662,0.9100967058322368,wig20__lstm_gru__close__seed2026,wig20,close,2026,outputs/batches/markets_matched_origins_direct_h20/runs/wig20__lstm_gru__close__seed2026/artifacts/20260716_201752_791241,133.75027549774717,1.0762861065973273
mlp,20,37,0.0427386764522658,0.0538049230639631,154.41218348152375,-0.2220217407403208,112.21309445808048,141.5978533388311,4.181968589664302,0.913015052623771,wig20__mlp__close__seed2026,wig20,close,2026,outputs/batches/markets_matched_origins_direct_h20/runs/wig20__mlp__close__seed2026/artifacts/20260716_200329_401785,133.75027549774717,1.0586733583305115
naive_persistence,20,37,0.0407503681458734,0.0508658401361443,100.0,-0.0921627169177283,107.11836201435813,133.75027549774717,4.015083319281507,0.9223895615737318,wig20__naive_persistence__close__seed2026,wig20,close,2026,outputs/batches/markets_matched_origins_direct_h20/runs/wig20__naive_persistence__close__seed2026/artifacts/20260716_194431_697884,133.75027549774717,1.0
cnn1d,20,37,0.0445923891661914,0.0546465898005146,134.33401114312846,-0.2605527763135626,117.04118472662918,144.07672419523334,4.388108986258709,0.9099428046837806,wig20__cnn1d__indicators__seed1,wig20,indicators,1,outputs/batches/markets_matched_origins_direct_h20/runs/wig20__cnn1d__indicators__seed1/artifacts/20260716_195248_717169,133.75027549774717,1.0772069340347648
dnfs,20,37,0.0459881165135976,0.0557598612073286,161.0020688936525,-0.3124364127659593,121.26265495631638,148.04732082435788,4.517652308136152,0.9049106516331702,wig20__dnfs__indicators__seed1,wig20,indicators,1,outputs/batches/markets_matched_origins_direct_h20/runs/wig20__dnfs__indicators__seed1/artifacts/20260716_204047_370712,133.75027549774717,1.1068935766554853
linear_regression,20,37,0.0444105023731442,0.0540358259023162,151.86395780305088,-0.2325328141653937,118.74165436118528,147.20914194860077,4.359483506467692,0.9059843119216268,wig20__linear_regression__indicators__seed1,wig20,indicators,1,outputs/batches/markets_matched_origins_direct_h20/runs/wig20__linear_regression__indicators__seed1/artifacts/20260716_194456_070583,133.75027549774717,1.1006268316141172
lstm_gru,20,37,0.0422569361109978,0.0523819633691125,119.28079609144216,-0.1582397032225733,110.8225946508491,137.64146670426615,4.143933693140741,0.917808037561296,wig20__lstm_gru__indicators__seed1,wig20,indicators,1,outputs/batches/markets_matched_origins_direct_h20/runs/wig20__lstm_gru__indicators__seed1/artifacts/20260716_201957_007637,133.75027549774717,1.0290929584409307
mlp,20,37,0.045260669377458,0.0541940045221983,149.51359071652374,-0.2397593417191765,118.6236763043852,141.91485216269533,4.46360919324633,0.9126251457032862,wig20__mlp__indicators__seed1,wig20,indicators,1,outputs/batches/markets_matched_origins_direct_h20/runs/wig20__mlp__indicators__seed1/artifacts/20260716_200449_711102,133.75027549774717,1.0610434381130354
naive_persistence,20,37,0.0407503681458734,0.0508658401361443,100.0,-0.0921627169177283,107.11836201435813,133.75027549774717,4.015083319281507,0.9223895615737318,wig20__naive_persistence__indicators__seed1,wig20,indicators,1,outputs/batches/markets_matched_origins_direct_h20/runs/wig20__naive_persistence__indicators__seed1/artifacts/20260716_194432_687108,133.75027549774717,1.0
cnn1d,20,37,0.0430373637128472,0.0530464576716682,130.34632335986927,-0.1878119190310336,112.68042155005222,139.46883477453255,4.23409954805799,0.915611141707005,wig20__cnn1d__indicators__seed7,wig20,indicators,7,outputs/batches/markets_matched_origins_direct_h20/runs/wig20__cnn1d__indicators__seed7/artifacts/20260716_195355_112603,133.75027549774717,1.042755495310226
dnfs,20,37,0.0447846572471058,0.0565858277627048,138.3441902525997,-0.3516064313263798,117.51193687023368,149.13549360241942,4.38040062057284,0.903507668936117,wig20__dnfs__indicators__seed7,wig20,indicators,7,outputs/batches/markets_matched_origins_direct_h20/runs/wig20__dnfs__indicators__seed7/artifacts/20260716_204229_745747,133.75027549774717,1.115029431135126
linear_regression,20,37,0.0444105023731442,0.0540358259023162,151.86395780305088,-0.2325328141653937,118.74165436118528,147.20914194860077,4.359483506467692,0.9059843119216268,wig20__linear_regression__indicators__seed7,wig20,indicators,7,outputs/batches/markets_matched_origins_direct_h20/runs/wig20__linear_regression__indicators__seed7/artifacts/20260716_194501_411525,133.75027549774717,1.1006268316141172
lstm_gru,20,37,0.0452176910648342,0.0547589457928489,140.59480144568354,-0.265741618225952,120.64903845175846,147.90756369732244,4.442039686342548,0.9050900961707884,wig20__lstm_gru__indicators__seed7,wig20,indicators,7,outputs/batches/markets_matched_origins_direct_h20/runs/wig20__lstm_gru__indicators__seed7/artifacts/20260716_202134_611557,133.75027549774717,1.1058486657084585
mlp,20,37,0.0413832430104263,0.0538437572048824,121.04683341971491,-0.2237863855987978,107.49916112669824,137.71071110755648,4.06494251434674,0.9177253188120246,wig20__mlp__indicators__seed7,wig20,indicators,7,outputs/batches/markets_matched_origins_direct_h20/runs/wig20__mlp__indicators__seed7/artifacts/20260716_200551_290458,133.75027549774717,1.0296106725393326
naive_persistence,20,37,0.0407503681458734,0.0508658401361443,100.0,-0.0921627169177283,107.11836201435813,133.75027549774717,4.015083319281507,0.9223895615737318,wig20__naive_persistence__indicators__seed7,wig20,indicators,7,outputs/batches/markets_matched_origins_direct_h20/runs/wig20__naive_persistence__indicators__seed7/artifacts/20260716_194434_600302,133.75027549774717,1.0
cnn1d,20,37,0.0436583161540873,0.0538274574101743,131.27611601719843,-0.2230455588586419,114.7440628301491,142.52159467770196,4.294778341695101,0.9118764239719104,wig20__cnn1d__indicators__seed42,wig20,indicators,42,outputs/batches/markets_matched_origins_direct_h20/runs/wig20__cnn1d__indicators__seed42/artifacts/20260716_195501_676316,133.75027549774717,1.0655798214045737
dnfs,20,37,0.0465104259358688,0.0579071155041415,170.88497333086886,-0.4154638014269132,121.91785074610694,152.4689832470681,4.561854068540957,0.8991458497314452,wig20__dnfs__indicators__seed42,wig20,indicators,42,outputs/batches/markets_matched_origins_direct_h20/runs/wig20__dnfs__indicators__seed42/artifacts/20260716_204414_312220,133.75027549774717,1.1399526668611328
linear_regression,20,37,0.0444105023731442,0.0540358259023162,151.86395780305088,-0.2325328141653937,118.74165436118528,147.20914194860077,4.359483506467692,0.9059843119216268,wig20__linear_regression__indicators__seed42,wig20,indicators,42,outputs/batches/markets_matched_origins_direct_h20/runs/wig20__linear_regression__indicators__seed42/artifacts/20260716_194506_838106,133.75027549774717,1.1006268316141172
lstm_gru,20,37,0.0426974596942386,0.0520703514759787,141.99349762014953,-0.1445003276003456,112.00941874001896,136.55732348451514,4.19027294894903,0.9190977205121136,wig20__lstm_gru__indicators__seed42,wig20,indicators,42,outputs/batches/markets_matched_origins_direct_h20/runs/wig20__lstm_gru__indicators__seed42/artifacts/20260716_202313_913091,133.75027549774717,1.0209872314380037
mlp,20,37,0.0437364920779638,0.053791406753321,142.15805533134727,-0.2214078507883861,114.09722734075004,140.17014100564575,4.305624880037173,0.9147603246916248,wig20__mlp__indicators__seed42,wig20,indicators,42,outputs/batches/markets_matched_origins_direct_h20/runs/wig20__mlp__indicators__seed42/artifacts/20260716_200649_265387,133.75027549774717,1.0479988955836335
naive_persistence,20,37,0.0407503681458734,0.0508658401361443,100.0,-0.0921627169177283,107.11836201435813,133.75027549774717,4.015083319281507,0.9223895615737318,wig20__naive_persistence__indicators__seed42,wig20,indicators,42,outputs/batches/markets_matched_origins_direct_h20/runs/wig20__naive_persistence__indicators__seed42/artifacts/20260716_194436_547476,133.75027549774717,1.0
cnn1d,20,37,0.0439721894992736,0.0534604554801619,136.1637643207819,-0.2064246775564677,114.71726149581433,139.8849923180416,4.324537726286309,0.9151067787722622,wig20__cnn1d__indicators__seed123,wig20,indicators,123,outputs/batches/markets_matched_origins_direct_h20/runs/wig20__cnn1d__indicators__seed123/artifacts/20260716_195609_326566,133.75027549774717,1.045866947170496
dnfs,20,37,0.0443911375051514,0.0541529817047091,156.4003051234936,-0.2378831499632527,116.8001231289433,142.0291179631901,4.359350890959609,0.91248438556555,wig20__dnfs__indicators__seed123,wig20,indicators,123,outputs/batches/markets_matched_origins_direct_h20/runs/wig20__dnfs__indicators__seed123/artifacts/20260716_204559_273887,133.75027549774717,1.061897760095323
linear_regression,20,37,0.0444105023731442,0.0540358259023162,151.86395780305088,-0.2325328141653937,118.74165436118528,147.20914194860077,4.359483506467692,0.9059843119216268,wig20__linear_regression__indicators__seed123,wig20,indicators,123,outputs/batches/markets_matched_origins_direct_h20/runs/wig20__linear_regression__indicators__seed123/artifacts/20260716_194512_181521,133.75027549774717,1.1006268316141172
lstm_gru,20,37,0.0436636549431962,0.0540685974510129,134.32353349924549,-0.2340282759965342,114.5140210517756,141.99558739462083,4.27652375180532,0.9125257024724917,wig20__lstm_gru__indicators__seed123,wig20,indicators,123,outputs/batches/markets_matched_origins_direct_h20/runs/wig20__lstm_gru__indicators__seed123/artifacts/20260716_202453_399709,133.75027549774717,1.0616470647719343
mlp,20,37,0.0440825149848408,0.0534091670325876,143.26235158714334,-0.20411096857667,116.03202802669134,141.16673747634331,4.344062759337617,0.9135439236715668,wig20__mlp__indicators__seed123,wig20,indicators,123,outputs/batches/markets_matched_origins_direct_h20/runs/wig20__mlp__indicators__seed123/artifacts/20260716_200751_634831,133.75027549774717,1.0554500688016981
naive_persistence,20,37,0.0407503681458734,0.0508658401361443,100.0,-0.0921627169177283,107.11836201435813,133.75027549774717,4.015083319281507,0.9223895615737318,wig20__naive_persistence__indicators__seed123,wig20,indicators,123,outputs/batches/markets_matched_origins_direct_h20/runs/wig20__naive_persistence__indicators__seed123/artifacts/20260716_194438_501236,133.75027549774717,1.0
cnn1d,20,37,0.0419774552111458,0.0527080890261753,117.67292607064776,-0.1727068030630028,109.17432739093982,138.14242616745756,4.1205541467749605,0.9172086575592762,wig20__cnn1d__indicators__seed2026,wig20,indicators,2026,outputs/batches/markets_matched_origins_direct_h20/runs/wig20__cnn1d__indicators__seed2026/artifacts/20260716_195714_289471,133.75027549774717,1.0328384420395782
dnfs,20,37,0.0454578958643627,0.0554583056152814,166.93220087243924,-0.2982791914329985,119.2154431667173,146.77101825751902,4.461488390108974,0.9065430979341608,wig20__dnfs__indicators__seed2026,wig20,indicators,2026,outputs/batches/markets_matched_origins_direct_h20/runs/wig20__dnfs__indicators__seed2026/artifacts/20260716_204742_622312,133.75027549774717,1.097351147213085
linear_regression,20,37,0.0444105023731442,0.0540358259023162,151.86395780305088,-0.2325328141653937,118.74165436118528,147.20914194860077,4.359483506467692,0.9059843119216268,wig20__linear_regression__indicators__seed2026,wig20,indicators,2026,outputs/batches/markets_matched_origins_direct_h20/runs/wig20__linear_regression__indicators__seed2026/artifacts/20260716_194517_713650,133.75027549774717,1.1006268316141172
lstm_gru,20,37,0.0428979116316695,0.0533748490420188,122.12836875670948,-0.2025640658539713,112.50867192286556,140.613960377607,4.2104947082936,0.9142196829988064,wig20__lstm_gru__indicators__seed2026,wig20,indicators,2026,outputs/batches/markets_matched_origins_direct_h20/runs/wig20__lstm_gru__indicators__seed2026/artifacts/20260716_202628_169523,133.75027549774717,1.0513171644268906
mlp,20,37,0.0436927095738669,0.053483999099033,129.64140135435375,-0.2074875138875871,114.02602418789404,138.07251626281095,4.306787638142944,0.9172924329852988,wig20__mlp__indicators__seed2026,wig20,indicators,2026,outputs/batches/markets_matched_origins_direct_h20/runs/wig20__mlp__indicators__seed2026/artifacts/20260716_200852_205966,133.75027549774717,1.0323157522403503
naive_persistence,20,37,0.0407503681458734,0.0508658401361443,100.0,-0.0921627169177283,107.11836201435813,133.75027549774717,4.015083319281507,0.9223895615737318,wig20__naive_persistence__indicators__seed2026,wig20,indicators,2026,outputs/batches/markets_matched_origins_direct_h20/runs/wig20__naive_persistence__indicators__seed2026/artifacts/20260716_194440_285285,133.75027549774717,1.0
